Span,Height,Amplitude,Beam_tip_depth,Beam_start_depth,bc_X_position,deflection,weight
-0.730957031,-2.516601563,0.314941406,0.773730469,1.420410156,4.536132813,70.916017,373386.1291
-1.339355469,-2.516601563,0.314941406,0.773730469,1.420410156,4.536132813,79.156323,381084.2693
-0.730957031,1.497070313,0.314941406,0.773730469,1.420410156,4.536132813,81.301878,392107.9643
-0.730957031,-2.516601563,0.253417969,0.773730469,1.420410156,4.536132813,70.796428,372840.3055
-0.730957031,-2.516601563,0.314941406,0.348535156,1.420410156,4.536132813,71.149362,348020.8403
-0.730957031,-2.516601563,0.314941406,0.773730469,1.127441406,4.536132813,93.957363,343292.5948
-0.730957031,-2.516601563,0.314941406,0.773730469,1.420410156,1.274414063,62.477609,393945.4284
-0.730957031,1.497070313,0.253417969,0.348535156,1.127441406,1.274414063,102.220443,352461.7859
-1.339355469,-2.516601563,0.253417969,0.348535156,1.127441406,1.274414063,102.854849,344729.0842
-1.339355469,1.497070313,0.314941406,0.348535156,1.127441406,1.274414063,113.167323,359180.3397
-1.339355469,1.497070313,0.253417969,0.773730469,1.127441406,1.274414063,105.472502,385383.7346
-1.339355469,1.497070313,0.253417969,0.348535156,1.420410156,1.274414063,79.711979,390338.7139
-1.339355469,1.497070313,0.253417969,0.348535156,1.127441406,4.536132813,122.562968,340822.0558
-1.339355469,1.497070313,0.253417969,0.348535156,1.127441406,1.274414063,113.029294,358813.2178
1.019042969,-0.016601563,-1.435058594,0.423730469,2.170410156,2.036132813,33.78182,419125.9277
0.410644531,-0.016601563,-1.435058594,0.423730469,2.170410156,2.036132813,37.589132,428613.8574
1.019042969,-1.002929688,-1.435058594,0.423730469,2.170410156,2.036132813,32.273358,414373.5741
1.019042969,-0.016601563,-1.496582031,0.423730469,2.170410156,2.036132813,33.871977,419050.8227
1.019042969,-0.016601563,-1.435058594,0.698535156,2.170410156,2.036132813,34.774896,434642.2185
1.019042969,-0.016601563,-1.435058594,0.423730469,1.877441406,2.036132813,38.179094,390782.0052
1.019042969,-0.016601563,-1.435058594,0.423730469,2.170410156,3.774414063,35.575562,407971.3498
1.019042969,-1.002929688,-1.496582031,0.698535156,1.877441406,3.774414063,38.978691,389865.0199
0.410644531,-0.016601563,-1.496582031,0.698535156,1.877441406,3.774414063,45.917977,403828.6579
0.410644531,-1.002929688,-1.435058594,0.698535156,1.877441406,3.774414063,43.712257,398999.7768
0.410644531,-1.002929688,-1.496582031,0.423730469,1.877441406,3.774414063,42.723587,382937.7135
0.410644531,-1.002929688,-1.496582031,0.698535156,2.170410156,3.774414063,39.214484,427874.2241
0.410644531,-1.002929688,-1.496582031,0.698535156,1.877441406,2.036132813,41.83762,410759.9926
0.410644531,-1.002929688,-1.496582031,0.698535156,1.877441406,3.774414063,43.781253,398836.3019
1.894042969,-1.266601563,1.189941406,0.948730469,1.795410156,0.786132813,34.190617,417714.2831
-0.464355469,-1.266601563,1.189941406,0.948730469,1.795410156,0.786132813,50.467135,453649.2169
1.894042969,-2.252929688,1.189941406,0.948730469,1.795410156,0.786132813,32.880391,414397.3376
1.894042969,-1.266601563,-0.621582031,0.948730469,1.795410156,0.786132813,32.761284,404826.5448
1.894042969,-1.266601563,1.189941406,0.873535156,1.795410156,0.786132813,33.918178,413711.464
1.894042969,-1.266601563,1.189941406,0.948730469,2.252441406,0.786132813,29.550601,459570.8862
1.894042969,-1.266601563,1.189941406,0.948730469,1.795410156,2.524414063,34.178913,407216.0854
1.894042969,-2.252929688,-0.621582031,0.873535156,2.252441406,2.524414063,26.417705,425731.7953
-0.464355469,-1.266601563,-0.621582031,0.873535156,2.252441406,2.524414063,42.167691,470574.6245
-0.464355469,-2.252929688,1.189941406,0.873535156,2.252441406,2.524414063,42.209996,480938.5198
-0.464355469,-2.252929688,-0.621582031,0.948730469,2.252441406,2.524414063,41.127167,471250.8204
-0.464355469,-2.252929688,-0.621582031,0.873535156,1.795410156,2.524414063,48.488111,420358.6006
-0.464355469,-2.252929688,-0.621582031,0.873535156,2.252441406,0.786132813,39.809496,480531.8625
-0.464355469,-2.252929688,-0.621582031,0.873535156,2.252441406,2.524414063,40.682686,466818.0799
0.144042969,1.233398438,-0.560058594,0.598730469,1.045410156,3.286132813,94.692951,331432.7027
1.285644531,1.233398438,-0.560058594,0.598730469,1.045410156,3.286132813,76.738701,319751.7079
0.144042969,0.247070313,-0.560058594,0.598730469,1.045410156,3.286132813,91.616087,326621.4168
0.144042969,1.233398438,1.128417969,0.598730469,1.045410156,3.286132813,98.324095,344201.8199
0.144042969,1.233398438,-0.560058594,0.523535156,1.045410156,3.286132813,95.74299,327043.9862
0.144042969,1.233398438,-0.560058594,0.598730469,1.502441406,3.286132813,58.954381,377435.8761
0.144042969,1.233398438,-0.560058594,0.598730469,1.045410156,0.024414063,94.346785,354137.7604
0.144042969,0.247070313,1.128417969,0.523535156,1.502441406,0.024414063,58.017456,401181.4765
1.285644531,1.233398438,1.128417969,0.523535156,1.502441406,0.024414063,50.657795,390995.5558
1.285644531,0.247070313,-0.560058594,0.523535156,1.502441406,0.024414063,45.865907,376436.8455
1.285644531,0.247070313,1.128417969,0.598730469,1.502441406,0.024414063,48.080653,390818.2959
1.285644531,0.247070313,1.128417969,0.523535156,1.045410156,0.024414063,78.958564,343160.4711
1.285644531,0.247070313,1.128417969,0.523535156,1.502441406,3.286132813,47.476581,367587.0314
1.285644531,0.247070313,1.128417969,0.523535156,1.502441406,0.024414063,48.119323,386660.4381
-0.293457031,-0.641601563,-0.997558594,0.511230469,1.232910156,3.911132813,78.79792,335175.8596
-0.026855469,-0.641601563,-0.997558594,0.511230469,1.232910156,3.911132813,75.03943,332193.8133
-0.293457031,-2.877929688,-0.997558594,0.511230469,1.232910156,3.911132813,74.715138,326454.9872
-0.293457031,-0.641601563,-0.184082031,0.511230469,1.232910156,3.911132813,77.94235,340166.5494
-0.293457031,-0.641601563,-0.997558594,0.786035156,1.232910156,3.911132813,78.191682,351462.7182
-0.293457031,-0.641601563,-0.997558594,0.511230469,2.439941406,3.911132813,41.700707,458009.2687
-0.293457031,-0.641601563,-0.997558594,0.511230469,1.232910156,0.649414063,76.059701,358511.5361
-0.293457031,-2.877929688,-0.184082031,0.786035156,2.439941406,0.649414063,35.52757,492510.7894
-0.026855469,-0.641601563,-0.184082031,0.786035156,2.439941406,0.649414063,37.191839,495295.4142
-0.026855469,-2.877929688,-0.997558594,0.786035156,2.439941406,0.649414063,34.18716,484886.1203
-0.026855469,-2.877929688,-0.184082031,0.511230469,2.439941406,0.649414063,32.915265,471726.4005
-0.026855469,-2.877929688,-0.184082031,0.786035156,1.232910156,0.649414063,66.42279,367701.4102
-0.026855469,-2.877929688,-0.184082031,0.786035156,2.439941406,3.911132813,38.085191,464320.2975
-0.026855469,-2.877929688,-0.184082031,0.786035156,2.439941406,0.649414063,33.991912,487598.5431
1.456542969,1.858398438,0.752441406,0.861230469,1.982910156,1.411132813,38.290313,444369.1891
1.723144531,1.858398438,0.752441406,0.861230469,1.982910156,1.411132813,36.678115,440319.472
1.456542969,-0.377929688,0.752441406,0.861230469,1.982910156,1.411132813,34.042816,432309.0536
1.456542969,1.858398438,1.565917969,0.861230469,1.982910156,1.411132813,40.181346,452605.0689
1.456542969,1.858398438,0.752441406,0.436035156,1.982910156,1.411132813,36.766359,420776.2196
1.456542969,1.858398438,0.752441406,0.861230469,1.689941406,1.411132813,43.078143,416403.5995
1.456542969,1.858398438,0.752441406,0.861230469,1.982910156,3.149414063,39.708003,435703.3591
1.456542969,-0.377929688,1.565917969,0.436035156,1.689941406,3.149414063,40.558944,380984.2254
1.723144531,1.858398438,1.565917969,0.436035156,1.689941406,3.149414063,42.756305,389410.5923
1.723144531,-0.377929688,0.752441406,0.436035156,1.689941406,3.149414063,36.906947,368826.3104
1.723144531,-0.377929688,1.565917969,0.861230469,1.689941406,3.149414063,39.829534,400914.7517
1.723144531,-0.377929688,1.565917969,0.436035156,1.982910156,3.149414063,33.6844,405108.2724
1.723144531,-0.377929688,1.565917969,0.436035156,1.689941406,1.411132813,37.910876,386220.4629
1.723144531,-0.377929688,1.565917969,0.436035156,1.689941406,3.149414063,38.63308,377703.3909
0.581542969,-1.891601563,-0.122558594,0.336230469,2.357910156,0.161132813,31.557601,450601.001
-0.901855469,-1.891601563,-0.122558594,0.336230469,2.357910156,0.161132813,40.194129,475534.0841
0.581542969,0.872070313,-0.122558594,0.336230469,2.357910156,0.161132813,36.157862,462357.5451
0.581542969,-1.891601563,0.690917969,0.336230469,2.357910156,0.161132813,32.387684,455971.4696
0.581542969,-1.891601563,-0.122558594,0.611035156,2.357910156,0.161132813,32.238053,466033.7467
0.581542969,-1.891601563,-0.122558594,0.336230469,1.314941406,0.161132813,58.576988,349859.8812
0.581542969,-1.891601563,-0.122558594,0.336230469,2.357910156,4.399414063,35.270341,422266.2991
0.581542969,0.872070313,0.690917969,0.611035156,1.314941406,4.399414063,67.2704,357217.0269
-0.901855469,-1.891601563,0.690917969,0.611035156,1.314941406,4.399414063,80.622892,361235.3997
-0.901855469,0.872070313,-0.122558594,0.611035156,1.314941406,4.399414063,86.443147,366861.8451
-0.901855469,0.872070313,0.690917969,0.336230469,1.314941406,4.399414063,89.716838,356735.2445
-0.901855469,0.872070313,0.690917969,0.611035156,2.357910156,4.399414063,55.989215,483373.7401
-0.901855469,0.872070313,0.690917969,0.611035156,1.314941406,0.161132813,80.349998,398487.9864
-0.901855469,0.872070313,0.690917969,0.611035156,1.314941406,4.399414063,87.717056,373568.4445
-1.168457031,0.608398438,1.627441406,0.686230469,1.607910156,2.661132813,68.18267,428243.0019
0.848144531,0.608398438,1.627441406,0.686230469,1.607910156,2.661132813,49.136687,402270.5479
-1.168457031,-1.627929688,1.627441406,0.686230469,1.607910156,2.661132813,63.627773,419215.8644
-1.168457031,0.608398438,-1.059082031,0.686230469,1.607910156,2.661132813,66.492747,409136.5907
-1.168457031,0.608398438,1.627441406,0.961035156,1.607910156,2.661132813,69.668183,445499.3496
-1.168457031,0.608398438,1.627441406,0.686230469,2.064941406,2.661132813,55.201383,477401.6047
-1.168457031,0.608398438,1.627441406,0.686230469,1.607910156,1.899414063,66.884848,432397.9008
-1.168457031,-1.627929688,-1.059082031,0.961035156,2.064941406,1.899414063,50.04099,470399.1483
0.848144531,0.608398438,-1.059082031,0.961035156,2.064941406,1.899414063,38.963441,447038.6445
0.848144531,-1.627929688,1.627441406,0.961035156,2.064941406,1.899414063,37.197237,456780.6936
0.848144531,-1.627929688,-1.059082031,0.686230469,2.064941406,1.899414063,34.104559,420844.9228
0.848144531,-1.627929688,-1.059082031,0.961035156,1.607910156,1.899414063,43.912267,392305.0539
0.848144531,-1.627929688,-1.059082031,0.961035156,2.064941406,2.661132813,35.81706,430738.4354
0.848144531,-1.627929688,-1.059082031,0.961035156,2.064941406,1.899414063,35.315928,436236.345
-1.277832031,-2.047851563,-1.325683594,0.620605469,1.936035156,1.254882813,51.623635,440984.0079
1.832519531,-2.047851563,-1.325683594,0.620605469,1.936035156,1.254882813,29.735238,392565.9955
-1.277832031,1.028320313,-1.325683594,0.620605469,1.936035156,1.254882813,57.240723,453792.9821
-1.277832031,-2.047851563,-1.387207031,0.620605469,1.936035156,1.254882813,51.795915,440899.0958
-1.277832031,-2.047851563,-1.325683594,0.589160156,1.936035156,1.254882813,51.501158,439001.8787
-1.277832031,-2.047851563,-1.325683594,0.620605469,2.111816406,1.254882813,47.769596,459696.9278
-1.277832031,-2.047851563,-1.325683594,0.620605469,1.936035156,1.118164063,51.64361,442174.9946
-1.277832031,1.028320313,-1.387207031,0.589160156,2.111816406,1.118164063,53.448926,471829.6834
1.832519531,-2.047851563,-1.387207031,0.589160156,2.111816406,1.118164063,27.621555,408084.3824
1.832519531,1.028320313,-1.325683594,0.589160156,2.111816406,1.118164063,31.964164,422852.2013
1.832519531,1.028320313,-1.387207031,0.620605469,2.111816406,1.118164063,32.166155,424554.1212
1.832519531,1.028320313,-1.387207031,0.589160156,1.936035156,1.118164063,34.210869,406300.079
1.832519531,1.028320313,-1.387207031,0.589160156,2.111816406,1.254882813,31.98478,421755.9649
1.832519531,1.028320313,-1.387207031,0.589160156,2.111816406,1.118164063,32.052329,422803.967
0.472167969,0.452148438,0.424316406,0.970605469,1.186035156,3.754882813,73.930143,364089.4604
0.082519531,0.452148438,0.424316406,0.970605469,1.186035156,3.754882813,79.300845,368641.7978
0.472167969,-1.471679688,0.424316406,0.970605469,1.186035156,3.754882813,69.44351,355285.5718
0.472167969,0.452148438,0.362792969,0.970605469,1.186035156,3.754882813,73.816665,363567.8095
0.472167969,0.452148438,0.424316406,0.939160156,1.186035156,3.754882813,73.806844,362259.3959
0.472167969,0.452148438,0.424316406,0.970605469,1.361816406,3.754882813,63.011311,381408.1961
0.472167969,0.452148438,0.424316406,0.970605469,1.186035156,3.618164063,73.414309,364677.598
0.472167969,-1.471679688,0.362792969,0.939160156,1.361816406,3.618164063,58.200822,370728.6784
0.082519531,0.452148438,0.362792969,0.939160156,1.361816406,3.618164063,66.704904,384507.613
0.082519531,-1.471679688,0.424316406,0.939160156,1.361816406,3.618164063,62.613815,376238.3973
0.082519531,-1.471679688,0.362792969,0.970605469,1.361816406,3.618164063,62.680026,377553.7796
0.082519531,-1.471679688,0.362792969,0.939160156,1.186035156,3.618164063,73.928856,358264.0322
0.082519531,-1.471679688,0.362792969,0.939160156,1.361816406,3.754882813,63.024174,375028.0794
0.082519531,-1.471679688,0.362792969,0.939160156,1.361816406,3.618164063,62.522856,375710.3909
1.347167969,-0.797851563,-0.450683594,0.445605469,1.561035156,2.504882813,40.88877,354473.4379
0.957519531,-0.797851563,-0.450683594,0.445605469,1.561035156,2.504882813,43.978335,359421.1178
1.347167969,-2.721679688,-0.450683594,0.445605469,1.561035156,2.504882813,38.680224,347155.9876
1.347167969,-0.797851563,1.237792969,0.445605469,1.561035156,2.504882813,42.572997,368119.2146
1.347167969,-0.797851563,-0.450683594,0.764160156,1.561035156,2.504882813,41.189607,371762.2657
1.347167969,-0.797851563,-0.450683594,0.445605469,1.736816406,2.504882813,36.523866,370936.232
1.347167969,-0.797851563,-0.450683594,0.445605469,1.561035156,4.868164063,45.059456,342853.9713
1.347167969,-2.721679688,1.237792969,0.764160156,1.736816406,4.868164063,42.204884,385064.1908
0.957519531,-0.797851563,1.237792969,0.764160156,1.736816406,4.868164063,48.736042,398542.4809
0.957519531,-2.721679688,-0.450683594,0.764160156,1.736816406,4.868164063,42.102555,373186.5269
0.957519531,-2.721679688,1.237792969,0.445605469,1.736816406,4.868164063,44.025816,372491.557
0.957519531,-2.721679688,1.237792969,0.764160156,1.561035156,4.868164063,49.930963,373381.3247
0.957519531,-2.721679688,1.237792969,0.764160156,1.736816406,2.504882813,39.045446,400624.3485
0.957519531,-2.721679688,1.237792969,0.764160156,1.736816406,4.868164063,45.697323,390221.8198
-0.402832031,1.702148438,1.299316406,0.795605469,2.311035156,0.004882813,50.082789,516941.5886
-0.792480469,1.702148438,1.299316406,0.795605469,2.311035156,0.004882813,52.776061,523552.1638
-0.402832031,-0.221679688,1.299316406,0.795605469,2.311035156,0.004882813,44.936693,507542.1376
-0.402832031,1.702148438,-0.512207031,0.795605469,2.311035156,0.004882813,46.878722,505587.1863
-0.402832031,1.702148438,1.299316406,0.414160156,2.311035156,0.004882813,48.08621,493696.9271
-0.402832031,1.702148438,1.299316406,0.795605469,2.486816406,0.004882813,48.611432,535325.0056
-0.402832031,1.702148438,1.299316406,0.795605469,2.311035156,2.368164063,47.698906,501974.977
-0.402832031,-0.221679688,-0.512207031,0.414160156,2.486816406,2.368164063,38.52735,472523.9043
-0.792480469,1.702148438,-0.512207031,0.414160156,2.486816406,2.368164063,44.992807,489842.387
-0.792480469,-0.221679688,1.299316406,0.414160156,2.486816406,2.368164063,42.803482,493233.4199
-0.792480469,-0.221679688,-0.512207031,0.795605469,2.486816406,2.368164063,43.12437,502235.9378
-0.792480469,-0.221679688,-0.512207031,0.414160156,2.311035156,2.368164063,42.899735,460889.3658
-0.792480469,-0.221679688,-0.512207031,0.414160156,2.486816406,0.004882813,41.325131,497724.591
-0.792480469,-0.221679688,-0.512207031,0.414160156,2.486816406,2.368164063,41.056385,479171.7343
0.034667969,-1.422851563,0.861816406,0.708105469,2.498535156,1.879882813,35.697861,490948.5288
0.520019531,-1.422851563,0.861816406,0.708105469,2.498535156,1.879882813,32.983143,482307.2659
0.034667969,-2.096679688,0.861816406,0.708105469,2.498535156,1.879882813,34.805113,488512.0448
0.034667969,-1.422851563,1.675292969,0.708105469,2.498535156,1.879882813,37.37506,500296.5153
0.034667969,-1.422851563,0.861816406,0.851660156,2.498535156,1.879882813,36.429427,499304.7457
0.034667969,-1.422851563,0.861816406,0.708105469,1.549316406,1.879882813,51.565742,396185.5903
0.034667969,-1.422851563,0.861816406,0.708105469,2.498535156,1.743164063,35.608349,491851.7608
0.034667969,-2.096679688,1.675292969,0.851660156,1.549316406,1.743164063,53.17821,411459.3204
0.520019531,-1.422851563,1.675292969,0.851660156,1.549316406,1.743164063,49.991923,407099.1327
0.520019531,-2.096679688,0.861816406,0.851660156,1.549316406,1.743164063,46.816075,396455.9695
0.520019531,-2.096679688,1.675292969,0.708105469,1.549316406,1.743164063,48.633342,396583.5078
0.520019531,-2.096679688,1.675292969,0.851660156,2.498535156,1.743164063,34.35625,498557.4783
0.520019531,-2.096679688,1.675292969,0.851660156,1.549316406,1.879882813,49.063749,404033.562
0.520019531,-2.096679688,1.675292969,0.851660156,1.549316406,1.743164063,49.003739,404876.4603
1.784667969,1.077148438,-0.888183594,0.358105469,1.748535156,4.379882813,39.51763,359725.2503
-1.229980469,1.077148438,-0.888183594,0.358105469,1.748535156,4.379882813,68.994814,397724.4956
1.784667969,0.403320313,-0.888183594,0.358105469,1.748535156,4.379882813,38.052705,355688.5656
1.784667969,1.077148438,-0.074707031,0.358105469,1.748535156,4.379882813,39.481436,365199.8989
1.784667969,1.077148438,-0.888183594,0.501660156,1.748535156,4.379882813,39.826657,367541.7695
1.784667969,1.077148438,-0.888183594,0.358105469,2.299316406,4.379882813,32.70638,411030.3384
1.784667969,1.077148438,-0.888183594,0.358105469,1.748535156,4.243164063,39.202923,360255.3494
1.784667969,0.403320313,-0.074707031,0.501660156,2.299316406,4.243164063,31.953439,420110.1699
-1.229980469,1.077148438,-0.074707031,0.501660156,2.299316406,4.243164063,57.285398,470917.6704
-1.229980469,0.403320313,-0.888183594,0.501660156,2.299316406,4.243164063,55.198612,462380.5892
-1.229980469,0.403320313,-0.074707031,0.358105469,2.299316406,4.243164063,54.563644,458156.0591
-1.229980469,0.403320313,-0.074707031,0.501660156,1.748535156,4.243164063,66.378389,408645.8377
-1.229980469,0.403320313,-0.074707031,0.501660156,2.299316406,4.379882813,56.461746,466413.5315
-1.229980469,0.403320313,-0.074707031,0.501660156,2.299316406,4.243164063,55.523867,467038.6338
0.909667969,-2.672851563,1.736816406,0.883105469,1.373535156,3.129882813,53.838246,375816.6785
1.395019531,-2.672851563,1.736816406,0.883105469,1.373535156,3.129882813,49.244438,369823.1823
0.909667969,1.653320313,1.736816406,0.883105469,1.373535156,3.129882813,62.346811,394620.3312
0.909667969,-2.672851563,-0.949707031,0.883105469,1.373535156,3.129882813,50.475371,352598.5182
0.909667969,-2.672851563,1.736816406,0.326660156,1.373535156,3.129882813,55.174434,344341.878
0.909667969,-2.672851563,1.736816406,0.883105469,1.924316406,3.129882813,39.090179,429096.0023
0.909667969,-2.672851563,1.736816406,0.883105469,1.373535156,2.993164063,53.552631,376475.448
0.909667969,1.653320313,-0.949707031,0.326660156,1.924316406,2.993164063,41.277839,395901.1661
1.395019531,-2.672851563,-0.949707031,0.326660156,1.924316406,2.993164063,31.24907,368172.5904
1.395019531,1.653320313,1.736816406,0.326660156,1.924316406,2.993164063,40.210555,411246.5908
1.395019531,1.653320313,-0.949707031,0.883105469,1.924316406,2.993164063,39.927331,420317.0116
1.395019531,1.653320313,-0.949707031,0.326660156,1.373535156,2.993164063,54.203151,336694.8385
1.395019531,1.653320313,-0.949707031,0.326660156,1.924316406,3.129882813,38.058162,388602.8899
1.395019531,1.653320313,-0.949707031,0.326660156,1.924316406,2.993164063,37.860259,389342.5074
-0.840332031,-0.172851563,-0.013183594,0.533105469,2.123535156,0.629882813,45.749072,465014.7877
-0.354980469,-0.172851563,-0.013183594,0.533105469,2.123535156,0.629882813,42.392428,457278.9031
-0.840332031,-0.846679688,-0.013183594,0.533105469,2.123535156,0.629882813,44.536445,462282.0625
-0.840332031,-0.172851563,0.800292969,0.533105469,2.123535156,0.629882813,46.530528,470405.8921
-0.840332031,-0.172851563,-0.013183594,0.676660156,2.123535156,0.629882813,46.361774,473713.6178
-0.840332031,-0.172851563,-0.013183594,0.533105469,1.174316406,0.629882813,88.65904,366240.0886
-0.840332031,-0.172851563,-0.013183594,0.533105469,2.123535156,0.493164063,45.897244,466130.867
-0.840332031,-0.846679688,0.800292969,0.676660156,1.174316406,0.493164063,87.340079,378730.4757
-0.354980469,-0.172851563,0.800292969,0.676660156,1.174316406,0.493164063,82.168531,375358.9696
-0.354980469,-0.846679688,-0.013183594,0.676660156,1.174316406,0.493164063,79.068531,367820.5892
-0.354980469,-0.846679688,0.800292969,0.533105469,1.174316406,0.493164063,81.720064,364464.661
-0.354980469,-0.846679688,0.800292969,0.676660156,2.123535156,0.493164063,42.704956,469638.3308
-0.354980469,-0.846679688,0.800292969,0.676660156,1.174316406,0.629882813,80.308631,371919.5623
-0.354980469,-0.846679688,0.800292969,0.676660156,1.174316406,0.493164063,80.486303,372985.6185
-1.059082031,-1.110351563,1.955566406,0.314355469,1.092285156,0.317382813,118.853813,360164.9293
0.301269531,-1.110351563,1.955566406,0.314355469,1.092285156,0.317382813,94.836641,346265.4489
-1.059082031,-1.784179688,1.955566406,0.314355469,1.092285156,0.317382813,116.949732,358341.3144
-1.059082031,-1.110351563,1.894042969,0.314355469,1.092285156,0.317382813,118.186804,359623.4268
-1.059082031,-1.110351563,1.955566406,0.457910156,1.092285156,0.317382813,113.000127,369153.8032
-1.059082031,-1.110351563,1.955566406,0.314355469,1.080566406,0.317382813,121.032037,358990.2307
-1.059082031,-1.110351563,1.955566406,0.314355469,1.092285156,0.805664063,117.897665,356571.4898
-1.059082031,-1.784179688,1.894042969,0.457910156,1.080566406,0.805664063,111.620531,361896.5468
0.301269531,-1.110351563,1.894042969,0.457910156,1.080566406,0.805664063,90.353381,349571.2296
0.301269531,-1.784179688,1.955566406,0.457910156,1.080566406,0.805664063,89.333809,348177.9193
0.301269531,-1.784179688,1.894042969,0.314355469,1.080566406,0.805664063,93.434993,339138.2976
0.301269531,-1.784179688,1.894042969,0.457910156,1.092285156,0.805664063,87.270858,348676.5301
0.301269531,-1.784179688,1.894042969,0.457910156,1.080566406,0.317382813,89.592455,351131.4517
0.301269531,-1.784179688,1.894042969,0.457910156,1.080566406,0.805664063,88.788033,347574.523
0.690917969,1.389648438,0.205566406,0.664355469,1.842285156,2.817382813,44.051529,415924.7799
-1.448730469,1.389648438,0.205566406,0.664355469,1.842285156,2.817382813,62.488446,446277.4675
0.690917969,0.715820313,0.205566406,0.664355469,1.842285156,2.817382813,42.658924,412115.763
0.690917969,1.389648438,0.144042969,0.664355469,1.842285156,2.817382813,44.018017,415472.0518
0.690917969,1.389648438,0.205566406,0.807910156,1.842285156,2.817382813,44.766541,424134.9224
0.690917969,1.389648438,0.205566406,0.664355469,1.830566406,2.817382813,44.256259,414845.4049
0.690917969,1.389648438,0.205566406,0.664355469,1.842285156,3.305664063,45.177204,413556.0424
0.690917969,0.715820313,0.144042969,0.807910156,1.830566406,3.305664063,44.656202,416272.0036
-1.448730469,1.389648438,0.144042969,0.807910156,1.830566406,3.305664063,65.765699,451010.1807
-1.448730469,0.715820313,0.205566406,0.807910156,1.830566406,3.305664063,64.023093,447803.4977
-1.448730469,0.715820313,0.144042969,0.664355469,1.830566406,3.305664063,62.985426,438366.7801
-1.448730469,0.715820313,0.144042969,0.807910156,1.842285156,3.305664063,63.702199,448536.2966
-1.448730469,0.715820313,0.144042969,0.807910156,1.830566406,2.817382813,62.006486,450122.2862
-1.448730469,0.715820313,0.144042969,0.807910156,1.830566406,3.305664063,63.993317,447354.6258
1.565917969,-2.360351563,1.080566406,0.489355469,2.217285156,4.067382813,30.91702,413783.6087
1.176269531,-2.360351563,1.080566406,0.489355469,2.217285156,4.067382813,33.383422,419669.4419
1.565917969,1.965820313,1.080566406,0.489355469,2.217285156,4.067382813,37.614501,437019.9998
1.565917969,-2.360351563,-0.730957031,0.489355469,2.217285156,4.067382813,28.453972,397473.4341
1.565917969,-2.360351563,1.080566406,0.982910156,2.217285156,4.067382813,33.541092,440437.2174
1.565917969,-2.360351563,1.080566406,0.489355469,2.205566406,4.067382813,31.001901,412764.5028
1.565917969,-2.360351563,1.080566406,0.489355469,2.217285156,4.555664063,32.188303,412117.5155
1.565917969,1.965820313,-0.730957031,0.982910156,2.205566406,4.555664063,41.837281,446358.3954
1.176269531,-2.360351563,-0.730957031,0.982910156,2.205566406,4.555664063,34.788237,427168.6899
1.176269531,1.965820313,1.080566406,0.982910156,2.205566406,4.555664063,46.406598,468303.1237
1.176269531,1.965820313,-0.730957031,0.489355469,2.205566406,4.555664063,41.197992,424717.0143
1.176269531,1.965820313,-0.730957031,0.982910156,2.217285156,4.555664063,44.947657,453599.7046
1.176269531,1.965820313,-0.730957031,0.982910156,2.205566406,4.067382813,42.783685,454388.7492
1.176269531,1.965820313,-0.730957031,0.982910156,2.205566406,4.555664063,45.04361,452534.6148
-0.184082031,0.139648438,-0.669433594,0.839355469,1.467285156,1.567382813,59.72879,397274.6421
-0.573730469,0.139648438,-0.669433594,0.839355469,1.467285156,1.567382813,63.797785,402571.7021
-0.184082031,-0.534179688,-0.669433594,0.839355469,1.467285156,1.567382813,58.424633,394339.8952
-0.184082031,0.139648438,1.019042969,0.839355469,1.467285156,1.567382813,60.462589,408102.4786
-0.184082031,0.139648438,-0.669433594,0.632910156,1.467285156,1.567382813,59.286347,385130.9176
-0.184082031,0.139648438,-0.669433594,0.839355469,1.455566406,1.567382813,60.226581,396159.3749
-0.184082031,0.139648438,-0.669433594,0.839355469,1.467285156,2.055664063,59.961407,393752.7898
-0.184082031,-0.534179688,1.019042969,0.632910156,1.455566406,2.055664063,59.466158,388954.2141
-0.573730469,0.139648438,1.019042969,0.632910156,1.455566406,2.055664063,64.914109,396646.5603
-0.573730469,-0.534179688,-0.669433594,0.632910156,1.455566406,2.055664063,62.814178,382606.2103
-0.573730469,-0.534179688,1.019042969,0.839355469,1.455566406,2.055664063,63.842591,406237.4057
-0.573730469,-0.534179688,1.019042969,0.632910156,1.467285156,2.055664063,62.916409,395005.0757
-0.573730469,-0.534179688,1.019042969,0.632910156,1.455566406,1.567382813,63.19645,397010.334
-0.573730469,-0.534179688,1.019042969,0.632910156,1.455566406,2.055664063,63.483884,393870.3651
-0.621582031,-2.985351563,-0.231933594,0.926855469,1.654785156,0.942382813,51.866792,423767.9015
1.613769531,-2.985351563,-0.231933594,0.926855469,1.654785156,0.942382813,34.752153,390011.7437
-0.621582031,1.340820313,-0.231933594,0.926855469,1.654785156,0.942382813,59.651032,440381.9888
-0.621582031,-2.985351563,-1.168457031,0.926855469,1.654785156,0.942382813,53.827495,420444.1186
-0.621582031,-2.985351563,-0.231933594,0.720410156,1.654785156,0.942382813,51.114887,411481.9898
-0.621582031,-2.985351563,-0.231933594,0.926855469,2.393066406,0.942382813,38.439787,499151.934
-0.621582031,-2.985351563,-0.231933594,0.926855469,1.654785156,1.430664063,51.861413,419727.1893
-0.621582031,1.340820313,-1.168457031,0.720410156,2.393066406,1.430664063,45.318106,498404.2462
1.613769531,-2.985351563,-1.168457031,0.720410156,2.393066406,1.430664063,25.272223,439414.7116
1.613769531,1.340820313,-0.231933594,0.720410156,2.393066406,1.430664063,31.262979,462676.3982
1.613769531,1.340820313,-1.168457031,0.926855469,2.393066406,1.430664063,32.501295,471264.6157
1.613769531,1.340820313,-1.168457031,0.720410156,1.654785156,1.430664063,41.190997,389953.3132
1.613769531,1.340820313,-1.168457031,0.720410156,2.393066406,0.942382813,31.754959,463507.0562
1.613769531,1.340820313,-1.168457031,0.720410156,2.393066406,1.430664063,31.533807,459844.6749
1.128417969,-0.485351563,1.518066406,0.576855469,2.404785156,3.442382813,34.435087,459465.3723
-0.136230469,-0.485351563,1.518066406,0.576855469,2.404785156,3.442382813,42.764585,479832.8455
1.128417969,-1.159179688,1.518066406,0.576855469,2.404785156,3.442382813,33.503667,456256.7394
1.128417969,-0.485351563,0.581542969,0.576855469,2.404785156,3.442382813,32.854315,448498.1962
1.128417969,-0.485351563,1.518066406,0.370410156,2.404785156,3.442382813,33.522525,447856.0687
1.128417969,-0.485351563,1.518066406,0.576855469,1.643066406,3.442382813,44.684358,386235.086
1.128417969,-0.485351563,1.518066406,0.576855469,2.404785156,3.930664063,35.810345,457740.8086
1.128417969,-1.159179688,0.581542969,0.370410156,1.643066406,3.930664063,42.649466,359690.1323
-0.136230469,-0.485351563,0.581542969,0.370410156,1.643066406,3.930664063,55.287935,378222.4106
-0.136230469,-1.159179688,1.518066406,0.370410156,1.643066406,3.930664063,56.355812,385021.9241
-0.136230469,-1.159179688,0.581542969,0.576855469,1.643066406,3.930664063,54.19276,387335.8842
-0.136230469,-1.159179688,0.581542969,0.370410156,2.404785156,3.930664063,40.656104,451756.9057
-0.136230469,-1.159179688,0.581542969,0.370410156,1.643066406,3.442382813,52.50228,377607.8387
-0.136230469,-1.159179688,0.581542969,0.370410156,1.643066406,3.930664063,54.062685,375254.5597
0.253417969,-1.735351563,-1.106933594,0.751855469,2.029785156,4.692382813,43.943185,412329.9401
0.738769531,-1.735351563,-1.106933594,0.751855469,2.029785156,4.692382813,39.818767,404848.7034
0.253417969,-2.409179688,-1.106933594,0.751855469,2.029785156,4.692382813,42.393094,409460.979
0.253417969,-1.735351563,1.456542969,0.751855469,2.029785156,4.692382813,48.457583,435311.4077
0.253417969,-1.735351563,-1.106933594,0.545410156,2.029785156,4.692382813,42.590559,400405.0574
0.253417969,-1.735351563,-1.106933594,0.751855469,1.268066406,4.692382813,68.457466,336938.6858
0.253417969,-1.735351563,-1.106933594,0.751855469,2.029785156,2.680664063,39.231377,424491.7101
0.253417969,-2.409179688,1.456542969,0.545410156,1.268066406,2.680664063,65.51474,353773.7504
0.738769531,-1.735351563,1.456542969,0.545410156,1.268066406,2.680664063,60.938041,350525.5396
0.738769531,-2.409179688,-1.106933594,0.545410156,1.268066406,2.680664063,58.372283,328971.3135
0.738769531,-2.409179688,1.456542969,0.751855469,1.268066406,2.680664063,59.46266,360011.5804
0.738769531,-2.409179688,1.456542969,0.545410156,2.029785156,2.680664063,36.016824,422285.472
0.738769531,-2.409179688,1.456542969,0.545410156,1.268066406,4.692382813,65.296535,339745.2219
0.738769531,-2.409179688,1.456542969,0.545410156,1.268066406,2.680664063,60.009784,348285.5839
-1.496582031,0.764648438,0.643066406,0.401855469,1.279785156,2.192382813,92.386864,373620.07
-1.011230469,0.764648438,0.643066406,0.401855469,1.279785156,2.192382813,85.31809,368201.6556
-1.496582031,0.090820313,0.643066406,0.401855469,1.279785156,2.192382813,90.499013,370806.3696
-1.496582031,0.764648438,-0.293457031,0.401855469,1.279785156,2.192382813,91.578902,367683.7305
-1.496582031,0.764648438,0.643066406,0.895410156,1.279785156,2.192382813,89.774299,404548.1134
-1.496582031,0.764648438,0.643066406,0.401855469,2.018066406,2.192382813,55.0171,453258.6181
-1.496582031,0.764648438,0.643066406,0.401855469,1.279785156,0.180664063,93.442141,387976.2425
-1.496582031,0.090820313,-0.293457031,0.895410156,2.018066406,0.180664063,55.789238,490329.5376
-1.011230469,0.764648438,-0.293457031,0.895410156,2.018066406,0.180664063,53.401253,485441.2319
-1.011230469,0.090820313,0.643066406,0.895410156,2.018066406,0.180664063,52.405067,487569.3418
-1.011230469,0.090820313,-0.293457031,0.401855469,2.018066406,0.180664063,49.715311,452214.7002
-1.011230469,0.090820313,-0.293457031,0.895410156,1.279785156,0.180664063,81.065457,404810.5931
-1.011230469,0.090820313,-0.293457031,0.895410156,2.018066406,2.192382813,51.635164,466792.4997
-1.011230469,0.090820313,-0.293457031,0.895410156,2.018066406,0.180664063,51.804868,482290.031
-1.494873047,-1.117675781,0.067138672,0.640771484,1.835693359,4.221191406,63.970226,424091.0192
-0.654052734,-1.117675781,0.067138672,0.640771484,1.835693359,4.221191406,55.202288,412112.0633
-1.494873047,-0.062988281,0.067138672,0.640771484,1.835693359,4.221191406,66.447825,428965.7814
-1.494873047,-1.117675781,0.938720703,0.640771484,1.835693359,4.221191406,65.439489,431940.4609
-1.494873047,-1.117675781,0.067138672,0.769970703,1.835693359,4.221191406,65.001887,432079.1748
-1.494873047,-1.117675781,0.067138672,0.640771484,2.232666016,4.221191406,56.445364,466403.4794
-1.494873047,-1.117675781,0.067138672,0.640771484,1.835693359,4.606933594,66.710684,422222.2515
-1.494873047,-0.062988281,0.938720703,0.769970703,2.232666016,4.606933594,64.98356,485994.0352
-0.654052734,-1.117675781,0.938720703,0.769970703,2.232666016,4.606933594,53.876705,467381.938
-0.654052734,-0.062988281,0.067138672,0.769970703,2.232666016,4.606933594,54.658533,464180.3003
-0.654052734,-0.062988281,0.938720703,0.640771484,2.232666016,4.606933594,54.934332,464877.7878
-0.654052734,-0.062988281,0.938720703,0.769970703,1.835693359,4.606933594,62.478812,431491.4302
-0.654052734,-0.062988281,0.938720703,0.769970703,2.232666016,4.221191406,53.405658,474068.7548
-0.654052734,-0.062988281,0.938720703,0.769970703,2.232666016,4.606933594,56.191903,472661.0949
0.255126953,1.382324219,1.817138672,0.990771484,1.085693359,1.721191406,92.461676,385390.373
1.095947266,1.382324219,1.817138672,0.990771484,1.085693359,1.721191406,80.362161,375898.9291
0.255126953,-2.562988281,1.817138672,0.990771484,1.085693359,1.721191406,82.053405,370700.305
0.255126953,1.382324219,-0.811279297,0.990771484,1.085693359,1.721191406,85.344008,366506.6823
0.255126953,1.382324219,1.817138672,0.419970703,1.085693359,1.721191406,97.723332,351314.5198
0.255126953,1.382324219,1.817138672,0.990771484,1.482666016,1.721191406,62.237002,425936.6238
0.255126953,1.382324219,1.817138672,0.990771484,1.085693359,2.106933594,92.514994,383400.4262
0.255126953,-2.562988281,-0.811279297,0.419970703,1.482666016,2.106933594,51.270579,353829.3759
1.095947266,1.382324219,-0.811279297,0.419970703,1.482666016,2.106933594,49.812924,360217.6888
1.095947266,-2.562988281,1.817138672,0.419970703,1.482666016,2.106933594,46.751141,364598.521
1.095947266,-2.562988281,-0.811279297,0.990771484,1.482666016,2.106933594,44.206744,374488.4994
1.095947266,-2.562988281,-0.811279297,0.419970703,1.085693359,2.106933594,69.727117,305596.9928
1.095947266,-2.562988281,-0.811279297,0.419970703,1.482666016,1.721191406,43.776412,346029.8022
1.095947266,-2.562988281,-0.811279297,0.419970703,1.482666016,2.106933594,43.787172,343105.2748
1.130126953,-2.367675781,-0.807861328,0.465771484,1.460693359,0.471191406,44.855558,356988.5346
0.220947266,-2.367675781,-0.807861328,0.465771484,1.460693359,0.471191406,52.933241,368809.755
1.130126953,-1.312988281,-0.807861328,0.465771484,1.460693359,0.471191406,46.030351,360433.8067
1.130126953,-2.367675781,0.063720703,0.465771484,1.460693359,0.471191406,44.086147,361223.9185
1.130126953,-2.367675781,-0.807861328,0.594970703,1.460693359,0.471191406,44.576314,364068.0961
1.130126953,-2.367675781,-0.807861328,0.465771484,1.107666016,0.471191406,66.989277,323686.6326
1.130126953,-2.367675781,-0.807861328,0.465771484,1.460693359,0.856933594,44.591177,353658.2388
1.130126953,-1.312988281,0.063720703,0.594970703,1.107666016,0.856933594,65.440738,335296.4074
0.220947266,-2.367675781,0.063720703,0.594970703,1.107666016,0.856933594,75.821535,342408.092
0.220947266,-1.312988281,-0.807861328,0.594970703,1.107666016,0.856933594,78.631757,341358.8936
0.220947266,-1.312988281,0.063720703,0.465771484,1.107666016,0.856933594,79.174439,338256.7699
0.220947266,-1.312988281,0.063720703,0.594970703,1.460693359,0.856933594,52.709017,380390.6764
0.220947266,-1.312988281,0.063720703,0.594970703,1.107666016,0.471191406,77.710426,348756.0535
0.220947266,-1.312988281,0.063720703,0.594970703,1.107666016,0.856933594,77.376511,345635.95
-0.619873047,0.132324219,0.942138672,0.815771484,2.210693359,2.971191406,48.057274,480693.7382
1.970947266,0.132324219,0.942138672,0.815771484,2.210693359,2.971191406,30.934976,438920.5951
-0.619873047,1.187011719,0.942138672,0.815771484,2.210693359,2.971191406,50.283761,486442.0029
-0.619873047,0.132324219,1.813720703,0.815771484,2.210693359,2.971191406,50.037812,490952.1582
-0.619873047,0.132324219,0.942138672,0.944970703,2.210693359,2.971191406,48.982239,488474.9178
-0.619873047,0.132324219,0.942138672,0.815771484,1.857666016,2.971191406,53.798505,444097.3293
-0.619873047,0.132324219,0.942138672,0.815771484,2.210693359,3.356933594,49.514028,478786.5079
-0.619873047,1.187011719,1.813720703,0.944970703,1.857666016,3.356933594,60.878248,465556.2837
1.970947266,0.132324219,1.813720703,0.944970703,1.857666016,3.356933594,37.622341,422937.1131
1.970947266,1.187011719,0.942138672,0.944970703,1.857666016,3.356933594,37.593597,418003.9722
1.970947266,1.187011719,1.813720703,0.815771484,1.857666016,3.356933594,38.803491,421768.0443
1.970947266,1.187011719,1.813720703,0.944970703,2.210693359,3.356933594,35.781735,462132.3286
1.970947266,1.187011719,1.813720703,0.944970703,1.857666016,2.971191406,38.840351,430112.8278
1.970947266,1.187011719,1.813720703,0.944970703,1.857666016,3.356933594,39.51811,428876.6995
-0.182373047,-2.992675781,1.379638672,0.728271484,2.398193359,4.846191406,47.365722,471196.9898
-0.216552734,-2.992675781,1.379638672,0.728271484,2.398193359,4.846191406,47.680296,471773.8889
-0.182373047,-0.687988281,1.379638672,0.728271484,2.398193359,4.846191406,51.387178,481016.7446
-0.182373047,-2.992675781,-0.373779297,0.728271484,2.398193359,4.846191406,42.558004,452918.3571
-0.182373047,-2.992675781,1.379638672,0.332470703,2.398193359,4.846191406,44.306382,447832.7404
-0.182373047,-2.992675781,1.379638672,0.728271484,1.295166016,4.846191406,75.487338,359551.562
-0.182373047,-2.992675781,1.379638672,0.728271484,2.398193359,2.731933594,38.160514,481093.9413
-0.182373047,-0.687988281,-0.373779297,0.332470703,1.295166016,2.731933594,70.806695,339976.5419
-0.216552734,-2.992675781,-0.373779297,0.332470703,1.295166016,2.731933594,68.144783,332303.2963
-0.216552734,-0.687988281,1.379638672,0.332470703,1.295166016,2.731933594,74.475092,354144.4054
-0.216552734,-0.687988281,-0.373779297,0.728271484,1.295166016,2.731933594,68.327008,363581.4787
-0.216552734,-0.687988281,-0.373779297,0.332470703,2.398193359,2.731933594,37.700087,451623.1831
-0.216552734,-0.687988281,-0.373779297,0.332470703,1.295166016,4.846191406,77.548852,329246.2462
-0.216552734,-0.687988281,-0.373779297,0.332470703,1.295166016,2.731933594,71.252631,340369.5518
1.567626953,-0.492675781,-0.370361328,0.378271484,1.648193359,2.346191406,37.387637,358889.9874
1.533447266,-0.492675781,-0.370361328,0.378271484,1.648193359,2.346191406,37.634957,359340.3301
1.567626953,1.812011719,-0.370361328,0.378271484,1.648193359,2.346191406,41.523159,370975.7857
1.567626953,-0.492675781,1.376220703,0.378271484,1.648193359,2.346191406,39.372595,373416.9037
1.567626953,-0.492675781,-0.370361328,0.682470703,1.648193359,2.346191406,37.532687,375255.228
1.567626953,-0.492675781,-0.370361328,0.378271484,2.045166016,2.346191406,30.612784,395664.3965
1.567626953,-0.492675781,-0.370361328,0.378271484,1.648193359,0.231933594,38.134643,374323.9065
1.567626953,1.812011719,1.376220703,0.682470703,2.045166016,0.231933594,39.615828,451759.2801
1.533447266,-0.492675781,1.376220703,0.682470703,2.045166016,0.231933594,34.682612,440956.9822
1.533447266,1.812011719,-0.370361328,0.682470703,2.045166016,0.231933594,36.637708,440134.4599
1.533447266,1.812011719,1.376220703,0.378271484,2.045166016,0.231933594,38.898587,435287.1553
1.533447266,1.812011719,1.376220703,0.682470703,1.648193359,0.231933594,46.559297,414211.5064
1.533447266,1.812011719,1.376220703,0.682470703,2.045166016,2.346191406,37.418895,440301.2131
1.533447266,1.812011719,1.376220703,0.682470703,2.045166016,0.231933594,39.821309,452289.3283
0.692626953,-1.742675781,0.504638672,0.903271484,1.273193359,1.096191406,57.223536,373068.3024
-1.091552734,-1.742675781,0.504638672,0.903271484,1.273193359,1.096191406,78.012734,396203.6001
0.692626953,0.562011719,0.504638672,0.903271484,1.273193359,1.096191406,61.795274,382082.116
0.692626953,-1.742675781,0.501220703,0.903271484,1.273193359,1.096191406,57.217606,373038.3386
0.692626953,-1.742675781,0.504638672,0.857470703,1.273193359,1.096191406,57.16722,370494.4411
0.692626953,-1.742675781,0.504638672,0.903271484,2.420166016,1.096191406,32.418976,483479.0842
0.692626953,-1.742675781,0.504638672,0.903271484,1.273193359,1.481933594,57.14643,370266.5706
0.692626953,0.562011719,0.501220703,0.857470703,2.420166016,1.481933594,35.801086,488694.5125
-1.091552734,-1.742675781,0.501220703,0.857470703,2.420166016,1.481933594,42.928243,510461.3884
-1.091552734,0.562011719,0.504638672,0.857470703,2.420166016,1.481933594,47.115886,520448.0811
-1.091552734,0.562011719,0.501220703,0.903271484,2.420166016,1.481933594,47.415204,523245.8866
-1.091552734,0.562011719,0.501220703,0.857470703,1.273193359,1.481933594,83.12094,399081.3865
-1.091552734,0.562011719,0.501220703,0.857470703,2.420166016,1.096191406,47.120501,523155.3066
-1.091552734,0.562011719,0.501220703,0.857470703,2.420166016,1.481933594,47.111408,520417.5813
-1.057373047,0.757324219,-1.245361328,0.553271484,2.023193359,3.596191406,56.244913,437776.644
0.658447266,0.757324219,-1.245361328,0.553271484,2.023193359,3.596191406,41.727375,412324.0922
-1.057373047,-1.937988281,-1.245361328,0.553271484,2.023193359,3.596191406,50.213746,425136.8816
-1.057373047,0.757324219,-1.248779297,0.553271484,2.023193359,3.596191406,56.250727,437764.993
-1.057373047,0.757324219,-1.245361328,0.507470703,2.023193359,3.596191406,55.97604,434922.6994
-1.057373047,0.757324219,-1.245361328,0.553271484,1.670166016,3.596191406,65.975597,400170.6852
-1.057373047,0.757324219,-1.245361328,0.553271484,2.023193359,3.981933594,58.003113,435540.148
-1.057373047,-1.937988281,-1.248779297,0.507470703,1.670166016,3.981933594,60.976263,382663.7574
0.658447266,0.757324219,-1.248779297,0.507470703,1.670166016,3.981933594,49.742696,372802.8541
0.658447266,-1.937988281,-1.245361328,0.507470703,1.670166016,3.981933594,44.172191,359559.9499
0.658447266,-1.937988281,-1.248779297,0.553271484,1.670166016,3.981933594,44.262504,362148.7586
0.658447266,-1.937988281,-1.248779297,0.507470703,2.023193359,3.981933594,37.025346,393859.3447
0.658447266,-1.937988281,-1.248779297,0.507470703,1.670166016,3.596191406,43.618213,361861.4715
0.658447266,-1.937988281,-1.248779297,0.507470703,1.670166016,3.981933594,44.17572,359543.1454
-0.838623047,-2.055175781,0.285888672,0.334521484,1.179443359,2.658691406,89.350095,335422.6775
-0.435302734,-2.055175781,0.285888672,0.334521484,1.179443359,2.658691406,83.145324,331067.2678
-0.838623047,-1.000488281,0.285888672,0.334521484,1.179443359,2.658691406,91.213395,339076.6763
-0.838623047,-2.055175781,-0.592529297,0.334521484,1.179443359,2.658691406,89.816225,329853.0893
-0.838623047,-2.055175781,0.285888672,0.988720703,1.179443359,2.658691406,83.771538,374668.8428
-0.838623047,-2.055175781,0.285888672,0.334521484,1.576416016,2.658691406,58.807853,376422.0748
-0.838623047,-2.055175781,0.285888672,0.334521484,1.179443359,4.919433594,97.200767,323303.0799
-0.838623047,-1.000488281,-0.592529297,0.988720703,1.576416016,4.919433594,72.12576,401362.9255
-0.435302734,-2.055175781,-0.592529297,0.988720703,1.576416016,4.919433594,64.141784,391089.8164
-0.435302734,-1.000488281,0.285888672,0.988720703,1.576416016,4.919433594,67.984512,402627.4735
-0.435302734,-1.000488281,-0.592529297,0.334521484,1.576416016,4.919433594,63.453865,357059.0901
-0.435302734,-1.000488281,-0.592529297,0.988720703,1.179443359,4.919433594,89.513625,355346.9833
-0.435302734,-1.000488281,-0.592529297,0.988720703,1.576416016,2.658691406,57.380987,408374.484
-0.435302734,-1.000488281,-0.592529297,0.988720703,1.576416016,4.919433594,66.901074,395789.1467
0.911376953,0.444824219,-1.464111328,0.684521484,1.929443359,0.158691406,40.531818,429676.135
1.314697266,0.444824219,-1.464111328,0.684521484,1.929443359,0.158691406,37.828413,423473.2663
0.911376953,1.499511719,-1.464111328,0.684521484,1.929443359,0.158691406,42.788163,435354.6013
0.911376953,0.444824219,1.157470703,0.684521484,1.929443359,0.158691406,41.306029,442026.2889
0.911376953,0.444824219,-1.464111328,0.638720703,1.929443359,0.158691406,40.350795,427056.7359
0.911376953,0.444824219,-1.464111328,0.684521484,2.326416016,0.158691406,35.423682,468431.5637
0.911376953,0.444824219,-1.464111328,0.684521484,1.929443359,2.419433594,39.807725,411874.828
0.911376953,1.499511719,1.157470703,0.638720703,2.326416016,2.419433594,37.383219,469896.6567
1.314697266,0.444824219,1.157470703,0.638720703,2.326416016,2.419433594,33.140677,457250.6709
1.314697266,1.499511719,-1.464111328,0.638720703,2.326416016,2.419433594,34.286086,447909.5588
1.314697266,1.499511719,1.157470703,0.684521484,2.326416016,2.419433594,35.241109,466038.4058
1.314697266,1.499511719,1.157470703,0.638720703,1.929443359,2.419433594,39.064204,425265.4029
1.314697266,1.499511719,1.157470703,0.638720703,2.326416016,0.158691406,37.10347,476881.9098
1.314697266,1.499511719,1.157470703,0.638720703,2.326416016,2.419433594,35.017718,463460.6333
1.786376953,-0.805175781,1.160888672,0.509521484,2.304443359,1.408691406,28.29935,440100.4427
-1.310302734,-0.805175781,1.160888672,0.509521484,2.304443359,1.408691406,46.292161,490516.2558
1.786376953,0.249511719,1.160888672,0.509521484,2.304443359,1.408691406,29.85491,445086.6057
1.786376953,-0.805175781,0.282470703,0.509521484,2.304443359,1.408691406,27.120694,432016.229
1.786376953,-0.805175781,1.160888672,0.463720703,2.304443359,1.408691406,28.175878,437627.9093
1.786376953,-0.805175781,1.160888672,0.509521484,1.951416016,1.408691406,31.525698,407532.9807
1.786376953,-0.805175781,1.160888672,0.509521484,2.304443359,1.169433594,28.42735,441630.8943
1.786376953,0.249511719,0.282470703,0.463720703,1.951416016,1.169433594,31.908763,403806.674
-1.310302734,-0.805175781,0.282470703,0.463720703,1.951416016,1.169433594,51.024659,444880.0292
-1.310302734,0.249511719,1.160888672,0.463720703,1.951416016,1.169433594,54.295045,455913.865
-1.310302734,0.249511719,0.282470703,0.509521484,1.951416016,1.169433594,53.103622,452044.9633
-1.310302734,0.249511719,0.282470703,0.463720703,2.304443359,1.169433594,46.897145,486786.0986
-1.310302734,0.249511719,0.282470703,0.463720703,1.951416016,1.408691406,52.983822,447441.6344
-1.310302734,0.249511719,0.282470703,0.463720703,1.951416016,1.169433594,53.010051,449198.8559
0.036376953,1.694824219,-0.589111328,0.859521484,1.554443359,3.908691406,62.920765,398829.6037
0.439697266,1.694824219,-0.589111328,0.859521484,1.554443359,3.908691406,58.60442,393557.8287
0.036376953,-2.250488281,-0.589111328,0.859521484,1.554443359,3.908691406,53.789499,379291.0265
0.036376953,1.694824219,-1.467529297,0.859521484,1.554443359,3.908691406,64.449707,395144.3765
0.036376953,1.694824219,-0.589111328,0.813720703,1.554443359,3.908691406,62.604793,396111.9294
0.036376953,1.694824219,-0.589111328,0.859521484,1.201416016,3.908691406,82.531681,362954.7636
0.036376953,1.694824219,-0.589111328,0.859521484,1.554443359,3.669433594,61.849151,399972.0956
0.036376953,-2.250488281,-1.467529297,0.813720703,1.201416016,3.669433594,73.852302,338728.8479
0.439697266,1.694824219,-1.467529297,0.813720703,1.201416016,3.669433594,77.986963,352775.1185
0.439697266,-2.250488281,-0.589111328,0.813720703,1.201416016,3.669433594,66.351073,338100.1496
0.439697266,-2.250488281,-1.467529297,0.859521484,1.201416016,3.669433594,68.475892,336423.4679
0.439697266,-2.250488281,-1.467529297,0.813720703,1.554443359,3.669433594,49.953662,368565.1688
0.439697266,-2.250488281,-1.467529297,0.813720703,1.201416016,3.908691406,68.748659,332259.2655
0.439697266,-2.250488281,-1.467529297,0.813720703,1.201416016,3.669433594,68.424202,333779.4659
-0.401123047,-1.430175781,-1.026611328,0.947021484,1.741943359,3.283691406,52.932455,414564.171
-0.872802734,-1.430175781,-1.026611328,0.947021484,1.741943359,3.283691406,57.507835,421707.0689
-0.401123047,-0.375488281,-1.026611328,0.947021484,1.741943359,3.283691406,55.025467,419302.2801
-0.401123047,-1.430175781,0.719970703,0.947021484,1.741943359,3.283691406,53.189839,426103.2691
-0.401123047,-1.430175781,-1.026611328,0.551220703,1.741943359,3.283691406,50.953591,391060.8756
-0.401123047,-1.430175781,-1.026611328,0.947021484,1.763916016,3.283691406,52.359362,416807.6437
-0.401123047,-1.430175781,-1.026611328,0.947021484,1.741943359,3.044433594,52.391717,416151.0496
-0.401123047,-0.375488281,0.719970703,0.551220703,1.763916016,3.044433594,51.724102,410635.1618
-0.872802734,-1.430175781,0.719970703,0.551220703,1.763916016,3.044433594,54.142697,412753.5039
-0.872802734,-0.375488281,-1.026611328,0.551220703,1.763916016,3.044433594,56.115552,406095.1091
-0.872802734,-0.375488281,0.719970703,0.947021484,1.763916016,3.044433594,58.110629,441102.9612
-0.872802734,-0.375488281,0.719970703,0.551220703,1.741943359,3.044433594,56.626978,414786.6487
-0.872802734,-0.375488281,0.719970703,0.551220703,1.763916016,3.283691406,56.782193,415812.1223
-0.872802734,-0.375488281,0.719970703,0.551220703,1.763916016,3.044433594,55.980277,417081.709
1.348876953,1.069824219,0.723388672,0.597021484,2.491943359,0.783691406,32.490541,479023.9141
0.877197266,1.069824219,0.723388672,0.597021484,2.491943359,0.783691406,34.929542,487164.7347
1.348876953,-2.875488281,0.723388672,0.597021484,2.491943359,0.783691406,26.661464,462399.9727
1.348876953,1.069824219,-1.030029297,0.597021484,2.491943359,0.783691406,31.45925,470382.9175
1.348876953,1.069824219,0.723388672,0.901220703,2.491943359,0.783691406,33.866675,495837.5044
1.348876953,1.069824219,0.723388672,0.597021484,1.013916016,0.783691406,80.091599,338465.7313
1.348876953,1.069824219,0.723388672,0.597021484,2.491943359,0.544433594,32.863866,480697.8255
1.348876953,-2.875488281,-1.030029297,0.901220703,1.013916016,0.544433594,71.050463,333178.9074
0.877197266,1.069824219,-1.030029297,0.901220703,1.013916016,0.544433594,85.038367,353576.056
0.877197266,-2.875488281,0.723388672,0.901220703,1.013916016,0.544433594,76.202386,348603.5151
0.877197266,-2.875488281,-1.030029297,0.597021484,1.013916016,0.544433594,79.839323,321964.1993
0.877197266,-2.875488281,-1.030029297,0.901220703,2.491943359,0.544433594,29.334039,480428.0385
0.877197266,-2.875488281,-1.030029297,0.901220703,1.013916016,0.783691406,77.543114,336779.8958
0.877197266,-2.875488281,-1.030029297,0.901220703,1.013916016,0.544433594,77.723675,338909.7828
0.473876953,-2.680175781,-0.151611328,0.772021484,2.116943359,2.033691406,34.514694,436068.5939
0.002197266,-2.680175781,-0.151611328,0.772021484,2.116943359,2.033691406,37.507008,443917.5134
0.473876953,-1.625488281,-0.151611328,0.772021484,2.116943359,2.033691406,35.760443,439693.0471
0.473876953,-2.680175781,-0.155029297,0.772021484,2.116943359,2.033691406,34.514279,436050.3928
0.473876953,-2.680175781,-0.151611328,0.726220703,2.116943359,2.033691406,34.323725,433476.6375
0.473876953,-2.680175781,-0.151611328,0.772021484,1.388916016,2.033691406,51.930256,365468.211
0.473876953,-2.680175781,-0.151611328,0.772021484,2.116943359,1.794433594,34.383366,437827.0227
0.473876953,-1.625488281,-0.155029297,0.726220703,1.388916016,1.794433594,53.006273,368031.334
0.002197266,-2.680175781,-0.155029297,0.726220703,1.388916016,1.794433594,56.431298,370811.3217
0.002197266,-1.625488281,-0.151611328,0.726220703,1.388916016,1.794433594,57.68953,374183.2425
0.002197266,-1.625488281,-0.155029297,0.772021484,1.388916016,1.794433594,57.73878,376822.0891
0.002197266,-1.625488281,-0.155029297,0.726220703,2.116943359,1.794433594,38.42013,446522.6387
0.002197266,-1.625488281,-0.155029297,0.726220703,1.388916016,2.033691406,57.822181,372445.7151
0.002197266,-1.625488281,-0.155029297,0.726220703,1.388916016,1.794433594,57.691151,374165.6432
-1.276123047,-0.180175781,1.598388672,0.422021484,1.366943359,4.533691406,91.352265,375290.7693
1.752197266,-0.180175781,1.598388672,0.422021484,1.366943359,4.533691406,52.377014,343578.3475
-1.276123047,0.874511719,1.598388672,0.422021484,1.366943359,4.533691406,94.500248,380231.9945
-1.276123047,-0.180175781,1.594970703,0.422021484,1.366943359,4.533691406,91.336501,375257.1236
-1.276123047,-0.180175781,1.598388672,0.376220703,1.366943359,4.533691406,91.833045,372406.6572
-1.276123047,-0.180175781,1.598388672,0.422021484,2.138916016,4.533691406,61.412797,458276.062
-1.276123047,-0.180175781,1.598388672,0.422021484,1.366943359,4.294433594,89.666346,376121.4671
-1.276123047,0.874511719,1.594970703,0.376220703,2.138916016,4.294433594,61.652938,461598.886
1.752197266,-0.180175781,1.594970703,0.376220703,2.138916016,4.294433594,34.291316,413812.1604
1.752197266,0.874511719,1.598388672,0.376220703,2.138916016,4.294433594,35.953546,419795.4266
1.752197266,0.874511719,1.594970703,0.422021484,2.138916016,4.294433594,36.136872,422290.9101
1.752197266,0.874511719,1.594970703,0.376220703,1.366943359,4.294433594,54.267306,346870.4298
1.752197266,0.874511719,1.594970703,0.376220703,2.138916016,4.533691406,36.616721,419279.8031
1.752197266,0.874511719,1.594970703,0.376220703,2.138916016,4.294433594,35.947535,419754.7997
-1.166748047,-2.523925781,-1.354736328,0.881396484,2.163818359,0.627441406,46.971243,483543.3871
0.986572266,-2.523925781,-1.354736328,0.881396484,2.163818359,0.627441406,32.430477,445884.5088
-1.166748047,-1.469238281,-1.354736328,0.881396484,2.163818359,0.627441406,48.589171,486891.0997
-1.166748047,-2.523925781,1.266845703,0.881396484,2.163818359,0.627441406,46.801198,497551.7299
-1.166748047,-2.523925781,-1.354736328,0.660595703,2.163818359,0.627441406,45.76484,469983.2221
-1.166748047,-2.523925781,-1.354736328,0.881396484,2.185791016,0.627441406,46.58924,485870.6486
-1.166748047,-2.523925781,-1.354736328,0.881396484,2.163818359,2.575683594,47.59948,467035.451
-1.166748047,-1.469238281,1.266845703,0.660595703,2.185791016,2.575683594,48.235835,476077.734
0.986572266,-2.523925781,1.266845703,0.660595703,2.185791016,2.575683594,32.5744,437942.3401
0.986572266,-1.469238281,-1.354736328,0.660595703,2.185791016,2.575683594,32.510912,423860.615
0.986572266,-1.469238281,1.266845703,0.881396484,2.185791016,2.575683594,34.824238,454032.9433
0.986572266,-1.469238281,1.266845703,0.660595703,2.163818359,2.575683594,33.999383,439635.3661
0.986572266,-1.469238281,1.266845703,0.660595703,2.185791016,0.627441406,33.671224,454094.7746
0.986572266,-1.469238281,1.266845703,0.660595703,2.185791016,2.575683594,33.795152,441744.0411
0.583251953,-0.023925781,0.395263672,0.531396484,1.413818359,3.127441406,55.305612,360409.0324
-0.763427734,-0.023925781,0.395263672,0.531396484,1.413818359,3.127441406,70.068847,376449.2621
0.583251953,1.030761719,0.395263672,0.531396484,1.413818359,3.127441406,57.64682,365621.809
0.583251953,-0.023925781,-0.483154297,0.531396484,1.413818359,3.127441406,55.051719,354263.9845
0.583251953,-0.023925781,0.395263672,0.310595703,1.413818359,3.127441406,56.802264,347939.4195
0.583251953,-0.023925781,0.395263672,0.531396484,1.435791016,3.127441406,54.300981,362554.6684
0.583251953,-0.023925781,0.395263672,0.531396484,1.413818359,0.075683594,55.183882,380578.8221
0.583251953,1.030761719,-0.483154297,0.310595703,1.435791016,0.075683594,57.807105,370292.1577
-0.763427734,-0.023925781,-0.483154297,0.310595703,1.435791016,0.075683594,69.743684,382208.7254
-0.763427734,1.030761719,0.395263672,0.310595703,1.435791016,0.075683594,72.776134,390723.0635
-0.763427734,1.030761719,-0.483154297,0.531396484,1.435791016,0.075683594,70.35402,399906.7601
-0.763427734,1.030761719,-0.483154297,0.310595703,1.413818359,0.075683594,73.902748,384227.3978
-0.763427734,1.030761719,-0.483154297,0.310595703,1.435791016,3.127441406,72.998951,364588.9482
-0.763427734,1.030761719,-0.483154297,0.310595703,1.435791016,0.075683594,72.398518,386529.09
1.458251953,-1.273925781,-0.479736328,0.706396484,1.038818359,4.377441406,70.230522,306473.4309
1.861572266,-1.273925781,-0.479736328,0.706396484,1.038818359,4.377441406,64.624087,302295.8418
1.458251953,-0.219238281,-0.479736328,0.706396484,1.038818359,4.377441406,72.676757,311471.8839
1.458251953,-1.273925781,-1.358154297,0.706396484,1.038818359,4.377441406,71.813426,301023.2488
1.458251953,-1.273925781,-0.479736328,0.485595703,1.038818359,4.377441406,72.05299,294603.8903
1.458251953,-1.273925781,-0.479736328,0.706396484,1.060791016,4.377441406,68.067823,308515.4531
1.458251953,-1.273925781,-0.479736328,0.706396484,1.038818359,1.325683594,67.302134,324661.5989
1.458251953,-0.219238281,-1.358154297,0.485595703,1.060791016,1.325683594,71.892651,315372.0673
1.861572266,-1.273925781,-1.358154297,0.485595703,1.060791016,1.325683594,64.900134,306738.452
1.861572266,-0.219238281,-0.479736328,0.485595703,1.060791016,1.325683594,63.930435,314646.6162
1.861572266,-0.219238281,-1.358154297,0.706396484,1.060791016,1.325683594,64.639511,322912.7973
1.861572266,-0.219238281,-1.358154297,0.485595703,1.038818359,1.325683594,68.862322,308996.3758
1.861572266,-0.219238281,-1.358154297,0.485595703,1.060791016,4.377441406,67.949303,292105.4865
1.861572266,-0.219238281,-1.358154297,0.485595703,1.060791016,1.325683594,66.538869,311033.2987
-0.291748047,1.226074219,1.270263672,0.356396484,1.788818359,1.877441406,52.646395,419169.1058
0.111572266,1.226074219,1.270263672,0.356396484,1.788818359,1.877441406,49.37501,413887.5203
-0.291748047,-2.719238281,1.270263672,0.356396484,1.788818359,1.877441406,46.067555,403936.9429
-0.291748047,1.226074219,0.391845703,0.356396484,1.788818359,1.877441406,51.077787,411912.9749
-0.291748047,1.226074219,1.270263672,0.835595703,1.788818359,1.877441406,53.779277,448095.1861
-0.291748047,1.226074219,1.270263672,0.356396484,1.810791016,1.877441406,52.025022,421445.0182
-0.291748047,1.226074219,1.270263672,0.356396484,1.788818359,3.825683594,56.961588,410036.3776
-0.291748047,-2.719238281,0.391845703,0.835595703,1.810791016,3.825683594,49.498677,414308.094
0.111572266,1.226074219,0.391845703,0.835595703,1.810791016,3.825683594,53.41262,426806.3087
0.111572266,-2.719238281,1.270263672,0.835595703,1.810791016,3.825683594,47.788384,417621.4014
0.111572266,-2.719238281,0.391845703,0.356396484,1.810791016,3.825683594,44.294288,380787.8981
0.111572266,-2.719238281,0.391845703,0.835595703,1.788818359,3.825683594,46.414107,406165.2344
0.111572266,-2.719238281,0.391845703,0.835595703,1.810791016,1.877441406,42.016446,420349.4743
0.111572266,-2.719238281,0.391845703,0.835595703,1.810791016,3.825683594,45.965549,408337.9981
0.145751953,-0.648925781,0.832763672,0.443896484,1.976318359,0.002441406,42.151259,438230.0084
1.424072266,-0.648925781,0.832763672,0.443896484,1.976318359,0.002441406,34.286201,419190.6537
0.145751953,0.405761719,0.832763672,0.443896484,1.976318359,0.002441406,44.3496,442539.6771
0.145751953,-0.648925781,-0.920654297,0.443896484,1.976318359,0.002441406,41.485335,429330.1974
0.145751953,-0.648925781,0.832763672,0.398095703,1.976318359,0.002441406,42.121984,435566.6742
0.145751953,-0.648925781,0.832763672,0.443896484,1.248291016,0.002441406,70.760883,365769.4083
0.145751953,-0.648925781,0.832763672,0.443896484,1.976318359,4.450683594,47.186236,411848.5442
0.145751953,0.405761719,-0.920654297,0.398095703,1.248291016,4.450683594,76.828862,327971.4855
1.424072266,-0.648925781,-0.920654297,0.398095703,1.248291016,4.450683594,57.592338,309249.3983
1.424072266,0.405761719,0.832763672,0.398095703,1.248291016,4.450683594,61.364249,328912.454
1.424072266,0.405761719,-0.920654297,0.443896484,1.248291016,4.450683594,59.674646,317177.8408
1.424072266,0.405761719,-0.920654297,0.398095703,1.976318359,4.450683594,37.339622,383369.6018
1.424072266,0.405761719,-0.920654297,0.398095703,1.248291016,0.002441406,58.335159,343510.5593
1.424072266,0.405761719,-0.920654297,0.398095703,1.248291016,4.450683594,60.050583,314650.9343
1.895751953,1.851074219,-0.917236328,0.793896484,1.226318359,2.502441406,55.441735,346823.7049
-0.325927734,1.851074219,-0.917236328,0.793896484,1.226318359,2.502441406,82.209061,372858.6092
1.895751953,-2.094238281,-0.917236328,0.793896484,1.226318359,2.502441406,48.143115,327768.1946
1.895751953,1.851074219,0.829345703,0.793896484,1.226318359,2.502441406,56.231021,358248.5966
1.895751953,1.851074219,-0.917236328,0.748095703,1.226318359,2.502441406,55.406911,344317.3901
1.895751953,1.851074219,-0.917236328,0.793896484,1.998291016,2.502441406,34.93109,419100.9343
1.895751953,1.851074219,-0.917236328,0.793896484,1.226318359,1.950683594,55.198546,350178.1057
1.895751953,-2.094238281,0.829345703,0.748095703,1.998291016,1.950683594,28.943637,411158.5702
-0.325927734,1.851074219,0.829345703,0.748095703,1.998291016,1.950683594,49.889656,463827.0379
-0.325927734,-2.094238281,-0.917236328,0.748095703,1.998291016,1.950683594,42.588067,435022.3255
-0.325927734,-2.094238281,0.829345703,0.793896484,1.998291016,1.950683594,42.833376,448548.2924
-0.325927734,-2.094238281,0.829345703,0.748095703,1.226318359,1.950683594,72.415692,367693.0441
-0.325927734,-2.094238281,0.829345703,0.748095703,1.998291016,2.502441406,43.392067,442282.9963
-0.325927734,-2.094238281,0.829345703,0.748095703,1.998291016,1.950683594,42.617503,445839.8074
1.020751953,-1.898925781,1.707763672,0.618896484,1.601318359,3.752441406,46.138533,381153.7889
0.549072266,-1.898925781,1.707763672,0.618896484,1.601318359,3.752441406,50.301415,387038.0637
1.020751953,-0.844238281,1.707763672,0.618896484,1.601318359,3.752441406,47.670002,385488.1564
1.020751953,-1.898925781,1.704345703,0.618896484,1.601318359,3.752441406,46.124842,381102.2666
1.020751953,-1.898925781,1.707763672,0.923095703,1.601318359,3.752441406,47.475345,398279.5284
1.020751953,-1.898925781,1.707763672,0.618896484,2.373291016,3.752441406,34.935022,455586.7023
1.020751953,-1.898925781,1.707763672,0.618896484,1.601318359,0.700683594,43.838908,397868.6313
1.020751953,-0.844238281,1.704345703,0.923095703,2.373291016,0.700683594,35.267092,493210.6042
0.549072266,-1.898925781,1.704345703,0.923095703,2.373291016,0.700683594,36.118975,497733.3297
0.549072266,-0.844238281,1.707763672,0.923095703,2.373291016,0.700683594,37.886175,501560.6441
0.549072266,-0.844238281,1.704345703,0.618896484,2.373291016,0.700683594,36.424713,483937.8982
0.549072266,-0.844238281,1.704345703,0.923095703,1.601318359,0.700683594,50.084535,425112.8205
0.549072266,-0.844238281,1.704345703,0.923095703,2.373291016,3.752441406,41.518318,485227.2851
0.549072266,-0.844238281,1.704345703,0.923095703,2.373291016,0.700683594,37.873399,501509.7044
-0.729248047,0.601074219,-0.042236328,0.968896484,2.351318359,1.252441406,45.671685,511808.4443
-1.200927734,0.601074219,-0.042236328,0.968896484,2.351318359,1.252441406,49.052095,520296.9388
-0.729248047,1.655761719,-0.042236328,0.968896484,2.351318359,1.252441406,48.10802,517822.9105
-0.729248047,0.601074219,-0.045654297,0.968896484,2.351318359,1.252441406,45.670846,511786.8673
-0.729248047,0.601074219,-0.042236328,0.573095703,2.351318359,1.252441406,43.37874,487884.7171
-0.729248047,0.601074219,-0.042236328,0.968896484,1.623291016,1.252441406,59.914922,436109.8689
-0.729248047,0.601074219,-0.042236328,0.968896484,2.351318359,3.200683594,49.369572,499274.0168
-0.729248047,1.655761719,-0.045654297,0.573095703,1.623291016,3.200683594,63.836468,405221.7169
-1.200927734,0.601074219,-0.045654297,0.573095703,1.623291016,3.200683594,66.155984,405808.4242
-1.200927734,1.655761719,-0.042236328,0.573095703,1.623291016,3.200683594,68.94547,411340.3114
-1.200927734,1.655761719,-0.045654297,0.968896484,1.623291016,3.200683594,71.317455,435949.4077
-1.200927734,1.655761719,-0.045654297,0.573095703,2.351318359,3.200683594,52.677676,489263.2036
-1.200927734,1.655761719,-0.045654297,0.573095703,1.623291016,1.252441406,65.711814,423604.8195
-1.200927734,1.655761719,-0.045654297,0.573095703,1.623291016,3.200683594,68.945372,411314.5622
-0.947998047,-1.586425781,1.926513672,0.750146484,1.507568359,2.189941406,66.489517,415914.3989
1.205322266,-1.586425781,1.926513672,0.750146484,1.507568359,2.189941406,46.400459,388238.7769
-0.947998047,0.718261719,1.926513672,0.750146484,1.507568359,2.189941406,71.505125,424933.2014
-0.947998047,-1.586425781,-0.701904297,0.750146484,1.507568359,2.189941406,62.93174,394850.3531
-0.947998047,-1.586425781,1.926513672,0.879345703,1.507568359,2.189941406,66.935287,423910.5853
-0.947998047,-1.586425781,1.926513672,0.750146484,1.717041016,2.189941406,57.935599,438079.78
-0.947998047,-1.586425781,1.926513672,0.750146484,1.507568359,2.888183594,68.041827,412082.1937
-0.947998047,0.718261719,-0.701904297,0.879345703,1.717041016,2.888183594,61.499183,429920.884
1.205322266,-1.586425781,-0.701904297,0.879345703,1.717041016,2.888183594,38.496837,387561.5194
1.205322266,0.718261719,1.926513672,0.879345703,1.717041016,2.888183594,45.878035,422657.4241
1.205322266,0.718261719,-0.701904297,0.750146484,1.717041016,2.888183594,41.801797,391766.1305
1.205322266,0.718261719,-0.701904297,0.879345703,1.507568359,2.888183594,47.709501,378980.5503
1.205322266,0.718261719,-0.701904297,0.879345703,1.717041016,2.189941406,41.614203,403151.4795
1.205322266,0.718261719,-0.701904297,0.879345703,1.717041016,2.888183594,42.405226,398924.9637
0.802001953,0.913574219,0.176513672,0.400146484,2.257568359,4.689941406,41.501431,429166.5156
-0.544677734,0.913574219,0.176513672,0.400146484,2.257568359,4.689941406,53.319324,449082.2991
0.802001953,-1.781738281,0.176513672,0.400146484,2.257568359,4.689941406,36.33336,414673.0517
0.802001953,0.913574219,1.048095703,0.400146484,2.257568359,4.689941406,42.662715,438169.4353
0.802001953,0.913574219,0.176513672,0.529345703,2.257568359,4.689941406,42.349199,436449.0718
0.802001953,0.913574219,0.176513672,0.400146484,2.467041016,4.689941406,40.038941,449473.2417
0.802001953,0.913574219,0.176513672,0.400146484,2.257568359,0.388183594,35.883167,452693.0759
0.802001953,-1.781738281,1.048095703,0.529345703,2.467041016,0.388183594,31.437248,475327.3456
-0.544677734,0.913574219,1.048095703,0.529345703,2.467041016,0.388183594,44.047514,509996.8725
-0.544677734,-1.781738281,0.176513672,0.529345703,2.467041016,0.388183594,37.487126,492090.3493
-0.544677734,-1.781738281,1.048095703,0.400146484,2.467041016,0.388183594,38.319437,491162.7983
-0.544677734,-1.781738281,1.048095703,0.529345703,2.257568359,0.388183594,40.743979,477426.8978
-0.544677734,-1.781738281,1.048095703,0.529345703,2.467041016,4.689941406,48.281533,473288.2082
-0.544677734,-1.781738281,1.048095703,0.529345703,2.467041016,0.388183594,38.740149,498864.2534
1.677001953,-2.836425781,1.051513672,0.925146484,1.882568359,3.439941406,33.577607,405271.7524
0.330322266,-2.836425781,1.051513672,0.925146484,1.882568359,3.439941406,43.165016,425588.2868
1.677001953,-0.531738281,1.051513672,0.925146484,1.882568359,3.439941406,36.510394,414847.2753
1.677001953,-2.836425781,1.923095703,0.925146484,1.882568359,3.439941406,35.784066,417022.3821
1.677001953,-2.836425781,1.051513672,0.354345703,1.882568359,3.439941406,31.81069,374666.6697
1.677001953,-2.836425781,1.051513672,0.925146484,2.092041016,3.439941406,31.331814,424509.0468
1.677001953,-2.836425781,1.051513672,0.925146484,1.882568359,1.638183594,31.645411,415446.7932
1.677001953,-0.531738281,1.923095703,0.354345703,2.092041016,1.638183594,32.443713,422420.0713
0.330322266,-2.836425781,1.923095703,0.354345703,2.092041016,1.638183594,37.247934,434130.3599
0.330322266,-0.531738281,1.051513672,0.354345703,2.092041016,1.638183594,38.175456,432268.7335
0.330322266,-0.531738281,1.923095703,0.925146484,2.092041016,1.638183594,42.471864,475408.2362
0.330322266,-0.531738281,1.923095703,0.354345703,1.882568359,1.638183594,44.042601,420776.7731
0.330322266,-0.531738281,1.923095703,0.354345703,2.092041016,3.439941406,42.671976,433070.3546
0.330322266,-0.531738281,1.923095703,0.354345703,2.092041016,1.638183594,40.326381,441805.8364
-0.072998047,-0.336425781,-0.698486328,0.575146484,1.132568359,0.939941406,81.715242,349399.7607
-1.419677734,-0.336425781,-0.698486328,0.575146484,1.132568359,0.939941406,102.987345,364917.8828
-0.072998047,1.968261719,-0.698486328,0.575146484,1.132568359,0.939941406,88.225121,359592.9385
-0.072998047,-0.336425781,0.173095703,0.575146484,1.132568359,0.939941406,81.01097,353781.9153
-0.072998047,-0.336425781,-0.698486328,0.704345703,1.132568359,0.939941406,80.757755,356945.5795
-0.072998047,-0.336425781,-0.698486328,0.575146484,1.342041016,0.939941406,64.270831,370424.4749
-0.072998047,-0.336425781,-0.698486328,0.575146484,1.132568359,4.138183594,85.773628,328289.1327
-0.072998047,1.968261719,0.173095703,0.704345703,1.342041016,4.138183594,75.425281,375147.261
-1.419677734,-0.336425781,0.173095703,0.704345703,1.342041016,4.138183594,87.25072,379039.1732
-1.419677734,1.968261719,-0.698486328,0.704345703,1.342041016,4.138183594,94.977441,385059.2774
-1.419677734,1.968261719,0.173095703,0.575146484,1.342041016,4.138183594,94.547577,382560.337
-1.419677734,1.968261719,0.173095703,0.704345703,1.132568359,4.138183594,116.828336,368029.1705
-1.419677734,1.968261719,0.173095703,0.704345703,1.342041016,0.939941406,86.016263,409372.1245
-1.419677734,1.968261719,0.173095703,0.704345703,1.342041016,4.138183594,94.760318,390685.3755
-0.510498047,-2.211425781,-0.260986328,0.487646484,1.320068359,1.564941406,67.544596,359011.4734
0.767822266,-2.211425781,-0.260986328,0.487646484,1.320068359,1.564941406,53.582471,343459.9664
-0.510498047,-1.156738281,-0.260986328,0.487646484,1.320068359,1.564941406,69.015585,362474.4397
-0.510498047,-2.211425781,1.485595703,0.487646484,1.320068359,1.564941406,70.48122,372240.6759
-0.510498047,-2.211425781,-0.260986328,0.616845703,1.320068359,1.564941406,66.790338,366633.8774
-0.510498047,-2.211425781,-0.260986328,0.487646484,1.904541016,1.564941406,43.942727,418500.049
-0.510498047,-2.211425781,-0.260986328,0.487646484,1.320068359,4.763183594,74.600091,338896.7901
-0.510498047,-1.156738281,1.485595703,0.616845703,1.904541016,4.763183594,58.472125,428143.9225
0.767822266,-2.211425781,1.485595703,0.616845703,1.904541016,4.763183594,44.405431,406242.826
0.767822266,-1.156738281,-0.260986328,0.616845703,1.904541016,4.763183594,42.692986,392402.9305
0.767822266,-1.156738281,1.485595703,0.487646484,1.904541016,4.763183594,45.174475,403456.7817
0.767822266,-1.156738281,1.485595703,0.616845703,1.320068359,4.763183594,64.24958,353823.1846
0.767822266,-1.156738281,1.485595703,0.616845703,1.904541016,1.564941406,38.679968,425000.7253
0.767822266,-1.156738281,1.485595703,0.616845703,1.904541016,4.763183594,45.975608,410784.7166
1.239501953,0.288574219,1.489013672,0.837646484,2.070068359,4.064941406,41.022491,441844.0494
-0.982177734,0.288574219,1.489013672,0.837646484,2.070068359,4.064941406,60.306351,475141.5248
1.239501953,1.343261719,1.489013672,0.837646484,2.070068359,4.064941406,43.069366,448138.0649
1.239501953,0.288574219,-0.264404297,0.837646484,2.070068359,4.064941406,38.659381,423903.5575
1.239501953,0.288574219,1.489013672,0.966845703,2.070068359,4.064941406,41.937133,449073.1862
1.239501953,0.288574219,1.489013672,0.837646484,1.154541016,4.064941406,70.306044,353963.7065
1.239501953,0.288574219,1.489013672,0.837646484,2.070068359,2.263183594,36.99857,448896.7417
1.239501953,1.343261719,-0.264404297,0.966845703,1.154541016,2.263183594,65.216303,359056.7872
-0.982177734,0.288574219,-0.264404297,0.966845703,1.154541016,2.263183594,92.667479,380772.3863
-0.982177734,1.343261719,1.489013672,0.966845703,1.154541016,2.263183594,100.914742,399012.6261
-0.982177734,1.343261719,-0.264404297,0.837646484,1.154541016,2.263183594,95.792109,377805.5901
-0.982177734,1.343261719,-0.264404297,0.966845703,2.070068359,2.263183594,53.934002,482553.4715
-0.982177734,1.343261719,-0.264404297,0.966845703,1.154541016,4.064941406,103.140105,375729.9466
-0.982177734,1.343261719,-0.264404297,0.966845703,1.154541016,2.263183594,95.938197,385736.8204
0.364501953,-0.961425781,-1.135986328,0.312646484,2.445068359,2.814941406,33.429753,440722.8285
1.642822266,-0.961425781,-1.135986328,0.312646484,2.445068359,2.814941406,26.377915,419580.6495
0.364501953,0.093261719,-1.135986328,0.312646484,2.445068359,2.814941406,35.201209,446019.3788
0.364501953,-0.961425781,-1.139404297,0.312646484,2.445068359,2.814941406,33.430862,440714.8635
0.364501953,-0.961425781,-1.135986328,0.791845703,2.445068359,2.814941406,35.435583,468264.8854
0.364501953,-0.961425781,-1.135986328,0.312646484,1.529541016,2.814941406,52.090874,350376.8626
0.364501953,-0.961425781,-1.135986328,0.312646484,2.445068359,1.013183594,32.821663,454288.8676
0.364501953,0.093261719,-1.139404297,0.791845703,1.529541016,1.013183594,52.920723,395965.9436
1.642822266,-0.961425781,-1.139404297,0.791845703,1.529541016,1.013183594,40.527699,373654.0176
1.642822266,0.093261719,-1.135986328,0.791845703,1.529541016,1.013183594,42.162962,378385.3165
1.642822266,0.093261719,-1.139404297,0.312646484,1.529541016,1.013183594,42.553613,352305.5454
1.642822266,0.093261719,-1.139404297,0.791845703,2.445068359,1.013183594,29.244338,463880.2148
1.642822266,0.093261719,-1.139404297,0.791845703,1.529541016,2.814941406,42.391269,365722.4757
1.642822266,0.093261719,-1.139404297,0.791845703,1.529541016,1.013183594,42.169903,378378.4007
-1.385498047,1.538574219,0.614013672,0.662646484,1.695068359,0.314941406,66.390425,449840.2162
-0.107177734,1.538574219,0.614013672,0.662646484,1.695068359,0.314941406,54.738437,431976.2748
-1.385498047,-2.406738281,0.614013672,0.662646484,1.695068359,0.314941406,57.628508,435276.6314
-1.385498047,1.538574219,0.610595703,0.662646484,1.695068359,0.314941406,66.384558,449820.4682
-1.385498047,1.538574219,0.614013672,0.441845703,1.695068359,0.314941406,66.162654,435961.8541
-1.385498047,1.538574219,0.614013672,0.662646484,2.279541016,0.314941406,53.223172,513035.8465
-1.385498047,1.538574219,0.614013672,0.662646484,1.695068359,3.513183594,70.194377,429800.1385
-1.385498047,-2.406738281,0.610595703,0.441845703,2.279541016,3.513183594,48.213031,460720.4558
-0.107177734,1.538574219,0.610595703,0.441845703,2.279541016,3.513183594,45.47121,459509.5903
-0.107177734,-2.406738281,0.614013672,0.441845703,2.279541016,3.513183594,38.66389,440334.0086
-0.107177734,-2.406738281,0.610595703,0.662646484,2.279541016,3.513183594,39.759719,453147.6725
-0.107177734,-2.406738281,0.610595703,0.441845703,1.695068359,3.513183594,48.921487,381830.622
-0.107177734,-2.406738281,0.610595703,0.441845703,2.279541016,0.314941406,36.089295,462374.1077
-0.107177734,-2.406738281,0.610595703,0.441845703,2.279541016,3.513183594,38.659196,440305.024
-1.330810547,-2.289550781,1.215576172,0.957958984,1.999755859,1.018066406,51.206222,484726.7768
1.806884766,-2.289550781,1.215576172,0.957958984,1.999755859,1.018066406,30.687594,433524.5823
-1.330810547,-1.859863281,1.215576172,0.957958984,1.999755859,1.018066406,51.871466,485975.5417
-1.330810547,-2.289550781,-0.428466797,0.957958984,1.999755859,1.018066406,50.325227,473139.8787
-1.330810547,-2.289550781,1.215576172,0.759033203,1.999755859,1.018066406,50.117572,472400.865
-1.330810547,-2.289550781,1.215576172,0.957958984,2.068603516,1.018066406,49.945723,492066.0797
-1.330810547,-2.289550781,1.215576172,0.957958984,1.999755859,0.622558594,51.446303,487807.847
-1.330810547,-1.859863281,-0.428466797,0.759033203,2.068603516,0.622558594,48.623418,472897.5008
1.806884766,-2.289550781,-0.428466797,0.759033203,2.068603516,0.622558594,28.012646,419512.0042
1.806884766,-1.859863281,1.215576172,0.759033203,2.068603516,0.622558594,30.132408,433403.2897
1.806884766,-1.859863281,-0.428466797,0.957958984,2.068603516,0.622558594,29.193375,431477.7097
1.806884766,-1.859863281,-0.428466797,0.759033203,1.999755859,0.622558594,29.209385,414681.9387
1.806884766,-1.859863281,-0.428466797,0.759033203,2.068603516,1.018066406,28.276195,417771.7411
1.806884766,-1.859863281,-0.428466797,0.759033203,2.068603516,0.622558594,28.484769,420957.7576
0.419189453,0.210449219,-0.534423828,0.607958984,1.249755859,3.518066406,67.603858,343191.3435
0.056884766,0.210449219,-0.534423828,0.607958984,1.249755859,3.518066406,72.217889,347310.2103
0.419189453,0.640136719,-0.534423828,0.607958984,1.249755859,3.518066406,68.684514,345342.9202
0.419189453,0.210449219,1.321533203,0.607958984,1.249755859,3.518066406,70.722494,358566.9055
0.419189453,0.210449219,-0.534423828,0.409033203,1.249755859,3.518066406,68.972226,331793.1415
0.419189453,0.210449219,-0.534423828,0.607958984,1.318603516,3.518066406,63.128002,349990.2553
0.419189453,0.210449219,-0.534423828,0.607958984,1.249755859,3.122558594,66.701004,345349.463
0.419189453,0.640136719,1.321533203,0.409033203,1.318603516,3.122558594,67.101908,357518.5878
0.056884766,0.210449219,1.321533203,0.409033203,1.318603516,3.122558594,70.377131,359443.9418
0.056884766,0.640136719,-0.534423828,0.409033203,1.318603516,3.122558594,68.550201,346900.0396
0.056884766,0.640136719,1.321533203,0.607958984,1.318603516,3.122558594,70.193983,373164.5764
0.056884766,0.640136719,1.321533203,0.409033203,1.249755859,3.122558594,77.146412,354402.1185
0.056884766,0.640136719,1.321533203,0.409033203,1.318603516,3.518066406,72.510459,359751.7758
0.056884766,0.640136719,1.321533203,0.409033203,1.318603516,3.122558594,71.457288,361401.4215
1.294189453,-1.039550781,0.340576172,0.782958984,1.624755859,4.768066406,45.296533,373697.489
0.931884766,-1.039550781,0.340576172,0.782958984,1.624755859,4.768066406,48.7347,378387.3679
1.294189453,1.890136719,0.340576172,0.782958984,1.624755859,4.768066406,52.176086,390444.0957
1.294189453,-1.039550781,0.446533203,0.782958984,1.624755859,4.768066406,45.468475,374747.3148
1.294189453,-1.039550781,0.340576172,0.584033203,1.624755859,4.768066406,44.237616,362871.7961
1.294189453,-1.039550781,0.340576172,0.782958984,1.693603516,4.768066406,43.81696,380156.6771
1.294189453,-1.039550781,0.340576172,0.782958984,1.624755859,4.372558594,43.879432,375016.9651
1.294189453,1.890136719,0.446533203,0.584033203,1.693603516,4.372558594,47.658719,387974.4123
0.931884766,-1.039550781,0.446533203,0.584033203,1.693603516,4.372558594,44.653064,376327.529
0.931884766,1.890136719,0.340576172,0.584033203,1.693603516,4.372558594,50.882258,391489.6324
0.931884766,1.890136719,0.446533203,0.782958984,1.693603516,4.372558594,52.250599,403737.2143
0.931884766,1.890136719,0.446533203,0.584033203,1.624755859,4.372558594,52.778581,385706.858
0.931884766,1.890136719,0.446533203,0.584033203,1.693603516,4.768066406,52.871105,391373.4117
0.931884766,1.890136719,0.446533203,0.584033203,1.693603516,4.372558594,50.988342,392444.0707
-0.455810547,1.460449219,-1.409423828,0.432958984,2.374755859,2.268066406,43.987629,470527.615
-0.818115234,1.460449219,-1.409423828,0.432958984,2.374755859,2.268066406,46.595528,476449.9689
-0.455810547,-0.609863281,-1.409423828,0.432958984,2.374755859,2.268066406,39.899494,459408.4869
-0.455810547,1.460449219,-1.303466797,0.432958984,2.374755859,2.268066406,43.821592,470658.7334
-0.455810547,1.460449219,-1.409423828,0.934033203,2.374755859,2.268066406,47.067964,501082.3549
-0.455810547,1.460449219,-1.409423828,0.432958984,2.443603516,2.268066406,43.240108,477747.5731
-0.455810547,1.460449219,-1.409423828,0.432958984,2.374755859,1.872558594,43.652156,473364.2077
-0.455810547,-0.609863281,-1.303466797,0.934033203,2.443603516,1.872558594,41.377561,499704.5957
-0.818115234,1.460449219,-1.303466797,0.934033203,2.443603516,1.872558594,48.359749,517711.3404
-0.818115234,-0.609863281,-1.409423828,0.934033203,2.443603516,1.872558594,44.076362,506361.8685
-0.818115234,-0.609863281,-1.303466797,0.432958984,2.443603516,1.872558594,41.133875,475865.6156
-0.818115234,-0.609863281,-1.303466797,0.934033203,2.374755859,1.872558594,44.697154,499187.5403
-0.818115234,-0.609863281,-1.303466797,0.934033203,2.443603516,2.268066406,44.333104,503395.3649
-0.818115234,-0.609863281,-1.303466797,0.934033203,2.443603516,1.872558594,43.913924,506408.0042
-0.018310547,-1.664550781,-0.096923828,0.345458984,2.187255859,0.393066406,36.878224,443044.9847
0.494384766,-1.664550781,-0.096923828,0.345458984,2.187255859,0.393066406,33.8504,434885.3378
-0.018310547,1.265136719,-0.096923828,0.345458984,2.187255859,0.393066406,42.104883,455707.2735
-0.018310547,-1.664550781,0.884033203,0.345458984,2.187255859,0.393066406,37.850631,449772.4753
-0.018310547,-1.664550781,-0.096923828,0.321533203,2.187255859,0.393066406,36.888823,441715.8188
-0.018310547,-1.664550781,-0.096923828,0.345458984,1.506103516,0.393066406,53.991984,375309.6359
-0.018310547,-1.664550781,-0.096923828,0.345458984,2.187255859,2.497558594,37.055938,427110.4005
-0.018310547,1.265136719,0.884033203,0.321533203,1.506103516,2.497558594,60.891793,378048.1389
0.494384766,-1.664550781,0.884033203,0.321533203,1.506103516,2.497558594,50.367589,359484.4528
0.494384766,1.265136719,-0.096923828,0.321533203,1.506103516,2.497558594,54.612927,364786.8375
0.494384766,1.265136719,0.884033203,0.345458984,1.506103516,2.497558594,55.59156,373448.8717
0.494384766,1.265136719,0.884033203,0.321533203,2.187255859,2.497558594,39.337556,439793.5182
0.494384766,1.265136719,0.884033203,0.321533203,1.506103516,0.393066406,56.829452,385178.3866
0.494384766,1.265136719,0.884033203,0.321533203,1.506103516,2.497558594,55.824097,372119.1183
1.731689453,0.835449219,1.653076172,0.695458984,1.437255859,2.893066406,48.34286,375962.1976
-1.255615234,0.835449219,1.653076172,0.695458984,1.437255859,2.893066406,79.743018,411664.5262
1.731689453,-1.234863281,1.653076172,0.695458984,1.437255859,2.893066406,44.604207,366516.4592
1.731689453,0.835449219,-0.865966797,0.695458984,1.437255859,2.893066406,45.34603,355280.4042
1.731689453,0.835449219,1.653076172,0.671533203,1.437255859,2.893066406,48.30626,374691.2529
1.731689453,0.835449219,1.653076172,0.695458984,2.256103516,2.893066406,33.737771,453430.6059
1.731689453,0.835449219,1.653076172,0.695458984,1.437255859,4.997558594,53.978144,370631.8686
1.731689453,-1.234863281,-0.865966797,0.671533203,2.256103516,4.997558594,31.720015,408736.886
-1.255615234,0.835449219,-0.865966797,0.671533203,2.256103516,4.997558594,64.788501,467796.4342
-1.255615234,-1.234863281,1.653076172,0.671533203,2.256103516,4.997558594,64.383449,480450.743
-1.255615234,-1.234863281,-0.865966797,0.695458984,2.256103516,4.997558594,58.332037,457983.1243
-1.255615234,-1.234863281,-0.865966797,0.671533203,1.437255859,4.997558594,81.603757,369872.5875
-1.255615234,-1.234863281,-0.865966797,0.671533203,2.256103516,2.893066406,47.780693,469024.7495
-1.255615234,-1.234863281,-0.865966797,0.671533203,2.256103516,4.997558594,58.091894,456566.9759
0.856689453,-2.914550781,-0.971923828,0.520458984,1.062255859,4.143066406,75.554324,296032.5285
1.369384766,-2.914550781,-0.971923828,0.520458984,1.062255859,4.143066406,68.140846,290645.4523
0.856689453,-2.484863281,-0.971923828,0.520458984,1.062255859,4.143066406,76.096926,297601.6159
0.856689453,-2.914550781,0.009033203,0.520458984,1.062255859,4.143066406,74.929862,303043.1768
0.856689453,-2.914550781,-0.971923828,0.846533203,1.062255859,4.143066406,73.520818,314259.4094
0.856689453,-2.914550781,-0.971923828,0.520458984,1.881103516,4.143066406,36.636557,374465.9006
0.856689453,-2.914550781,-0.971923828,0.520458984,1.062255859,3.747558594,75.104842,298342.2303
0.856689453,-2.484863281,0.009033203,0.846533203,1.881103516,3.747558594,38.469534,402577.1071
1.369384766,-2.914550781,0.009033203,0.846533203,1.881103516,3.747558594,34.261987,393311.8704
1.369384766,-2.484863281,-0.971923828,0.846533203,1.881103516,3.747558594,34.336662,388704.9099
1.369384766,-2.484863281,0.009033203,0.520458984,1.881103516,3.747558594,33.483084,377230.4765
1.369384766,-2.484863281,0.009033203,0.846533203,1.062255859,3.747558594,65.605834,318877.5329
1.369384766,-2.484863281,0.009033203,0.846533203,1.881103516,4.143066406,35.741283,392971.8478
1.369384766,-2.484863281,0.009033203,0.846533203,1.881103516,3.747558594,34.794337,394855.3958
-0.893310547,-0.414550781,0.778076172,0.870458984,1.812255859,1.643066406,53.722175,450614.9097
-0.380615234,-0.414550781,0.778076172,0.870458984,1.812255859,1.643066406,49.496694,442894.2022
-0.893310547,0.015136719,0.778076172,0.870458984,1.812255859,1.643066406,54.583138,452463.5824
-0.893310547,-0.414550781,1.759033203,0.870458984,1.812255859,1.643066406,56.219142,460410.1947
-0.893310547,-0.414550781,0.778076172,0.496533203,1.812255859,1.643066406,52.34233,427959.0569
-0.893310547,-0.414550781,0.778076172,0.870458984,1.131103516,1.643066406,92.732106,379488.5043
-0.893310547,-0.414550781,0.778076172,0.870458984,1.812255859,1.247558594,53.633549,453364.3043
-0.893310547,0.015136719,1.759033203,0.496533203,1.131103516,1.247558594,102.942609,369264.3918
-0.380615234,-0.414550781,1.759033203,0.496533203,1.131103516,1.247558594,93.415699,362255.4856
-0.380615234,0.015136719,0.778076172,0.496533203,1.131103516,1.247558594,88.954477,355572.2633
-0.380615234,0.015136719,1.759033203,0.870458984,1.131103516,1.247558594,91.645362,386419.8508
-0.380615234,0.015136719,1.759033203,0.496533203,1.812255859,1.247558594,51.599539,434506.5516
-0.380615234,0.015136719,1.759033203,0.496533203,1.131103516,1.643066406,94.463748,361365.4884
-0.380615234,0.015136719,1.759033203,0.496533203,1.131103516,1.247558594,94.680361,363804.7257
-0.674560547,-0.727050781,-0.753173828,0.651708984,1.343505859,1.955566406,70.303489,373090.7556
0.275634766,-0.727050781,-0.753173828,0.651708984,1.343505859,1.955566406,59.483353,361139.8183
-0.674560547,0.952636719,-0.753173828,0.651708984,1.343505859,1.955566406,73.990746,380466.6189
-0.674560547,-0.727050781,1.102783203,0.651708984,1.343505859,1.955566406,71.122357,385319.4402
-0.674560547,-0.727050781,-0.753173828,0.977783203,1.343505859,1.955566406,70.912338,392663.7929
-0.674560547,-0.727050781,-0.753173828,0.651708984,1.037353516,1.955566406,102.577765,341394.4704
-0.674560547,-0.727050781,-0.753173828,0.651708984,1.343505859,0.310058594,70.853322,386448.6058
-0.674560547,0.952636719,1.102783203,0.977783203,1.037353516,0.310058594,109.566763,391111.0324
0.275634766,-0.727050781,1.102783203,0.977783203,1.037353516,0.310058594,88.115493,373510.6666
0.275634766,0.952636719,-0.753173828,0.977783203,1.037353516,0.310058594,90.375352,369584.08
0.275634766,0.952636719,1.102783203,0.651708984,1.037353516,0.310058594,95.223734,360911.438
0.275634766,0.952636719,1.102783203,0.977783203,1.343505859,0.310058594,66.356911,410772.8341
0.275634766,0.952636719,1.102783203,0.977783203,1.037353516,1.955566406,91.979316,369230.0368
0.275634766,0.952636719,1.102783203,0.977783203,1.037353516,0.310058594,93.639185,379960.8806
1.075439453,1.772949219,0.996826172,0.301708984,2.093505859,4.455566406,42.473305,418214.5793
-1.474365234,1.772949219,0.996826172,0.301708984,2.093505859,4.455566406,66.491424,452626.8745
1.075439453,-1.547363281,0.996826172,0.301708984,2.093505859,4.455566406,36.629378,400127.1236
1.075439453,1.772949219,-0.647216797,0.301708984,2.093505859,4.455566406,41.407051,404239.2968
1.075439453,1.772949219,0.996826172,0.627783203,2.093505859,4.455566406,44.261159,436689.9727
1.075439453,1.772949219,0.996826172,0.301708984,1.787353516,4.455566406,47.625447,388322.7264
1.075439453,1.772949219,0.996826172,0.301708984,2.093505859,2.810058594,38.298527,423821.7307
1.075439453,-1.547363281,-0.647216797,0.627783203,1.787353516,2.810058594,37.067636,383207.9416
-1.474365234,1.772949219,-0.647216797,0.627783203,1.787353516,2.810058594,65.573961,435802.6128
-1.474365234,-1.547363281,0.996826172,0.627783203,1.787353516,2.810058594,58.925046,431816.9876
-1.474365234,-1.547363281,-0.647216797,0.301708984,1.787353516,2.810058594,58.289348,399967.7755
-1.474365234,-1.547363281,-0.647216797,0.627783203,2.093505859,2.810058594,50.985091,452886.3729
-1.474365234,-1.547363281,-0.647216797,0.627783203,1.787353516,4.455566406,65.100958,409947.4279
-1.474365234,-1.547363281,-0.647216797,0.627783203,1.787353516,2.810058594,58.256867,420166.9451
1.950439453,-1.977050781,0.121826172,0.826708984,2.468505859,3.205566406,26.092668,443733.1572
1.150634766,-1.977050781,0.121826172,0.826708984,2.468505859,3.205566406,30.388992,457961.4991
1.950439453,-2.797363281,0.121826172,0.826708984,2.468505859,3.205566406,25.171953,440611.4184
1.950439453,-1.977050781,0.227783203,0.826708984,2.468505859,3.205566406,26.206069,444643.1583
1.950439453,-1.977050781,0.121826172,0.452783203,2.468505859,3.205566406,24.651159,424146.3553
1.950439453,-1.977050781,0.121826172,0.826708984,2.162353516,3.205566406,27.956223,416061.1463
1.950439453,-1.977050781,0.121826172,0.826708984,2.468505859,4.060058594,27.693747,439732.6654
1.950439453,-2.797363281,0.227783203,0.452783203,2.162353516,4.060058594,27.051518,390173.3861
1.150634766,-1.977050781,0.227783203,0.452783203,2.162353516,4.060058594,32.929855,405411.6881
1.150634766,-2.797363281,0.121826172,0.452783203,2.162353516,4.060058594,31.742083,401299.1332
1.150634766,-2.797363281,0.227783203,0.826708984,2.162353516,4.060058594,33.689409,422627.751
1.150634766,-2.797363281,0.227783203,0.452783203,2.468505859,4.060058594,29.620098,431040.628
1.150634766,-2.797363281,0.227783203,0.452783203,2.162353516,3.205566406,30.260796,406641.8669
1.150634766,-2.797363281,0.227783203,0.452783203,2.162353516,4.060058594,31.891727,402242.3442
0.200439453,0.522949219,1.871826172,0.476708984,1.718505859,0.705566406,51.941365,422782.1814
-0.599365234,0.522949219,1.871826172,0.476708984,1.718505859,0.705566406,58.603783,433385.8431
0.200439453,-0.297363281,1.871826172,0.476708984,1.718505859,0.705566406,50.089952,419463.2351
0.200439453,0.522949219,1.977783203,0.476708984,1.718505859,0.705566406,52.43814,423927.7062
0.200439453,0.522949219,1.871826172,0.802783203,1.718505859,0.705566406,52.746748,442177.0457
0.200439453,0.522949219,1.871826172,0.476708984,1.412353516,0.705566406,64.976851,391537.6083
0.200439453,0.522949219,1.871826172,0.476708984,1.718505859,1.560058594,50.905045,417507.7793
0.200439453,-0.297363281,1.977783203,0.802783203,1.412353516,1.560058594,62.152732,403440.6619
-0.599365234,0.522949219,1.977783203,0.802783203,1.412353516,1.560058594,72.731624,416823.8164
-0.599365234,-0.297363281,1.871826172,0.802783203,1.412353516,1.560058594,70.035534,412335.6005
-0.599365234,-0.297363281,1.977783203,0.476708984,1.412353516,1.560058594,71.178769,393465.5036
-0.599365234,-0.297363281,1.977783203,0.802783203,1.718505859,1.560058594,57.098874,445775.821
-0.599365234,-0.297363281,1.977783203,0.802783203,1.412353516,0.705566406,71.492777,419046.5627
-0.599365234,-0.297363281,1.977783203,0.802783203,1.412353516,1.560058594,70.630127,413504.0898
-0.237060547,-2.602050781,0.559326172,0.564208984,1.531005859,1.330566406,52.473497,387313.6714
1.588134766,-2.602050781,0.559326172,0.564208984,1.531005859,1.330566406,37.772481,363206.3372
-0.237060547,-2.172363281,0.559326172,0.564208984,1.531005859,1.330566406,52.974679,388536.901
-0.237060547,-2.602050781,-0.209716797,0.564208984,1.531005859,1.330566406,52.342767,382267.2711
-0.237060547,-2.602050781,0.559326172,0.540283203,1.531005859,1.330566406,52.508778,385911.434
-0.237060547,-2.602050781,0.559326172,0.564208984,2.349853516,1.330566406,35.706774,469630.6938
-0.237060547,-2.602050781,0.559326172,0.564208984,1.531005859,2.185058594,52.877157,381188.2719
-0.237060547,-2.172363281,-0.209716797,0.540283203,2.349853516,2.185058594,36.136536,457931.5672
1.588134766,-2.602050781,-0.209716797,0.540283203,2.349853516,2.185058594,25.645239,425478.5673
1.588134766,-2.172363281,0.559326172,0.540283203,2.349853516,2.185058594,26.668428,432887.5278
1.588134766,-2.172363281,-0.209716797,0.564208984,2.349853516,2.185058594,26.157596,428247.5517
1.588134766,-2.172363281,-0.209716797,0.540283203,1.531005859,2.185058594,37.916676,351769.5741
1.588134766,-2.172363281,-0.209716797,0.540283203,2.349853516,1.330566406,25.965017,433071.1614
1.588134766,-2.172363281,-0.209716797,0.540283203,2.349853516,2.185058594,26.084308,426967.1514
1.512939453,-0.102050781,-1.190673828,0.914208984,2.281005859,3.830566406,33.678787,437761.1022
-0.161865234,-0.102050781,-1.190673828,0.914208984,2.281005859,3.830566406,46.002853,466180.0226
1.512939453,0.327636719,-1.190673828,0.914208984,2.281005859,3.830566406,34.609014,440377.9991
1.512939453,-0.102050781,1.540283203,0.914208984,2.281005859,3.830566406,36.45544,461205.6062
1.512939453,-0.102050781,-1.190673828,0.890283203,2.281005859,3.830566406,33.538473,436446.8609
1.512939453,-0.102050781,-1.190673828,0.914208984,1.599853516,3.830566406,43.385874,373755.421
1.512939453,-0.102050781,-1.190673828,0.914208984,2.281005859,4.685058594,36.12627,433847.8657
1.512939453,0.327636719,1.540283203,0.890283203,1.599853516,4.685058594,49.644715,395577.722
-0.161865234,-0.102050781,1.540283203,0.890283203,1.599853516,4.685058594,66.805817,414455.2674
-0.161865234,0.327636719,-1.190673828,0.890283203,1.599853516,4.685058594,64.441578,393377.2261
-0.161865234,0.327636719,1.540283203,0.914208984,1.599853516,4.685058594,68.099893,418091.9704
-0.161865234,0.327636719,1.540283203,0.890283203,2.281005859,4.685058594,55.137769,486520.4159
-0.161865234,0.327636719,1.540283203,0.890283203,1.599853516,3.830566406,62.511836,419325.8753
-0.161865234,0.327636719,1.540283203,0.890283203,1.599853516,4.685058594,67.87072,416655.7303
0.637939453,-1.352050781,1.434326172,0.389208984,1.906005859,2.580566406,39.359541,406801.5839
0.713134766,-1.352050781,1.434326172,0.389208984,1.906005859,2.580566406,38.851253,405772.2328
0.637939453,1.577636719,1.434326172,0.389208984,1.906005859,2.580566406,44.388326,420654.961
0.637939453,-1.352050781,0.665283203,0.389208984,1.906005859,2.580566406,37.966832,398960.0449
0.637939453,-1.352050781,1.434326172,0.715283203,1.906005859,2.580566406,40.202364,425395.5893
0.637939453,-1.352050781,1.434326172,0.389208984,1.224853516,2.580566406,67.435998,340200.7026
0.637939453,-1.352050781,1.434326172,0.389208984,1.906005859,3.435058594,40.929135,402721.6734
0.637939453,1.577636719,0.665283203,0.715283203,1.224853516,3.435058594,70.996603,360731.1536
0.713134766,-1.352050781,0.665283203,0.715283203,1.224853516,3.435058594,63.065803,346023.2348
0.713134766,1.577636719,1.434326172,0.715283203,1.224853516,3.435058594,72.869669,367406.119
0.713134766,1.577636719,0.665283203,0.389208984,1.224853516,3.435058594,72.078456,341242.9972
0.713134766,1.577636719,0.665283203,0.715283203,1.906005859,3.435058594,45.410881,426962.2563
0.713134766,1.577636719,0.665283203,0.715283203,1.224853516,2.580566406,68.23225,363776.5192
0.713134766,1.577636719,0.665283203,0.715283203,1.224853516,3.435058594,70.055106,359907.4182