Span,Height,Amplitude,Beam_tip_depth,Beam_start_depth,bc_X_position
-0.730957031,-2.516601563,0.314941406,0.773730469,1.420410156,4.536132813
-1.339355469,-2.516601563,0.314941406,0.773730469,1.420410156,4.536132813
-0.730957031,1.497070313,0.314941406,0.773730469,1.420410156,4.536132813
-0.730957031,-2.516601563,0.253417969,0.773730469,1.420410156,4.536132813
-0.730957031,-2.516601563,0.314941406,0.348535156,1.420410156,4.536132813
-0.730957031,-2.516601563,0.314941406,0.773730469,1.127441406,4.536132813
-0.730957031,-2.516601563,0.314941406,0.773730469,1.420410156,1.274414063
-0.730957031,1.497070313,0.253417969,0.348535156,1.127441406,1.274414063
-1.339355469,-2.516601563,0.253417969,0.348535156,1.127441406,1.274414063
-1.339355469,1.497070313,0.314941406,0.348535156,1.127441406,1.274414063
-1.339355469,1.497070313,0.253417969,0.773730469,1.127441406,1.274414063
-1.339355469,1.497070313,0.253417969,0.348535156,1.420410156,1.274414063
-1.339355469,1.497070313,0.253417969,0.348535156,1.127441406,4.536132813
-1.339355469,1.497070313,0.253417969,0.348535156,1.127441406,1.274414063
1.019042969,-0.016601563,-1.435058594,0.423730469,2.170410156,2.036132813
0.410644531,-0.016601563,-1.435058594,0.423730469,2.170410156,2.036132813
1.019042969,-1.002929688,-1.435058594,0.423730469,2.170410156,2.036132813
1.019042969,-0.016601563,-1.496582031,0.423730469,2.170410156,2.036132813
1.019042969,-0.016601563,-1.435058594,0.698535156,2.170410156,2.036132813
1.019042969,-0.016601563,-1.435058594,0.423730469,1.877441406,2.036132813
1.019042969,-0.016601563,-1.435058594,0.423730469,2.170410156,3.774414063
1.019042969,-1.002929688,-1.496582031,0.698535156,1.877441406,3.774414063
0.410644531,-0.016601563,-1.496582031,0.698535156,1.877441406,3.774414063
0.410644531,-1.002929688,-1.435058594,0.698535156,1.877441406,3.774414063
0.410644531,-1.002929688,-1.496582031,0.423730469,1.877441406,3.774414063
0.410644531,-1.002929688,-1.496582031,0.698535156,2.170410156,3.774414063
0.410644531,-1.002929688,-1.496582031,0.698535156,1.877441406,2.036132813
0.410644531,-1.002929688,-1.496582031,0.698535156,1.877441406,3.774414063
1.894042969,-1.266601563,1.189941406,0.948730469,1.795410156,0.786132813
-0.464355469,-1.266601563,1.189941406,0.948730469,1.795410156,0.786132813
1.894042969,-2.252929688,1.189941406,0.948730469,1.795410156,0.786132813
1.894042969,-1.266601563,-0.621582031,0.948730469,1.795410156,0.786132813
1.894042969,-1.266601563,1.189941406,0.873535156,1.795410156,0.786132813
1.894042969,-1.266601563,1.189941406,0.948730469,2.252441406,0.786132813
1.894042969,-1.266601563,1.189941406,0.948730469,1.795410156,2.524414063
1.894042969,-2.252929688,-0.621582031,0.873535156,2.252441406,2.524414063
-0.464355469,-1.266601563,-0.621582031,0.873535156,2.252441406,2.524414063
-0.464355469,-2.252929688,1.189941406,0.873535156,2.252441406,2.524414063
-0.464355469,-2.252929688,-0.621582031,0.948730469,2.252441406,2.524414063
-0.464355469,-2.252929688,-0.621582031,0.873535156,1.795410156,2.524414063
-0.464355469,-2.252929688,-0.621582031,0.873535156,2.252441406,0.786132813
-0.464355469,-2.252929688,-0.621582031,0.873535156,2.252441406,2.524414063
0.144042969,1.233398438,-0.560058594,0.598730469,1.045410156,3.286132813
1.285644531,1.233398438,-0.560058594,0.598730469,1.045410156,3.286132813
0.144042969,0.247070313,-0.560058594,0.598730469,1.045410156,3.286132813
0.144042969,1.233398438,1.128417969,0.598730469,1.045410156,3.286132813
0.144042969,1.233398438,-0.560058594,0.523535156,1.045410156,3.286132813
0.144042969,1.233398438,-0.560058594,0.598730469,1.502441406,3.286132813
0.144042969,1.233398438,-0.560058594,0.598730469,1.045410156,0.024414063
0.144042969,0.247070313,1.128417969,0.523535156,1.502441406,0.024414063
1.285644531,1.233398438,1.128417969,0.523535156,1.502441406,0.024414063
1.285644531,0.247070313,-0.560058594,0.523535156,1.502441406,0.024414063
1.285644531,0.247070313,1.128417969,0.598730469,1.502441406,0.024414063
1.285644531,0.247070313,1.128417969,0.523535156,1.045410156,0.024414063
1.285644531,0.247070313,1.128417969,0.523535156,1.502441406,3.286132813
1.285644531,0.247070313,1.128417969,0.523535156,1.502441406,0.024414063
-0.293457031,-0.641601563,-0.997558594,0.511230469,1.232910156,3.911132813
-0.026855469,-0.641601563,-0.997558594,0.511230469,1.232910156,3.911132813
-0.293457031,-2.877929688,-0.997558594,0.511230469,1.232910156,3.911132813
-0.293457031,-0.641601563,-0.184082031,0.511230469,1.232910156,3.911132813
-0.293457031,-0.641601563,-0.997558594,0.786035156,1.232910156,3.911132813
-0.293457031,-0.641601563,-0.997558594,0.511230469,2.439941406,3.911132813
-0.293457031,-0.641601563,-0.997558594,0.511230469,1.232910156,0.649414063
-0.293457031,-2.877929688,-0.184082031,0.786035156,2.439941406,0.649414063
-0.026855469,-0.641601563,-0.184082031,0.786035156,2.439941406,0.649414063
-0.026855469,-2.877929688,-0.997558594,0.786035156,2.439941406,0.649414063
-0.026855469,-2.877929688,-0.184082031,0.511230469,2.439941406,0.649414063
-0.026855469,-2.877929688,-0.184082031,0.786035156,1.232910156,0.649414063
-0.026855469,-2.877929688,-0.184082031,0.786035156,2.439941406,3.911132813
-0.026855469,-2.877929688,-0.184082031,0.786035156,2.439941406,0.649414063
1.456542969,1.858398438,0.752441406,0.861230469,1.982910156,1.411132813
1.723144531,1.858398438,0.752441406,0.861230469,1.982910156,1.411132813
1.456542969,-0.377929688,0.752441406,0.861230469,1.982910156,1.411132813
1.456542969,1.858398438,1.565917969,0.861230469,1.982910156,1.411132813
1.456542969,1.858398438,0.752441406,0.436035156,1.982910156,1.411132813
1.456542969,1.858398438,0.752441406,0.861230469,1.689941406,1.411132813
1.456542969,1.858398438,0.752441406,0.861230469,1.982910156,3.149414063
1.456542969,-0.377929688,1.565917969,0.436035156,1.689941406,3.149414063
1.723144531,1.858398438,1.565917969,0.436035156,1.689941406,3.149414063
1.723144531,-0.377929688,0.752441406,0.436035156,1.689941406,3.149414063
1.723144531,-0.377929688,1.565917969,0.861230469,1.689941406,3.149414063
1.723144531,-0.377929688,1.565917969,0.436035156,1.982910156,3.149414063
1.723144531,-0.377929688,1.565917969,0.436035156,1.689941406,1.411132813
1.723144531,-0.377929688,1.565917969,0.436035156,1.689941406,3.149414063
0.581542969,-1.891601563,-0.122558594,0.336230469,2.357910156,0.161132813
-0.901855469,-1.891601563,-0.122558594,0.336230469,2.357910156,0.161132813
0.581542969,0.872070313,-0.122558594,0.336230469,2.357910156,0.161132813
0.581542969,-1.891601563,0.690917969,0.336230469,2.357910156,0.161132813
0.581542969,-1.891601563,-0.122558594,0.611035156,2.357910156,0.161132813
0.581542969,-1.891601563,-0.122558594,0.336230469,1.314941406,0.161132813
0.581542969,-1.891601563,-0.122558594,0.336230469,2.357910156,4.399414063
0.581542969,0.872070313,0.690917969,0.611035156,1.314941406,4.399414063
-0.901855469,-1.891601563,0.690917969,0.611035156,1.314941406,4.399414063
-0.901855469,0.872070313,-0.122558594,0.611035156,1.314941406,4.399414063
-0.901855469,0.872070313,0.690917969,0.336230469,1.314941406,4.399414063
-0.901855469,0.872070313,0.690917969,0.611035156,2.357910156,4.399414063
-0.901855469,0.872070313,0.690917969,0.611035156,1.314941406,0.161132813
-0.901855469,0.872070313,0.690917969,0.611035156,1.314941406,4.399414063
-1.168457031,0.608398438,1.627441406,0.686230469,1.607910156,2.661132813
0.848144531,0.608398438,1.627441406,0.686230469,1.607910156,2.661132813
-1.168457031,-1.627929688,1.627441406,0.686230469,1.607910156,2.661132813
-1.168457031,0.608398438,-1.059082031,0.686230469,1.607910156,2.661132813
-1.168457031,0.608398438,1.627441406,0.961035156,1.607910156,2.661132813
-1.168457031,0.608398438,1.627441406,0.686230469,2.064941406,2.661132813
-1.168457031,0.608398438,1.627441406,0.686230469,1.607910156,1.899414063
-1.168457031,-1.627929688,-1.059082031,0.961035156,2.064941406,1.899414063
0.848144531,0.608398438,-1.059082031,0.961035156,2.064941406,1.899414063
0.848144531,-1.627929688,1.627441406,0.961035156,2.064941406,1.899414063
0.848144531,-1.627929688,-1.059082031,0.686230469,2.064941406,1.899414063
0.848144531,-1.627929688,-1.059082031,0.961035156,1.607910156,1.899414063
0.848144531,-1.627929688,-1.059082031,0.961035156,2.064941406,2.661132813
0.848144531,-1.627929688,-1.059082031,0.961035156,2.064941406,1.899414063
-1.277832031,-2.047851563,-1.325683594,0.620605469,1.936035156,1.254882813
1.832519531,-2.047851563,-1.325683594,0.620605469,1.936035156,1.254882813
-1.277832031,1.028320313,-1.325683594,0.620605469,1.936035156,1.254882813
-1.277832031,-2.047851563,-1.387207031,0.620605469,1.936035156,1.254882813
-1.277832031,-2.047851563,-1.325683594,0.589160156,1.936035156,1.254882813
-1.277832031,-2.047851563,-1.325683594,0.620605469,2.111816406,1.254882813
-1.277832031,-2.047851563,-1.325683594,0.620605469,1.936035156,1.118164063
-1.277832031,1.028320313,-1.387207031,0.589160156,2.111816406,1.118164063
1.832519531,-2.047851563,-1.387207031,0.589160156,2.111816406,1.118164063
1.832519531,1.028320313,-1.325683594,0.589160156,2.111816406,1.118164063
1.832519531,1.028320313,-1.387207031,0.620605469,2.111816406,1.118164063
1.832519531,1.028320313,-1.387207031,0.589160156,1.936035156,1.118164063
1.832519531,1.028320313,-1.387207031,0.589160156,2.111816406,1.254882813
1.832519531,1.028320313,-1.387207031,0.589160156,2.111816406,1.118164063
0.472167969,0.452148438,0.424316406,0.970605469,1.186035156,3.754882813
0.082519531,0.452148438,0.424316406,0.970605469,1.186035156,3.754882813
0.472167969,-1.471679688,0.424316406,0.970605469,1.186035156,3.754882813
0.472167969,0.452148438,0.362792969,0.970605469,1.186035156,3.754882813
0.472167969,0.452148438,0.424316406,0.939160156,1.186035156,3.754882813
0.472167969,0.452148438,0.424316406,0.970605469,1.361816406,3.754882813
0.472167969,0.452148438,0.424316406,0.970605469,1.186035156,3.618164063
0.472167969,-1.471679688,0.362792969,0.939160156,1.361816406,3.618164063
0.082519531,0.452148438,0.362792969,0.939160156,1.361816406,3.618164063
0.082519531,-1.471679688,0.424316406,0.939160156,1.361816406,3.618164063
0.082519531,-1.471679688,0.362792969,0.970605469,1.361816406,3.618164063
0.082519531,-1.471679688,0.362792969,0.939160156,1.186035156,3.618164063
0.082519531,-1.471679688,0.362792969,0.939160156,1.361816406,3.754882813
0.082519531,-1.471679688,0.362792969,0.939160156,1.361816406,3.618164063
1.347167969,-0.797851563,-0.450683594,0.445605469,1.561035156,2.504882813
0.957519531,-0.797851563,-0.450683594,0.445605469,1.561035156,2.504882813
1.347167969,-2.721679688,-0.450683594,0.445605469,1.561035156,2.504882813
1.347167969,-0.797851563,1.237792969,0.445605469,1.561035156,2.504882813
1.347167969,-0.797851563,-0.450683594,0.764160156,1.561035156,2.504882813
1.347167969,-0.797851563,-0.450683594,0.445605469,1.736816406,2.504882813
1.347167969,-0.797851563,-0.450683594,0.445605469,1.561035156,4.868164063
1.347167969,-2.721679688,1.237792969,0.764160156,1.736816406,4.868164063
0.957519531,-0.797851563,1.237792969,0.764160156,1.736816406,4.868164063
0.957519531,-2.721679688,-0.450683594,0.764160156,1.736816406,4.868164063
0.957519531,-2.721679688,1.237792969,0.445605469,1.736816406,4.868164063
0.957519531,-2.721679688,1.237792969,0.764160156,1.561035156,4.868164063
0.957519531,-2.721679688,1.237792969,0.764160156,1.736816406,2.504882813
0.957519531,-2.721679688,1.237792969,0.764160156,1.736816406,4.868164063
-0.402832031,1.702148438,1.299316406,0.795605469,2.311035156,0.004882813
-0.792480469,1.702148438,1.299316406,0.795605469,2.311035156,0.004882813
-0.402832031,-0.221679688,1.299316406,0.795605469,2.311035156,0.004882813
-0.402832031,1.702148438,-0.512207031,0.795605469,2.311035156,0.004882813
-0.402832031,1.702148438,1.299316406,0.414160156,2.311035156,0.004882813
-0.402832031,1.702148438,1.299316406,0.795605469,2.486816406,0.004882813
-0.402832031,1.702148438,1.299316406,0.795605469,2.311035156,2.368164063
-0.402832031,-0.221679688,-0.512207031,0.414160156,2.486816406,2.368164063
-0.792480469,1.702148438,-0.512207031,0.414160156,2.486816406,2.368164063
-0.792480469,-0.221679688,1.299316406,0.414160156,2.486816406,2.368164063
-0.792480469,-0.221679688,-0.512207031,0.795605469,2.486816406,2.368164063
-0.792480469,-0.221679688,-0.512207031,0.414160156,2.311035156,2.368164063
-0.792480469,-0.221679688,-0.512207031,0.414160156,2.486816406,0.004882813
-0.792480469,-0.221679688,-0.512207031,0.414160156,2.486816406,2.368164063
0.034667969,-1.422851563,0.861816406,0.708105469,2.498535156,1.879882813
0.520019531,-1.422851563,0.861816406,0.708105469,2.498535156,1.879882813
0.034667969,-2.096679688,0.861816406,0.708105469,2.498535156,1.879882813
0.034667969,-1.422851563,1.675292969,0.708105469,2.498535156,1.879882813
0.034667969,-1.422851563,0.861816406,0.851660156,2.498535156,1.879882813
0.034667969,-1.422851563,0.861816406,0.708105469,1.549316406,1.879882813
0.034667969,-1.422851563,0.861816406,0.708105469,2.498535156,1.743164063
0.034667969,-2.096679688,1.675292969,0.851660156,1.549316406,1.743164063
0.520019531,-1.422851563,1.675292969,0.851660156,1.549316406,1.743164063
0.520019531,-2.096679688,0.861816406,0.851660156,1.549316406,1.743164063
0.520019531,-2.096679688,1.675292969,0.708105469,1.549316406,1.743164063
0.520019531,-2.096679688,1.675292969,0.851660156,2.498535156,1.743164063
0.520019531,-2.096679688,1.675292969,0.851660156,1.549316406,1.879882813
0.520019531,-2.096679688,1.675292969,0.851660156,1.549316406,1.743164063
1.784667969,1.077148438,-0.888183594,0.358105469,1.748535156,4.379882813
-1.229980469,1.077148438,-0.888183594,0.358105469,1.748535156,4.379882813
1.784667969,0.403320313,-0.888183594,0.358105469,1.748535156,4.379882813
1.784667969,1.077148438,-0.074707031,0.358105469,1.748535156,4.379882813
1.784667969,1.077148438,-0.888183594,0.501660156,1.748535156,4.379882813
1.784667969,1.077148438,-0.888183594,0.358105469,2.299316406,4.379882813
1.784667969,1.077148438,-0.888183594,0.358105469,1.748535156,4.243164063
1.784667969,0.403320313,-0.074707031,0.501660156,2.299316406,4.243164063
-1.229980469,1.077148438,-0.074707031,0.501660156,2.299316406,4.243164063
-1.229980469,0.403320313,-0.888183594,0.501660156,2.299316406,4.243164063
-1.229980469,0.403320313,-0.074707031,0.358105469,2.299316406,4.243164063
-1.229980469,0.403320313,-0.074707031,0.501660156,1.748535156,4.243164063
-1.229980469,0.403320313,-0.074707031,0.501660156,2.299316406,4.379882813
-1.229980469,0.403320313,-0.074707031,0.501660156,2.299316406,4.243164063
0.909667969,-2.672851563,1.736816406,0.883105469,1.373535156,3.129882813
1.395019531,-2.672851563,1.736816406,0.883105469,1.373535156,3.129882813
0.909667969,1.653320313,1.736816406,0.883105469,1.373535156,3.129882813
0.909667969,-2.672851563,-0.949707031,0.883105469,1.373535156,3.129882813
0.909667969,-2.672851563,1.736816406,0.326660156,1.373535156,3.129882813
0.909667969,-2.672851563,1.736816406,0.883105469,1.924316406,3.129882813
0.909667969,-2.672851563,1.736816406,0.883105469,1.373535156,2.993164063
0.909667969,1.653320313,-0.949707031,0.326660156,1.924316406,2.993164063
1.395019531,-2.672851563,-0.949707031,0.326660156,1.924316406,2.993164063
1.395019531,1.653320313,1.736816406,0.326660156,1.924316406,2.993164063
1.395019531,1.653320313,-0.949707031,0.883105469,1.924316406,2.993164063
1.395019531,1.653320313,-0.949707031,0.326660156,1.373535156,2.993164063
1.395019531,1.653320313,-0.949707031,0.326660156,1.924316406,3.129882813
1.395019531,1.653320313,-0.949707031,0.326660156,1.924316406,2.993164063
-0.840332031,-0.172851563,-0.013183594,0.533105469,2.123535156,0.629882813
-0.354980469,-0.172851563,-0.013183594,0.533105469,2.123535156,0.629882813
-0.840332031,-0.846679688,-0.013183594,0.533105469,2.123535156,0.629882813
-0.840332031,-0.172851563,0.800292969,0.533105469,2.123535156,0.629882813
-0.840332031,-0.172851563,-0.013183594,0.676660156,2.123535156,0.629882813
-0.840332031,-0.172851563,-0.013183594,0.533105469,1.174316406,0.629882813
-0.840332031,-0.172851563,-0.013183594,0.533105469,2.123535156,0.493164063
-0.840332031,-0.846679688,0.800292969,0.676660156,1.174316406,0.493164063
-0.354980469,-0.172851563,0.800292969,0.676660156,1.174316406,0.493164063
-0.354980469,-0.846679688,-0.013183594,0.676660156,1.174316406,0.493164063
-0.354980469,-0.846679688,0.800292969,0.533105469,1.174316406,0.493164063
-0.354980469,-0.846679688,0.800292969,0.676660156,2.123535156,0.493164063
-0.354980469,-0.846679688,0.800292969,0.676660156,1.174316406,0.629882813
-0.354980469,-0.846679688,0.800292969,0.676660156,1.174316406,0.493164063
-1.059082031,-1.110351563,1.955566406,0.314355469,1.092285156,0.317382813
0.301269531,-1.110351563,1.955566406,0.314355469,1.092285156,0.317382813
-1.059082031,-1.784179688,1.955566406,0.314355469,1.092285156,0.317382813
-1.059082031,-1.110351563,1.894042969,0.314355469,1.092285156,0.317382813
-1.059082031,-1.110351563,1.955566406,0.457910156,1.092285156,0.317382813
-1.059082031,-1.110351563,1.955566406,0.314355469,1.080566406,0.317382813
-1.059082031,-1.110351563,1.955566406,0.314355469,1.092285156,0.805664063
-1.059082031,-1.784179688,1.894042969,0.457910156,1.080566406,0.805664063
0.301269531,-1.110351563,1.894042969,0.457910156,1.080566406,0.805664063
0.301269531,-1.784179688,1.955566406,0.457910156,1.080566406,0.805664063
0.301269531,-1.784179688,1.894042969,0.314355469,1.080566406,0.805664063
0.301269531,-1.784179688,1.894042969,0.457910156,1.092285156,0.805664063
0.301269531,-1.784179688,1.894042969,0.457910156,1.080566406,0.317382813
0.301269531,-1.784179688,1.894042969,0.457910156,1.080566406,0.805664063
0.690917969,1.389648438,0.205566406,0.664355469,1.842285156,2.817382813
-1.448730469,1.389648438,0.205566406,0.664355469,1.842285156,2.817382813
0.690917969,0.715820313,0.205566406,0.664355469,1.842285156,2.817382813
0.690917969,1.389648438,0.144042969,0.664355469,1.842285156,2.817382813
0.690917969,1.389648438,0.205566406,0.807910156,1.842285156,2.817382813
0.690917969,1.389648438,0.205566406,0.664355469,1.830566406,2.817382813
0.690917969,1.389648438,0.205566406,0.664355469,1.842285156,3.305664063
0.690917969,0.715820313,0.144042969,0.807910156,1.830566406,3.305664063
-1.448730469,1.389648438,0.144042969,0.807910156,1.830566406,3.305664063
-1.448730469,0.715820313,0.205566406,0.807910156,1.830566406,3.305664063
-1.448730469,0.715820313,0.144042969,0.664355469,1.830566406,3.305664063
-1.448730469,0.715820313,0.144042969,0.807910156,1.842285156,3.305664063
-1.448730469,0.715820313,0.144042969,0.807910156,1.830566406,2.817382813
-1.448730469,0.715820313,0.144042969,0.807910156,1.830566406,3.305664063
1.565917969,-2.360351563,1.080566406,0.489355469,2.217285156,4.067382813
1.176269531,-2.360351563,1.080566406,0.489355469,2.217285156,4.067382813
1.565917969,1.965820313,1.080566406,0.489355469,2.217285156,4.067382813
1.565917969,-2.360351563,-0.730957031,0.489355469,2.217285156,4.067382813
1.565917969,-2.360351563,1.080566406,0.982910156,2.217285156,4.067382813
1.565917969,-2.360351563,1.080566406,0.489355469,2.205566406,4.067382813
1.565917969,-2.360351563,1.080566406,0.489355469,2.217285156,4.555664063
1.565917969,1.965820313,-0.730957031,0.982910156,2.205566406,4.555664063
1.176269531,-2.360351563,-0.730957031,0.982910156,2.205566406,4.555664063
1.176269531,1.965820313,1.080566406,0.982910156,2.205566406,4.555664063
1.176269531,1.965820313,-0.730957031,0.489355469,2.205566406,4.555664063
1.176269531,1.965820313,-0.730957031,0.982910156,2.217285156,4.555664063
1.176269531,1.965820313,-0.730957031,0.982910156,2.205566406,4.067382813
1.176269531,1.965820313,-0.730957031,0.982910156,2.205566406,4.555664063
-0.184082031,0.139648438,-0.669433594,0.839355469,1.467285156,1.567382813
-0.573730469,0.139648438,-0.669433594,0.839355469,1.467285156,1.567382813
-0.184082031,-0.534179688,-0.669433594,0.839355469,1.467285156,1.567382813
-0.184082031,0.139648438,1.019042969,0.839355469,1.467285156,1.567382813
-0.184082031,0.139648438,-0.669433594,0.632910156,1.467285156,1.567382813
-0.184082031,0.139648438,-0.669433594,0.839355469,1.455566406,1.567382813
-0.184082031,0.139648438,-0.669433594,0.839355469,1.467285156,2.055664063
-0.184082031,-0.534179688,1.019042969,0.632910156,1.455566406,2.055664063
-0.573730469,0.139648438,1.019042969,0.632910156,1.455566406,2.055664063
-0.573730469,-0.534179688,-0.669433594,0.632910156,1.455566406,2.055664063
-0.573730469,-0.534179688,1.019042969,0.839355469,1.455566406,2.055664063
-0.573730469,-0.534179688,1.019042969,0.632910156,1.467285156,2.055664063
-0.573730469,-0.534179688,1.019042969,0.632910156,1.455566406,1.567382813
-0.573730469,-0.534179688,1.019042969,0.632910156,1.455566406,2.055664063
-0.621582031,-2.985351563,-0.231933594,0.926855469,1.654785156,0.942382813
1.613769531,-2.985351563,-0.231933594,0.926855469,1.654785156,0.942382813
-0.621582031,1.340820313,-0.231933594,0.926855469,1.654785156,0.942382813
-0.621582031,-2.985351563,-1.168457031,0.926855469,1.654785156,0.942382813
-0.621582031,-2.985351563,-0.231933594,0.720410156,1.654785156,0.942382813
-0.621582031,-2.985351563,-0.231933594,0.926855469,2.393066406,0.942382813
-0.621582031,-2.985351563,-0.231933594,0.926855469,1.654785156,1.430664063
-0.621582031,1.340820313,-1.168457031,0.720410156,2.393066406,1.430664063
1.613769531,-2.985351563,-1.168457031,0.720410156,2.393066406,1.430664063
1.613769531,1.340820313,-0.231933594,0.720410156,2.393066406,1.430664063
1.613769531,1.340820313,-1.168457031,0.926855469,2.393066406,1.430664063
1.613769531,1.340820313,-1.168457031,0.720410156,1.654785156,1.430664063
1.613769531,1.340820313,-1.168457031,0.720410156,2.393066406,0.942382813
1.613769531,1.340820313,-1.168457031,0.720410156,2.393066406,1.430664063
1.128417969,-0.485351563,1.518066406,0.576855469,2.404785156,3.442382813
-0.136230469,-0.485351563,1.518066406,0.576855469,2.404785156,3.442382813
1.128417969,-1.159179688,1.518066406,0.576855469,2.404785156,3.442382813
1.128417969,-0.485351563,0.581542969,0.576855469,2.404785156,3.442382813
1.128417969,-0.485351563,1.518066406,0.370410156,2.404785156,3.442382813
1.128417969,-0.485351563,1.518066406,0.576855469,1.643066406,3.442382813
1.128417969,-0.485351563,1.518066406,0.576855469,2.404785156,3.930664063
1.128417969,-1.159179688,0.581542969,0.370410156,1.643066406,3.930664063
-0.136230469,-0.485351563,0.581542969,0.370410156,1.643066406,3.930664063
-0.136230469,-1.159179688,1.518066406,0.370410156,1.643066406,3.930664063
-0.136230469,-1.159179688,0.581542969,0.576855469,1.643066406,3.930664063
-0.136230469,-1.159179688,0.581542969,0.370410156,2.404785156,3.930664063
-0.136230469,-1.159179688,0.581542969,0.370410156,1.643066406,3.442382813
-0.136230469,-1.159179688,0.581542969,0.370410156,1.643066406,3.930664063
0.253417969,-1.735351563,-1.106933594,0.751855469,2.029785156,4.692382813
0.738769531,-1.735351563,-1.106933594,0.751855469,2.029785156,4.692382813
0.253417969,-2.409179688,-1.106933594,0.751855469,2.029785156,4.692382813
0.253417969,-1.735351563,1.456542969,0.751855469,2.029785156,4.692382813
0.253417969,-1.735351563,-1.106933594,0.545410156,2.029785156,4.692382813
0.253417969,-1.735351563,-1.106933594,0.751855469,1.268066406,4.692382813
0.253417969,-1.735351563,-1.106933594,0.751855469,2.029785156,2.680664063
0.253417969,-2.409179688,1.456542969,0.545410156,1.268066406,2.680664063
0.738769531,-1.735351563,1.456542969,0.545410156,1.268066406,2.680664063
0.738769531,-2.409179688,-1.106933594,0.545410156,1.268066406,2.680664063
0.738769531,-2.409179688,1.456542969,0.751855469,1.268066406,2.680664063
0.738769531,-2.409179688,1.456542969,0.545410156,2.029785156,2.680664063
0.738769531,-2.409179688,1.456542969,0.545410156,1.268066406,4.692382813
0.738769531,-2.409179688,1.456542969,0.545410156,1.268066406,2.680664063
-1.496582031,0.764648438,0.643066406,0.401855469,1.279785156,2.192382813
-1.011230469,0.764648438,0.643066406,0.401855469,1.279785156,2.192382813
-1.496582031,0.090820313,0.643066406,0.401855469,1.279785156,2.192382813
-1.496582031,0.764648438,-0.293457031,0.401855469,1.279785156,2.192382813
-1.496582031,0.764648438,0.643066406,0.895410156,1.279785156,2.192382813
-1.496582031,0.764648438,0.643066406,0.401855469,2.018066406,2.192382813
-1.496582031,0.764648438,0.643066406,0.401855469,1.279785156,0.180664063
-1.496582031,0.090820313,-0.293457031,0.895410156,2.018066406,0.180664063
-1.011230469,0.764648438,-0.293457031,0.895410156,2.018066406,0.180664063
-1.011230469,0.090820313,0.643066406,0.895410156,2.018066406,0.180664063
-1.011230469,0.090820313,-0.293457031,0.401855469,2.018066406,0.180664063
-1.011230469,0.090820313,-0.293457031,0.895410156,1.279785156,0.180664063
-1.011230469,0.090820313,-0.293457031,0.895410156,2.018066406,2.192382813
-1.011230469,0.090820313,-0.293457031,0.895410156,2.018066406,0.180664063
-1.494873047,-1.117675781,0.067138672,0.640771484,1.835693359,4.221191406
-0.654052734,-1.117675781,0.067138672,0.640771484,1.835693359,4.221191406
-1.494873047,-0.062988281,0.067138672,0.640771484,1.835693359,4.221191406
-1.494873047,-1.117675781,0.938720703,0.640771484,1.835693359,4.221191406
-1.494873047,-1.117675781,0.067138672,0.769970703,1.835693359,4.221191406
-1.494873047,-1.117675781,0.067138672,0.640771484,2.232666016,4.221191406
-1.494873047,-1.117675781,0.067138672,0.640771484,1.835693359,4.606933594
-1.494873047,-0.062988281,0.938720703,0.769970703,2.232666016,4.606933594
-0.654052734,-1.117675781,0.938720703,0.769970703,2.232666016,4.606933594
-0.654052734,-0.062988281,0.067138672,0.769970703,2.232666016,4.606933594
-0.654052734,-0.062988281,0.938720703,0.640771484,2.232666016,4.606933594
-0.654052734,-0.062988281,0.938720703,0.769970703,1.835693359,4.606933594
-0.654052734,-0.062988281,0.938720703,0.769970703,2.232666016,4.221191406
-0.654052734,-0.062988281,0.938720703,0.769970703,2.232666016,4.606933594
0.255126953,1.382324219,1.817138672,0.990771484,1.085693359,1.721191406
1.095947266,1.382324219,1.817138672,0.990771484,1.085693359,1.721191406
0.255126953,-2.562988281,1.817138672,0.990771484,1.085693359,1.721191406
0.255126953,1.382324219,-0.811279297,0.990771484,1.085693359,1.721191406
0.255126953,1.382324219,1.817138672,0.419970703,1.085693359,1.721191406
0.255126953,1.382324219,1.817138672,0.990771484,1.482666016,1.721191406
0.255126953,1.382324219,1.817138672,0.990771484,1.085693359,2.106933594
0.255126953,-2.562988281,-0.811279297,0.419970703,1.482666016,2.106933594
1.095947266,1.382324219,-0.811279297,0.419970703,1.482666016,2.106933594
1.095947266,-2.562988281,1.817138672,0.419970703,1.482666016,2.106933594
1.095947266,-2.562988281,-0.811279297,0.990771484,1.482666016,2.106933594
1.095947266,-2.562988281,-0.811279297,0.419970703,1.085693359,2.106933594
1.095947266,-2.562988281,-0.811279297,0.419970703,1.482666016,1.721191406
1.095947266,-2.562988281,-0.811279297,0.419970703,1.482666016,2.106933594
1.130126953,-2.367675781,-0.807861328,0.465771484,1.460693359,0.471191406
0.220947266,-2.367675781,-0.807861328,0.465771484,1.460693359,0.471191406
1.130126953,-1.312988281,-0.807861328,0.465771484,1.460693359,0.471191406
1.130126953,-2.367675781,0.063720703,0.465771484,1.460693359,0.471191406
1.130126953,-2.367675781,-0.807861328,0.594970703,1.460693359,0.471191406
1.130126953,-2.367675781,-0.807861328,0.465771484,1.107666016,0.471191406
1.130126953,-2.367675781,-0.807861328,0.465771484,1.460693359,0.856933594
1.130126953,-1.312988281,0.063720703,0.594970703,1.107666016,0.856933594
0.220947266,-2.367675781,0.063720703,0.594970703,1.107666016,0.856933594
0.220947266,-1.312988281,-0.807861328,0.594970703,1.107666016,0.856933594
0.220947266,-1.312988281,0.063720703,0.465771484,1.107666016,0.856933594
0.220947266,-1.312988281,0.063720703,0.594970703,1.460693359,0.856933594
0.220947266,-1.312988281,0.063720703,0.594970703,1.107666016,0.471191406
0.220947266,-1.312988281,0.063720703,0.594970703,1.107666016,0.856933594
-0.619873047,0.132324219,0.942138672,0.815771484,2.210693359,2.971191406
1.970947266,0.132324219,0.942138672,0.815771484,2.210693359,2.971191406
-0.619873047,1.187011719,0.942138672,0.815771484,2.210693359,2.971191406
-0.619873047,0.132324219,1.813720703,0.815771484,2.210693359,2.971191406
-0.619873047,0.132324219,0.942138672,0.944970703,2.210693359,2.971191406
-0.619873047,0.132324219,0.942138672,0.815771484,1.857666016,2.971191406
-0.619873047,0.132324219,0.942138672,0.815771484,2.210693359,3.356933594
-0.619873047,1.187011719,1.813720703,0.944970703,1.857666016,3.356933594
1.970947266,0.132324219,1.813720703,0.944970703,1.857666016,3.356933594
1.970947266,1.187011719,0.942138672,0.944970703,1.857666016,3.356933594
1.970947266,1.187011719,1.813720703,0.815771484,1.857666016,3.356933594
1.970947266,1.187011719,1.813720703,0.944970703,2.210693359,3.356933594
1.970947266,1.187011719,1.813720703,0.944970703,1.857666016,2.971191406
1.970947266,1.187011719,1.813720703,0.944970703,1.857666016,3.356933594
-0.182373047,-2.992675781,1.379638672,0.728271484,2.398193359,4.846191406
-0.216552734,-2.992675781,1.379638672,0.728271484,2.398193359,4.846191406
-0.182373047,-0.687988281,1.379638672,0.728271484,2.398193359,4.846191406
-0.182373047,-2.992675781,-0.373779297,0.728271484,2.398193359,4.846191406
-0.182373047,-2.992675781,1.379638672,0.332470703,2.398193359,4.846191406
-0.182373047,-2.992675781,1.379638672,0.728271484,1.295166016,4.846191406
-0.182373047,-2.992675781,1.379638672,0.728271484,2.398193359,2.731933594
-0.182373047,-0.687988281,-0.373779297,0.332470703,1.295166016,2.731933594
-0.216552734,-2.992675781,-0.373779297,0.332470703,1.295166016,2.731933594
-0.216552734,-0.687988281,1.379638672,0.332470703,1.295166016,2.731933594
-0.216552734,-0.687988281,-0.373779297,0.728271484,1.295166016,2.731933594
-0.216552734,-0.687988281,-0.373779297,0.332470703,2.398193359,2.731933594
-0.216552734,-0.687988281,-0.373779297,0.332470703,1.295166016,4.846191406
-0.216552734,-0.687988281,-0.373779297,0.332470703,1.295166016,2.731933594
1.567626953,-0.492675781,-0.370361328,0.378271484,1.648193359,2.346191406
1.533447266,-0.492675781,-0.370361328,0.378271484,1.648193359,2.346191406
1.567626953,1.812011719,-0.370361328,0.378271484,1.648193359,2.346191406
1.567626953,-0.492675781,1.376220703,0.378271484,1.648193359,2.346191406
1.567626953,-0.492675781,-0.370361328,0.682470703,1.648193359,2.346191406
1.567626953,-0.492675781,-0.370361328,0.378271484,2.045166016,2.346191406
1.567626953,-0.492675781,-0.370361328,0.378271484,1.648193359,0.231933594
1.567626953,1.812011719,1.376220703,0.682470703,2.045166016,0.231933594
1.533447266,-0.492675781,1.376220703,0.682470703,2.045166016,0.231933594
1.533447266,1.812011719,-0.370361328,0.682470703,2.045166016,0.231933594
1.533447266,1.812011719,1.376220703,0.378271484,2.045166016,0.231933594
1.533447266,1.812011719,1.376220703,0.682470703,1.648193359,0.231933594
1.533447266,1.812011719,1.376220703,0.682470703,2.045166016,2.346191406
1.533447266,1.812011719,1.376220703,0.682470703,2.045166016,0.231933594
0.692626953,-1.742675781,0.504638672,0.903271484,1.273193359,1.096191406
-1.091552734,-1.742675781,0.504638672,0.903271484,1.273193359,1.096191406
0.692626953,0.562011719,0.504638672,0.903271484,1.273193359,1.096191406
0.692626953,-1.742675781,0.501220703,0.903271484,1.273193359,1.096191406
0.692626953,-1.742675781,0.504638672,0.857470703,1.273193359,1.096191406
0.692626953,-1.742675781,0.504638672,0.903271484,2.420166016,1.096191406
0.692626953,-1.742675781,0.504638672,0.903271484,1.273193359,1.481933594
0.692626953,0.562011719,0.501220703,0.857470703,2.420166016,1.481933594
-1.091552734,-1.742675781,0.501220703,0.857470703,2.420166016,1.481933594
-1.091552734,0.562011719,0.504638672,0.857470703,2.420166016,1.481933594
-1.091552734,0.562011719,0.501220703,0.903271484,2.420166016,1.481933594
-1.091552734,0.562011719,0.501220703,0.857470703,1.273193359,1.481933594
-1.091552734,0.562011719,0.501220703,0.857470703,2.420166016,1.096191406
-1.091552734,0.562011719,0.501220703,0.857470703,2.420166016,1.481933594
-1.057373047,0.757324219,-1.245361328,0.553271484,2.023193359,3.596191406
0.658447266,0.757324219,-1.245361328,0.553271484,2.023193359,3.596191406
-1.057373047,-1.937988281,-1.245361328,0.553271484,2.023193359,3.596191406
-1.057373047,0.757324219,-1.248779297,0.553271484,2.023193359,3.596191406
-1.057373047,0.757324219,-1.245361328,0.507470703,2.023193359,3.596191406
-1.057373047,0.757324219,-1.245361328,0.553271484,1.670166016,3.596191406
-1.057373047,0.757324219,-1.245361328,0.553271484,2.023193359,3.981933594
-1.057373047,-1.937988281,-1.248779297,0.507470703,1.670166016,3.981933594
0.658447266,0.757324219,-1.248779297,0.507470703,1.670166016,3.981933594
0.658447266,-1.937988281,-1.245361328,0.507470703,1.670166016,3.981933594
0.658447266,-1.937988281,-1.248779297,0.553271484,1.670166016,3.981933594
0.658447266,-1.937988281,-1.248779297,0.507470703,2.023193359,3.981933594
0.658447266,-1.937988281,-1.248779297,0.507470703,1.670166016,3.596191406
0.658447266,-1.937988281,-1.248779297,0.507470703,1.670166016,3.981933594
-0.838623047,-2.055175781,0.285888672,0.334521484,1.179443359,2.658691406
-0.435302734,-2.055175781,0.285888672,0.334521484,1.179443359,2.658691406
-0.838623047,-1.000488281,0.285888672,0.334521484,1.179443359,2.658691406
-0.838623047,-2.055175781,-0.592529297,0.334521484,1.179443359,2.658691406
-0.838623047,-2.055175781,0.285888672,0.988720703,1.179443359,2.658691406
-0.838623047,-2.055175781,0.285888672,0.334521484,1.576416016,2.658691406
-0.838623047,-2.055175781,0.285888672,0.334521484,1.179443359,4.919433594
-0.838623047,-1.000488281,-0.592529297,0.988720703,1.576416016,4.919433594
-0.435302734,-2.055175781,-0.592529297,0.988720703,1.576416016,4.919433594
-0.435302734,-1.000488281,0.285888672,0.988720703,1.576416016,4.919433594
-0.435302734,-1.000488281,-0.592529297,0.334521484,1.576416016,4.919433594
-0.435302734,-1.000488281,-0.592529297,0.988720703,1.179443359,4.919433594
-0.435302734,-1.000488281,-0.592529297,0.988720703,1.576416016,2.658691406
-0.435302734,-1.000488281,-0.592529297,0.988720703,1.576416016,4.919433594
0.911376953,0.444824219,-1.464111328,0.684521484,1.929443359,0.158691406
1.314697266,0.444824219,-1.464111328,0.684521484,1.929443359,0.158691406
0.911376953,1.499511719,-1.464111328,0.684521484,1.929443359,0.158691406
0.911376953,0.444824219,1.157470703,0.684521484,1.929443359,0.158691406
0.911376953,0.444824219,-1.464111328,0.638720703,1.929443359,0.158691406
0.911376953,0.444824219,-1.464111328,0.684521484,2.326416016,0.158691406
0.911376953,0.444824219,-1.464111328,0.684521484,1.929443359,2.419433594
0.911376953,1.499511719,1.157470703,0.638720703,2.326416016,2.419433594
1.314697266,0.444824219,1.157470703,0.638720703,2.326416016,2.419433594
1.314697266,1.499511719,-1.464111328,0.638720703,2.326416016,2.419433594
1.314697266,1.499511719,1.157470703,0.684521484,2.326416016,2.419433594
1.314697266,1.499511719,1.157470703,0.638720703,1.929443359,2.419433594
1.314697266,1.499511719,1.157470703,0.638720703,2.326416016,0.158691406
1.314697266,1.499511719,1.157470703,0.638720703,2.326416016,2.419433594
1.786376953,-0.805175781,1.160888672,0.509521484,2.304443359,1.408691406
-1.310302734,-0.805175781,1.160888672,0.509521484,2.304443359,1.408691406
1.786376953,0.249511719,1.160888672,0.509521484,2.304443359,1.408691406
1.786376953,-0.805175781,0.282470703,0.509521484,2.304443359,1.408691406
1.786376953,-0.805175781,1.160888672,0.463720703,2.304443359,1.408691406
1.786376953,-0.805175781,1.160888672,0.509521484,1.951416016,1.408691406
1.786376953,-0.805175781,1.160888672,0.509521484,2.304443359,1.169433594
1.786376953,0.249511719,0.282470703,0.463720703,1.951416016,1.169433594
-1.310302734,-0.805175781,0.282470703,0.463720703,1.951416016,1.169433594
-1.310302734,0.249511719,1.160888672,0.463720703,1.951416016,1.169433594
-1.310302734,0.249511719,0.282470703,0.509521484,1.951416016,1.169433594
-1.310302734,0.249511719,0.282470703,0.463720703,2.304443359,1.169433594
-1.310302734,0.249511719,0.282470703,0.463720703,1.951416016,1.408691406
-1.310302734,0.249511719,0.282470703,0.463720703,1.951416016,1.169433594
0.036376953,1.694824219,-0.589111328,0.859521484,1.554443359,3.908691406
0.439697266,1.694824219,-0.589111328,0.859521484,1.554443359,3.908691406
0.036376953,-2.250488281,-0.589111328,0.859521484,1.554443359,3.908691406
0.036376953,1.694824219,-1.467529297,0.859521484,1.554443359,3.908691406
0.036376953,1.694824219,-0.589111328,0.813720703,1.554443359,3.908691406
0.036376953,1.694824219,-0.589111328,0.859521484,1.201416016,3.908691406
0.036376953,1.694824219,-0.589111328,0.859521484,1.554443359,3.669433594
0.036376953,-2.250488281,-1.467529297,0.813720703,1.201416016,3.669433594
0.439697266,1.694824219,-1.467529297,0.813720703,1.201416016,3.669433594
0.439697266,-2.250488281,-0.589111328,0.813720703,1.201416016,3.669433594
0.439697266,-2.250488281,-1.467529297,0.859521484,1.201416016,3.669433594
0.439697266,-2.250488281,-1.467529297,0.813720703,1.554443359,3.669433594
0.439697266,-2.250488281,-1.467529297,0.813720703,1.201416016,3.908691406
0.439697266,-2.250488281,-1.467529297,0.813720703,1.201416016,3.669433594
-0.401123047,-1.430175781,-1.026611328,0.947021484,1.741943359,3.283691406
-0.872802734,-1.430175781,-1.026611328,0.947021484,1.741943359,3.283691406
-0.401123047,-0.375488281,-1.026611328,0.947021484,1.741943359,3.283691406
-0.401123047,-1.430175781,0.719970703,0.947021484,1.741943359,3.283691406
-0.401123047,-1.430175781,-1.026611328,0.551220703,1.741943359,3.283691406
-0.401123047,-1.430175781,-1.026611328,0.947021484,1.763916016,3.283691406
-0.401123047,-1.430175781,-1.026611328,0.947021484,1.741943359,3.044433594
-0.401123047,-0.375488281,0.719970703,0.551220703,1.763916016,3.044433594
-0.872802734,-1.430175781,0.719970703,0.551220703,1.763916016,3.044433594
-0.872802734,-0.375488281,-1.026611328,0.551220703,1.763916016,3.044433594
-0.872802734,-0.375488281,0.719970703,0.947021484,1.763916016,3.044433594
-0.872802734,-0.375488281,0.719970703,0.551220703,1.741943359,3.044433594
-0.872802734,-0.375488281,0.719970703,0.551220703,1.763916016,3.283691406
-0.872802734,-0.375488281,0.719970703,0.551220703,1.763916016,3.044433594
1.348876953,1.069824219,0.723388672,0.597021484,2.491943359,0.783691406
0.877197266,1.069824219,0.723388672,0.597021484,2.491943359,0.783691406
1.348876953,-2.875488281,0.723388672,0.597021484,2.491943359,0.783691406
1.348876953,1.069824219,-1.030029297,0.597021484,2.491943359,0.783691406
1.348876953,1.069824219,0.723388672,0.901220703,2.491943359,0.783691406
1.348876953,1.069824219,0.723388672,0.597021484,1.013916016,0.783691406
1.348876953,1.069824219,0.723388672,0.597021484,2.491943359,0.544433594
1.348876953,-2.875488281,-1.030029297,0.901220703,1.013916016,0.544433594
0.877197266,1.069824219,-1.030029297,0.901220703,1.013916016,0.544433594
0.877197266,-2.875488281,0.723388672,0.901220703,1.013916016,0.544433594
0.877197266,-2.875488281,-1.030029297,0.597021484,1.013916016,0.544433594
0.877197266,-2.875488281,-1.030029297,0.901220703,2.491943359,0.544433594
0.877197266,-2.875488281,-1.030029297,0.901220703,1.013916016,0.783691406
0.877197266,-2.875488281,-1.030029297,0.901220703,1.013916016,0.544433594
0.473876953,-2.680175781,-0.151611328,0.772021484,2.116943359,2.033691406
0.002197266,-2.680175781,-0.151611328,0.772021484,2.116943359,2.033691406
0.473876953,-1.625488281,-0.151611328,0.772021484,2.116943359,2.033691406
0.473876953,-2.680175781,-0.155029297,0.772021484,2.116943359,2.033691406
0.473876953,-2.680175781,-0.151611328,0.726220703,2.116943359,2.033691406
0.473876953,-2.680175781,-0.151611328,0.772021484,1.388916016,2.033691406
0.473876953,-2.680175781,-0.151611328,0.772021484,2.116943359,1.794433594
0.473876953,-1.625488281,-0.155029297,0.726220703,1.388916016,1.794433594
0.002197266,-2.680175781,-0.155029297,0.726220703,1.388916016,1.794433594
0.002197266,-1.625488281,-0.151611328,0.726220703,1.388916016,1.794433594
0.002197266,-1.625488281,-0.155029297,0.772021484,1.388916016,1.794433594
0.002197266,-1.625488281,-0.155029297,0.726220703,2.116943359,1.794433594
0.002197266,-1.625488281,-0.155029297,0.726220703,1.388916016,2.033691406
0.002197266,-1.625488281,-0.155029297,0.726220703,1.388916016,1.794433594
-1.276123047,-0.180175781,1.598388672,0.422021484,1.366943359,4.533691406
1.752197266,-0.180175781,1.598388672,0.422021484,1.366943359,4.533691406
-1.276123047,0.874511719,1.598388672,0.422021484,1.366943359,4.533691406
-1.276123047,-0.180175781,1.594970703,0.422021484,1.366943359,4.533691406
-1.276123047,-0.180175781,1.598388672,0.376220703,1.366943359,4.533691406
-1.276123047,-0.180175781,1.598388672,0.422021484,2.138916016,4.533691406
-1.276123047,-0.180175781,1.598388672,0.422021484,1.366943359,4.294433594
-1.276123047,0.874511719,1.594970703,0.376220703,2.138916016,4.294433594
1.752197266,-0.180175781,1.594970703,0.376220703,2.138916016,4.294433594
1.752197266,0.874511719,1.598388672,0.376220703,2.138916016,4.294433594
1.752197266,0.874511719,1.594970703,0.422021484,2.138916016,4.294433594
1.752197266,0.874511719,1.594970703,0.376220703,1.366943359,4.294433594
1.752197266,0.874511719,1.594970703,0.376220703,2.138916016,4.533691406
1.752197266,0.874511719,1.594970703,0.376220703,2.138916016,4.294433594
-1.166748047,-2.523925781,-1.354736328,0.881396484,2.163818359,0.627441406
0.986572266,-2.523925781,-1.354736328,0.881396484,2.163818359,0.627441406
-1.166748047,-1.469238281,-1.354736328,0.881396484,2.163818359,0.627441406
-1.166748047,-2.523925781,1.266845703,0.881396484,2.163818359,0.627441406
-1.166748047,-2.523925781,-1.354736328,0.660595703,2.163818359,0.627441406
-1.166748047,-2.523925781,-1.354736328,0.881396484,2.185791016,0.627441406
-1.166748047,-2.523925781,-1.354736328,0.881396484,2.163818359,2.575683594
-1.166748047,-1.469238281,1.266845703,0.660595703,2.185791016,2.575683594
0.986572266,-2.523925781,1.266845703,0.660595703,2.185791016,2.575683594
0.986572266,-1.469238281,-1.354736328,0.660595703,2.185791016,2.575683594
0.986572266,-1.469238281,1.266845703,0.881396484,2.185791016,2.575683594
0.986572266,-1.469238281,1.266845703,0.660595703,2.163818359,2.575683594
0.986572266,-1.469238281,1.266845703,0.660595703,2.185791016,0.627441406
0.986572266,-1.469238281,1.266845703,0.660595703,2.185791016,2.575683594
0.583251953,-0.023925781,0.395263672,0.531396484,1.413818359,3.127441406
-0.763427734,-0.023925781,0.395263672,0.531396484,1.413818359,3.127441406
0.583251953,1.030761719,0.395263672,0.531396484,1.413818359,3.127441406
0.583251953,-0.023925781,-0.483154297,0.531396484,1.413818359,3.127441406
0.583251953,-0.023925781,0.395263672,0.310595703,1.413818359,3.127441406
0.583251953,-0.023925781,0.395263672,0.531396484,1.435791016,3.127441406
0.583251953,-0.023925781,0.395263672,0.531396484,1.413818359,0.075683594
0.583251953,1.030761719,-0.483154297,0.310595703,1.435791016,0.075683594
-0.763427734,-0.023925781,-0.483154297,0.310595703,1.435791016,0.075683594
-0.763427734,1.030761719,0.395263672,0.310595703,1.435791016,0.075683594
-0.763427734,1.030761719,-0.483154297,0.531396484,1.435791016,0.075683594
-0.763427734,1.030761719,-0.483154297,0.310595703,1.413818359,0.075683594
-0.763427734,1.030761719,-0.483154297,0.310595703,1.435791016,3.127441406
-0.763427734,1.030761719,-0.483154297,0.310595703,1.435791016,0.075683594
1.458251953,-1.273925781,-0.479736328,0.706396484,1.038818359,4.377441406
1.861572266,-1.273925781,-0.479736328,0.706396484,1.038818359,4.377441406
1.458251953,-0.219238281,-0.479736328,0.706396484,1.038818359,4.377441406
1.458251953,-1.273925781,-1.358154297,0.706396484,1.038818359,4.377441406
1.458251953,-1.273925781,-0.479736328,0.485595703,1.038818359,4.377441406
1.458251953,-1.273925781,-0.479736328,0.706396484,1.060791016,4.377441406
1.458251953,-1.273925781,-0.479736328,0.706396484,1.038818359,1.325683594
1.458251953,-0.219238281,-1.358154297,0.485595703,1.060791016,1.325683594
1.861572266,-1.273925781,-1.358154297,0.485595703,1.060791016,1.325683594
1.861572266,-0.219238281,-0.479736328,0.485595703,1.060791016,1.325683594
1.861572266,-0.219238281,-1.358154297,0.706396484,1.060791016,1.325683594
1.861572266,-0.219238281,-1.358154297,0.485595703,1.038818359,1.325683594
1.861572266,-0.219238281,-1.358154297,0.485595703,1.060791016,4.377441406
1.861572266,-0.219238281,-1.358154297,0.485595703,1.060791016,1.325683594
-0.291748047,1.226074219,1.270263672,0.356396484,1.788818359,1.877441406
0.111572266,1.226074219,1.270263672,0.356396484,1.788818359,1.877441406
-0.291748047,-2.719238281,1.270263672,0.356396484,1.788818359,1.877441406
-0.291748047,1.226074219,0.391845703,0.356396484,1.788818359,1.877441406
-0.291748047,1.226074219,1.270263672,0.835595703,1.788818359,1.877441406
-0.291748047,1.226074219,1.270263672,0.356396484,1.810791016,1.877441406
-0.291748047,1.226074219,1.270263672,0.356396484,1.788818359,3.825683594
-0.291748047,-2.719238281,0.391845703,0.835595703,1.810791016,3.825683594
0.111572266,1.226074219,0.391845703,0.835595703,1.810791016,3.825683594
0.111572266,-2.719238281,1.270263672,0.835595703,1.810791016,3.825683594
0.111572266,-2.719238281,0.391845703,0.356396484,1.810791016,3.825683594
0.111572266,-2.719238281,0.391845703,0.835595703,1.788818359,3.825683594
0.111572266,-2.719238281,0.391845703,0.835595703,1.810791016,1.877441406
0.111572266,-2.719238281,0.391845703,0.835595703,1.810791016,3.825683594
0.145751953,-0.648925781,0.832763672,0.443896484,1.976318359,0.002441406
1.424072266,-0.648925781,0.832763672,0.443896484,1.976318359,0.002441406
0.145751953,0.405761719,0.832763672,0.443896484,1.976318359,0.002441406
0.145751953,-0.648925781,-0.920654297,0.443896484,1.976318359,0.002441406
0.145751953,-0.648925781,0.832763672,0.398095703,1.976318359,0.002441406
0.145751953,-0.648925781,0.832763672,0.443896484,1.248291016,0.002441406
0.145751953,-0.648925781,0.832763672,0.443896484,1.976318359,4.450683594
0.145751953,0.405761719,-0.920654297,0.398095703,1.248291016,4.450683594
1.424072266,-0.648925781,-0.920654297,0.398095703,1.248291016,4.450683594
1.424072266,0.405761719,0.832763672,0.398095703,1.248291016,4.450683594
1.424072266,0.405761719,-0.920654297,0.443896484,1.248291016,4.450683594
1.424072266,0.405761719,-0.920654297,0.398095703,1.976318359,4.450683594
1.424072266,0.405761719,-0.920654297,0.398095703,1.248291016,0.002441406
1.424072266,0.405761719,-0.920654297,0.398095703,1.248291016,4.450683594
1.895751953,1.851074219,-0.917236328,0.793896484,1.226318359,2.502441406
-0.325927734,1.851074219,-0.917236328,0.793896484,1.226318359,2.502441406
1.895751953,-2.094238281,-0.917236328,0.793896484,1.226318359,2.502441406
1.895751953,1.851074219,0.829345703,0.793896484,1.226318359,2.502441406
1.895751953,1.851074219,-0.917236328,0.748095703,1.226318359,2.502441406
1.895751953,1.851074219,-0.917236328,0.793896484,1.998291016,2.502441406
1.895751953,1.851074219,-0.917236328,0.793896484,1.226318359,1.950683594
1.895751953,-2.094238281,0.829345703,0.748095703,1.998291016,1.950683594
-0.325927734,1.851074219,0.829345703,0.748095703,1.998291016,1.950683594
-0.325927734,-2.094238281,-0.917236328,0.748095703,1.998291016,1.950683594
-0.325927734,-2.094238281,0.829345703,0.793896484,1.998291016,1.950683594
-0.325927734,-2.094238281,0.829345703,0.748095703,1.226318359,1.950683594
-0.325927734,-2.094238281,0.829345703,0.748095703,1.998291016,2.502441406
-0.325927734,-2.094238281,0.829345703,0.748095703,1.998291016,1.950683594
1.020751953,-1.898925781,1.707763672,0.618896484,1.601318359,3.752441406
0.549072266,-1.898925781,1.707763672,0.618896484,1.601318359,3.752441406
1.020751953,-0.844238281,1.707763672,0.618896484,1.601318359,3.752441406
1.020751953,-1.898925781,1.704345703,0.618896484,1.601318359,3.752441406
1.020751953,-1.898925781,1.707763672,0.923095703,1.601318359,3.752441406
1.020751953,-1.898925781,1.707763672,0.618896484,2.373291016,3.752441406
1.020751953,-1.898925781,1.707763672,0.618896484,1.601318359,0.700683594
1.020751953,-0.844238281,1.704345703,0.923095703,2.373291016,0.700683594
0.549072266,-1.898925781,1.704345703,0.923095703,2.373291016,0.700683594
0.549072266,-0.844238281,1.707763672,0.923095703,2.373291016,0.700683594
0.549072266,-0.844238281,1.704345703,0.618896484,2.373291016,0.700683594
0.549072266,-0.844238281,1.704345703,0.923095703,1.601318359,0.700683594
0.549072266,-0.844238281,1.704345703,0.923095703,2.373291016,3.752441406
0.549072266,-0.844238281,1.704345703,0.923095703,2.373291016,0.700683594
-0.729248047,0.601074219,-0.042236328,0.968896484,2.351318359,1.252441406
-1.200927734,0.601074219,-0.042236328,0.968896484,2.351318359,1.252441406
-0.729248047,1.655761719,-0.042236328,0.968896484,2.351318359,1.252441406
-0.729248047,0.601074219,-0.045654297,0.968896484,2.351318359,1.252441406
-0.729248047,0.601074219,-0.042236328,0.573095703,2.351318359,1.252441406
-0.729248047,0.601074219,-0.042236328,0.968896484,1.623291016,1.252441406
-0.729248047,0.601074219,-0.042236328,0.968896484,2.351318359,3.200683594
-0.729248047,1.655761719,-0.045654297,0.573095703,1.623291016,3.200683594
-1.200927734,0.601074219,-0.045654297,0.573095703,1.623291016,3.200683594
-1.200927734,1.655761719,-0.042236328,0.573095703,1.623291016,3.200683594
-1.200927734,1.655761719,-0.045654297,0.968896484,1.623291016,3.200683594
-1.200927734,1.655761719,-0.045654297,0.573095703,2.351318359,3.200683594
-1.200927734,1.655761719,-0.045654297,0.573095703,1.623291016,1.252441406
-1.200927734,1.655761719,-0.045654297,0.573095703,1.623291016,3.200683594
-0.947998047,-1.586425781,1.926513672,0.750146484,1.507568359,2.189941406
1.205322266,-1.586425781,1.926513672,0.750146484,1.507568359,2.189941406
-0.947998047,0.718261719,1.926513672,0.750146484,1.507568359,2.189941406
-0.947998047,-1.586425781,-0.701904297,0.750146484,1.507568359,2.189941406
-0.947998047,-1.586425781,1.926513672,0.879345703,1.507568359,2.189941406
-0.947998047,-1.586425781,1.926513672,0.750146484,1.717041016,2.189941406
-0.947998047,-1.586425781,1.926513672,0.750146484,1.507568359,2.888183594
-0.947998047,0.718261719,-0.701904297,0.879345703,1.717041016,2.888183594
1.205322266,-1.586425781,-0.701904297,0.879345703,1.717041016,2.888183594
1.205322266,0.718261719,1.926513672,0.879345703,1.717041016,2.888183594
1.205322266,0.718261719,-0.701904297,0.750146484,1.717041016,2.888183594
1.205322266,0.718261719,-0.701904297,0.879345703,1.507568359,2.888183594
1.205322266,0.718261719,-0.701904297,0.879345703,1.717041016,2.189941406
1.205322266,0.718261719,-0.701904297,0.879345703,1.717041016,2.888183594
0.802001953,0.913574219,0.176513672,0.400146484,2.257568359,4.689941406
-0.544677734,0.913574219,0.176513672,0.400146484,2.257568359,4.689941406
0.802001953,-1.781738281,0.176513672,0.400146484,2.257568359,4.689941406
0.802001953,0.913574219,1.048095703,0.400146484,2.257568359,4.689941406
0.802001953,0.913574219,0.176513672,0.529345703,2.257568359,4.689941406
0.802001953,0.913574219,0.176513672,0.400146484,2.467041016,4.689941406
0.802001953,0.913574219,0.176513672,0.400146484,2.257568359,0.388183594
0.802001953,-1.781738281,1.048095703,0.529345703,2.467041016,0.388183594
-0.544677734,0.913574219,1.048095703,0.529345703,2.467041016,0.388183594
-0.544677734,-1.781738281,0.176513672,0.529345703,2.467041016,0.388183594
-0.544677734,-1.781738281,1.048095703,0.400146484,2.467041016,0.388183594
-0.544677734,-1.781738281,1.048095703,0.529345703,2.257568359,0.388183594
-0.544677734,-1.781738281,1.048095703,0.529345703,2.467041016,4.689941406
-0.544677734,-1.781738281,1.048095703,0.529345703,2.467041016,0.388183594
1.677001953,-2.836425781,1.051513672,0.925146484,1.882568359,3.439941406
0.330322266,-2.836425781,1.051513672,0.925146484,1.882568359,3.439941406
1.677001953,-0.531738281,1.051513672,0.925146484,1.882568359,3.439941406
1.677001953,-2.836425781,1.923095703,0.925146484,1.882568359,3.439941406
1.677001953,-2.836425781,1.051513672,0.354345703,1.882568359,3.439941406
1.677001953,-2.836425781,1.051513672,0.925146484,2.092041016,3.439941406
1.677001953,-2.836425781,1.051513672,0.925146484,1.882568359,1.638183594
1.677001953,-0.531738281,1.923095703,0.354345703,2.092041016,1.638183594
0.330322266,-2.836425781,1.923095703,0.354345703,2.092041016,1.638183594
0.330322266,-0.531738281,1.051513672,0.354345703,2.092041016,1.638183594
0.330322266,-0.531738281,1.923095703,0.925146484,2.092041016,1.638183594
0.330322266,-0.531738281,1.923095703,0.354345703,1.882568359,1.638183594
0.330322266,-0.531738281,1.923095703,0.354345703,2.092041016,3.439941406
0.330322266,-0.531738281,1.923095703,0.354345703,2.092041016,1.638183594
-0.072998047,-0.336425781,-0.698486328,0.575146484,1.132568359,0.939941406
-1.419677734,-0.336425781,-0.698486328,0.575146484,1.132568359,0.939941406
-0.072998047,1.968261719,-0.698486328,0.575146484,1.132568359,0.939941406
-0.072998047,-0.336425781,0.173095703,0.575146484,1.132568359,0.939941406
-0.072998047,-0.336425781,-0.698486328,0.704345703,1.132568359,0.939941406
-0.072998047,-0.336425781,-0.698486328,0.575146484,1.342041016,0.939941406
-0.072998047,-0.336425781,-0.698486328,0.575146484,1.132568359,4.138183594
-0.072998047,1.968261719,0.173095703,0.704345703,1.342041016,4.138183594
-1.419677734,-0.336425781,0.173095703,0.704345703,1.342041016,4.138183594
-1.419677734,1.968261719,-0.698486328,0.704345703,1.342041016,4.138183594
-1.419677734,1.968261719,0.173095703,0.575146484,1.342041016,4.138183594
-1.419677734,1.968261719,0.173095703,0.704345703,1.132568359,4.138183594
-1.419677734,1.968261719,0.173095703,0.704345703,1.342041016,0.939941406
-1.419677734,1.968261719,0.173095703,0.704345703,1.342041016,4.138183594
-0.510498047,-2.211425781,-0.260986328,0.487646484,1.320068359,1.564941406
0.767822266,-2.211425781,-0.260986328,0.487646484,1.320068359,1.564941406
-0.510498047,-1.156738281,-0.260986328,0.487646484,1.320068359,1.564941406
-0.510498047,-2.211425781,1.485595703,0.487646484,1.320068359,1.564941406
-0.510498047,-2.211425781,-0.260986328,0.616845703,1.320068359,1.564941406
-0.510498047,-2.211425781,-0.260986328,0.487646484,1.904541016,1.564941406
-0.510498047,-2.211425781,-0.260986328,0.487646484,1.320068359,4.763183594
-0.510498047,-1.156738281,1.485595703,0.616845703,1.904541016,4.763183594
0.767822266,-2.211425781,1.485595703,0.616845703,1.904541016,4.763183594
0.767822266,-1.156738281,-0.260986328,0.616845703,1.904541016,4.763183594
0.767822266,-1.156738281,1.485595703,0.487646484,1.904541016,4.763183594
0.767822266,-1.156738281,1.485595703,0.616845703,1.320068359,4.763183594
0.767822266,-1.156738281,1.485595703,0.616845703,1.904541016,1.564941406
0.767822266,-1.156738281,1.485595703,0.616845703,1.904541016,4.763183594
1.239501953,0.288574219,1.489013672,0.837646484,2.070068359,4.064941406
-0.982177734,0.288574219,1.489013672,0.837646484,2.070068359,4.064941406
1.239501953,1.343261719,1.489013672,0.837646484,2.070068359,4.064941406
1.239501953,0.288574219,-0.264404297,0.837646484,2.070068359,4.064941406
1.239501953,0.288574219,1.489013672,0.966845703,2.070068359,4.064941406
1.239501953,0.288574219,1.489013672,0.837646484,1.154541016,4.064941406
1.239501953,0.288574219,1.489013672,0.837646484,2.070068359,2.263183594
1.239501953,1.343261719,-0.264404297,0.966845703,1.154541016,2.263183594
-0.982177734,0.288574219,-0.264404297,0.966845703,1.154541016,2.263183594
-0.982177734,1.343261719,1.489013672,0.966845703,1.154541016,2.263183594
-0.982177734,1.343261719,-0.264404297,0.837646484,1.154541016,2.263183594
-0.982177734,1.343261719,-0.264404297,0.966845703,2.070068359,2.263183594
-0.982177734,1.343261719,-0.264404297,0.966845703,1.154541016,4.064941406
-0.982177734,1.343261719,-0.264404297,0.966845703,1.154541016,2.263183594
0.364501953,-0.961425781,-1.135986328,0.312646484,2.445068359,2.814941406
1.642822266,-0.961425781,-1.135986328,0.312646484,2.445068359,2.814941406
0.364501953,0.093261719,-1.135986328,0.312646484,2.445068359,2.814941406
0.364501953,-0.961425781,-1.139404297,0.312646484,2.445068359,2.814941406
0.364501953,-0.961425781,-1.135986328,0.791845703,2.445068359,2.814941406
0.364501953,-0.961425781,-1.135986328,0.312646484,1.529541016,2.814941406
0.364501953,-0.961425781,-1.135986328,0.312646484,2.445068359,1.013183594
0.364501953,0.093261719,-1.139404297,0.791845703,1.529541016,1.013183594
1.642822266,-0.961425781,-1.139404297,0.791845703,1.529541016,1.013183594
1.642822266,0.093261719,-1.135986328,0.791845703,1.529541016,1.013183594
1.642822266,0.093261719,-1.139404297,0.312646484,1.529541016,1.013183594
1.642822266,0.093261719,-1.139404297,0.791845703,2.445068359,1.013183594
1.642822266,0.093261719,-1.139404297,0.791845703,1.529541016,2.814941406
1.642822266,0.093261719,-1.139404297,0.791845703,1.529541016,1.013183594
-1.385498047,1.538574219,0.614013672,0.662646484,1.695068359,0.314941406
-0.107177734,1.538574219,0.614013672,0.662646484,1.695068359,0.314941406
-1.385498047,-2.406738281,0.614013672,0.662646484,1.695068359,0.314941406
-1.385498047,1.538574219,0.610595703,0.662646484,1.695068359,0.314941406
-1.385498047,1.538574219,0.614013672,0.441845703,1.695068359,0.314941406
-1.385498047,1.538574219,0.614013672,0.662646484,2.279541016,0.314941406
-1.385498047,1.538574219,0.614013672,0.662646484,1.695068359,3.513183594
-1.385498047,-2.406738281,0.610595703,0.441845703,2.279541016,3.513183594
-0.107177734,1.538574219,0.610595703,0.441845703,2.279541016,3.513183594
-0.107177734,-2.406738281,0.614013672,0.441845703,2.279541016,3.513183594
-0.107177734,-2.406738281,0.610595703,0.662646484,2.279541016,3.513183594
-0.107177734,-2.406738281,0.610595703,0.441845703,1.695068359,3.513183594
-0.107177734,-2.406738281,0.610595703,0.441845703,2.279541016,0.314941406
-0.107177734,-2.406738281,0.610595703,0.441845703,2.279541016,3.513183594
-1.330810547,-2.289550781,1.215576172,0.957958984,1.999755859,1.018066406
1.806884766,-2.289550781,1.215576172,0.957958984,1.999755859,1.018066406
-1.330810547,-1.859863281,1.215576172,0.957958984,1.999755859,1.018066406
-1.330810547,-2.289550781,-0.428466797,0.957958984,1.999755859,1.018066406
-1.330810547,-2.289550781,1.215576172,0.759033203,1.999755859,1.018066406
-1.330810547,-2.289550781,1.215576172,0.957958984,2.068603516,1.018066406
-1.330810547,-2.289550781,1.215576172,0.957958984,1.999755859,0.622558594
-1.330810547,-1.859863281,-0.428466797,0.759033203,2.068603516,0.622558594
1.806884766,-2.289550781,-0.428466797,0.759033203,2.068603516,0.622558594
1.806884766,-1.859863281,1.215576172,0.759033203,2.068603516,0.622558594
1.806884766,-1.859863281,-0.428466797,0.957958984,2.068603516,0.622558594
1.806884766,-1.859863281,-0.428466797,0.759033203,1.999755859,0.622558594
1.806884766,-1.859863281,-0.428466797,0.759033203,2.068603516,1.018066406
1.806884766,-1.859863281,-0.428466797,0.759033203,2.068603516,0.622558594
0.419189453,0.210449219,-0.534423828,0.607958984,1.249755859,3.518066406
0.056884766,0.210449219,-0.534423828,0.607958984,1.249755859,3.518066406
0.419189453,0.640136719,-0.534423828,0.607958984,1.249755859,3.518066406
0.419189453,0.210449219,1.321533203,0.607958984,1.249755859,3.518066406
0.419189453,0.210449219,-0.534423828,0.409033203,1.249755859,3.518066406
0.419189453,0.210449219,-0.534423828,0.607958984,1.318603516,3.518066406
0.419189453,0.210449219,-0.534423828,0.607958984,1.249755859,3.122558594
0.419189453,0.640136719,1.321533203,0.409033203,1.318603516,3.122558594
0.056884766,0.210449219,1.321533203,0.409033203,1.318603516,3.122558594
0.056884766,0.640136719,-0.534423828,0.409033203,1.318603516,3.122558594
0.056884766,0.640136719,1.321533203,0.607958984,1.318603516,3.122558594
0.056884766,0.640136719,1.321533203,0.409033203,1.249755859,3.122558594
0.056884766,0.640136719,1.321533203,0.409033203,1.318603516,3.518066406
0.056884766,0.640136719,1.321533203,0.409033203,1.318603516,3.122558594
1.294189453,-1.039550781,0.340576172,0.782958984,1.624755859,4.768066406
0.931884766,-1.039550781,0.340576172,0.782958984,1.624755859,4.768066406
1.294189453,1.890136719,0.340576172,0.782958984,1.624755859,4.768066406
1.294189453,-1.039550781,0.446533203,0.782958984,1.624755859,4.768066406
1.294189453,-1.039550781,0.340576172,0.584033203,1.624755859,4.768066406
1.294189453,-1.039550781,0.340576172,0.782958984,1.693603516,4.768066406
1.294189453,-1.039550781,0.340576172,0.782958984,1.624755859,4.372558594
1.294189453,1.890136719,0.446533203,0.584033203,1.693603516,4.372558594
0.931884766,-1.039550781,0.446533203,0.584033203,1.693603516,4.372558594
0.931884766,1.890136719,0.340576172,0.584033203,1.693603516,4.372558594
0.931884766,1.890136719,0.446533203,0.782958984,1.693603516,4.372558594
0.931884766,1.890136719,0.446533203,0.584033203,1.624755859,4.372558594
0.931884766,1.890136719,0.446533203,0.584033203,1.693603516,4.768066406
0.931884766,1.890136719,0.446533203,0.584033203,1.693603516,4.372558594
-0.455810547,1.460449219,-1.409423828,0.432958984,2.374755859,2.268066406
-0.818115234,1.460449219,-1.409423828,0.432958984,2.374755859,2.268066406
-0.455810547,-0.609863281,-1.409423828,0.432958984,2.374755859,2.268066406
-0.455810547,1.460449219,-1.303466797,0.432958984,2.374755859,2.268066406
-0.455810547,1.460449219,-1.409423828,0.934033203,2.374755859,2.268066406
-0.455810547,1.460449219,-1.409423828,0.432958984,2.443603516,2.268066406
-0.455810547,1.460449219,-1.409423828,0.432958984,2.374755859,1.872558594
-0.455810547,-0.609863281,-1.303466797,0.934033203,2.443603516,1.872558594
-0.818115234,1.460449219,-1.303466797,0.934033203,2.443603516,1.872558594
-0.818115234,-0.609863281,-1.409423828,0.934033203,2.443603516,1.872558594
-0.818115234,-0.609863281,-1.303466797,0.432958984,2.443603516,1.872558594
-0.818115234,-0.609863281,-1.303466797,0.934033203,2.374755859,1.872558594
-0.818115234,-0.609863281,-1.303466797,0.934033203,2.443603516,2.268066406
-0.818115234,-0.609863281,-1.303466797,0.934033203,2.443603516,1.872558594
-0.018310547,-1.664550781,-0.096923828,0.345458984,2.187255859,0.393066406
0.494384766,-1.664550781,-0.096923828,0.345458984,2.187255859,0.393066406
-0.018310547,1.265136719,-0.096923828,0.345458984,2.187255859,0.393066406
-0.018310547,-1.664550781,0.884033203,0.345458984,2.187255859,0.393066406
-0.018310547,-1.664550781,-0.096923828,0.321533203,2.187255859,0.393066406
-0.018310547,-1.664550781,-0.096923828,0.345458984,1.506103516,0.393066406
-0.018310547,-1.664550781,-0.096923828,0.345458984,2.187255859,2.497558594
-0.018310547,1.265136719,0.884033203,0.321533203,1.506103516,2.497558594
0.494384766,-1.664550781,0.884033203,0.321533203,1.506103516,2.497558594
0.494384766,1.265136719,-0.096923828,0.321533203,1.506103516,2.497558594
0.494384766,1.265136719,0.884033203,0.345458984,1.506103516,2.497558594
0.494384766,1.265136719,0.884033203,0.321533203,2.187255859,2.497558594
0.494384766,1.265136719,0.884033203,0.321533203,1.506103516,0.393066406
0.494384766,1.265136719,0.884033203,0.321533203,1.506103516,2.497558594
1.731689453,0.835449219,1.653076172,0.695458984,1.437255859,2.893066406
-1.255615234,0.835449219,1.653076172,0.695458984,1.437255859,2.893066406
1.731689453,-1.234863281,1.653076172,0.695458984,1.437255859,2.893066406
1.731689453,0.835449219,-0.865966797,0.695458984,1.437255859,2.893066406
1.731689453,0.835449219,1.653076172,0.671533203,1.437255859,2.893066406
1.731689453,0.835449219,1.653076172,0.695458984,2.256103516,2.893066406
1.731689453,0.835449219,1.653076172,0.695458984,1.437255859,4.997558594
1.731689453,-1.234863281,-0.865966797,0.671533203,2.256103516,4.997558594
-1.255615234,0.835449219,-0.865966797,0.671533203,2.256103516,4.997558594
-1.255615234,-1.234863281,1.653076172,0.671533203,2.256103516,4.997558594
-1.255615234,-1.234863281,-0.865966797,0.695458984,2.256103516,4.997558594
-1.255615234,-1.234863281,-0.865966797,0.671533203,1.437255859,4.997558594
-1.255615234,-1.234863281,-0.865966797,0.671533203,2.256103516,2.893066406
-1.255615234,-1.234863281,-0.865966797,0.671533203,2.256103516,4.997558594
0.856689453,-2.914550781,-0.971923828,0.520458984,1.062255859,4.143066406
1.369384766,-2.914550781,-0.971923828,0.520458984,1.062255859,4.143066406
0.856689453,-2.484863281,-0.971923828,0.520458984,1.062255859,4.143066406
0.856689453,-2.914550781,0.009033203,0.520458984,1.062255859,4.143066406
0.856689453,-2.914550781,-0.971923828,0.846533203,1.062255859,4.143066406
0.856689453,-2.914550781,-0.971923828,0.520458984,1.881103516,4.143066406
0.856689453,-2.914550781,-0.971923828,0.520458984,1.062255859,3.747558594
0.856689453,-2.484863281,0.009033203,0.846533203,1.881103516,3.747558594
1.369384766,-2.914550781,0.009033203,0.846533203,1.881103516,3.747558594
1.369384766,-2.484863281,-0.971923828,0.846533203,1.881103516,3.747558594
1.369384766,-2.484863281,0.009033203,0.520458984,1.881103516,3.747558594
1.369384766,-2.484863281,0.009033203,0.846533203,1.062255859,3.747558594
1.369384766,-2.484863281,0.009033203,0.846533203,1.881103516,4.143066406
1.369384766,-2.484863281,0.009033203,0.846533203,1.881103516,3.747558594
-0.893310547,-0.414550781,0.778076172,0.870458984,1.812255859,1.643066406
-0.380615234,-0.414550781,0.778076172,0.870458984,1.812255859,1.643066406
-0.893310547,0.015136719,0.778076172,0.870458984,1.812255859,1.643066406
-0.893310547,-0.414550781,1.759033203,0.870458984,1.812255859,1.643066406
-0.893310547,-0.414550781,0.778076172,0.496533203,1.812255859,1.643066406
-0.893310547,-0.414550781,0.778076172,0.870458984,1.131103516,1.643066406
-0.893310547,-0.414550781,0.778076172,0.870458984,1.812255859,1.247558594
-0.893310547,0.015136719,1.759033203,0.496533203,1.131103516,1.247558594
-0.380615234,-0.414550781,1.759033203,0.496533203,1.131103516,1.247558594
-0.380615234,0.015136719,0.778076172,0.496533203,1.131103516,1.247558594
-0.380615234,0.015136719,1.759033203,0.870458984,1.131103516,1.247558594
-0.380615234,0.015136719,1.759033203,0.496533203,1.812255859,1.247558594
-0.380615234,0.015136719,1.759033203,0.496533203,1.131103516,1.643066406
-0.380615234,0.015136719,1.759033203,0.496533203,1.131103516,1.247558594
-0.674560547,-0.727050781,-0.753173828,0.651708984,1.343505859,1.955566406
0.275634766,-0.727050781,-0.753173828,0.651708984,1.343505859,1.955566406
-0.674560547,0.952636719,-0.753173828,0.651708984,1.343505859,1.955566406
-0.674560547,-0.727050781,1.102783203,0.651708984,1.343505859,1.955566406
-0.674560547,-0.727050781,-0.753173828,0.977783203,1.343505859,1.955566406
-0.674560547,-0.727050781,-0.753173828,0.651708984,1.037353516,1.955566406
-0.674560547,-0.727050781,-0.753173828,0.651708984,1.343505859,0.310058594
-0.674560547,0.952636719,1.102783203,0.977783203,1.037353516,0.310058594
0.275634766,-0.727050781,1.102783203,0.977783203,1.037353516,0.310058594
0.275634766,0.952636719,-0.753173828,0.977783203,1.037353516,0.310058594
0.275634766,0.952636719,1.102783203,0.651708984,1.037353516,0.310058594
0.275634766,0.952636719,1.102783203,0.977783203,1.343505859,0.310058594
0.275634766,0.952636719,1.102783203,0.977783203,1.037353516,1.955566406
0.275634766,0.952636719,1.102783203,0.977783203,1.037353516,0.310058594
1.075439453,1.772949219,0.996826172,0.301708984,2.093505859,4.455566406
-1.474365234,1.772949219,0.996826172,0.301708984,2.093505859,4.455566406
1.075439453,-1.547363281,0.996826172,0.301708984,2.093505859,4.455566406
1.075439453,1.772949219,-0.647216797,0.301708984,2.093505859,4.455566406
1.075439453,1.772949219,0.996826172,0.627783203,2.093505859,4.455566406
1.075439453,1.772949219,0.996826172,0.301708984,1.787353516,4.455566406
1.075439453,1.772949219,0.996826172,0.301708984,2.093505859,2.810058594
1.075439453,-1.547363281,-0.647216797,0.627783203,1.787353516,2.810058594
-1.474365234,1.772949219,-0.647216797,0.627783203,1.787353516,2.810058594
-1.474365234,-1.547363281,0.996826172,0.627783203,1.787353516,2.810058594
-1.474365234,-1.547363281,-0.647216797,0.301708984,1.787353516,2.810058594
-1.474365234,-1.547363281,-0.647216797,0.627783203,2.093505859,2.810058594
-1.474365234,-1.547363281,-0.647216797,0.627783203,1.787353516,4.455566406
-1.474365234,-1.547363281,-0.647216797,0.627783203,1.787353516,2.810058594
1.950439453,-1.977050781,0.121826172,0.826708984,2.468505859,3.205566406
1.150634766,-1.977050781,0.121826172,0.826708984,2.468505859,3.205566406
1.950439453,-2.797363281,0.121826172,0.826708984,2.468505859,3.205566406
1.950439453,-1.977050781,0.227783203,0.826708984,2.468505859,3.205566406
1.950439453,-1.977050781,0.121826172,0.452783203,2.468505859,3.205566406
1.950439453,-1.977050781,0.121826172,0.826708984,2.162353516,3.205566406
1.950439453,-1.977050781,0.121826172,0.826708984,2.468505859,4.060058594
1.950439453,-2.797363281,0.227783203,0.452783203,2.162353516,4.060058594
1.150634766,-1.977050781,0.227783203,0.452783203,2.162353516,4.060058594
1.150634766,-2.797363281,0.121826172,0.452783203,2.162353516,4.060058594
1.150634766,-2.797363281,0.227783203,0.826708984,2.162353516,4.060058594
1.150634766,-2.797363281,0.227783203,0.452783203,2.468505859,4.060058594
1.150634766,-2.797363281,0.227783203,0.452783203,2.162353516,3.205566406
1.150634766,-2.797363281,0.227783203,0.452783203,2.162353516,4.060058594
0.200439453,0.522949219,1.871826172,0.476708984,1.718505859,0.705566406
-0.599365234,0.522949219,1.871826172,0.476708984,1.718505859,0.705566406
0.200439453,-0.297363281,1.871826172,0.476708984,1.718505859,0.705566406
0.200439453,0.522949219,1.977783203,0.476708984,1.718505859,0.705566406
0.200439453,0.522949219,1.871826172,0.802783203,1.718505859,0.705566406
0.200439453,0.522949219,1.871826172,0.476708984,1.412353516,0.705566406
0.200439453,0.522949219,1.871826172,0.476708984,1.718505859,1.560058594
0.200439453,-0.297363281,1.977783203,0.802783203,1.412353516,1.560058594
-0.599365234,0.522949219,1.977783203,0.802783203,1.412353516,1.560058594
-0.599365234,-0.297363281,1.871826172,0.802783203,1.412353516,1.560058594
-0.599365234,-0.297363281,1.977783203,0.476708984,1.412353516,1.560058594
-0.599365234,-0.297363281,1.977783203,0.802783203,1.718505859,1.560058594
-0.599365234,-0.297363281,1.977783203,0.802783203,1.412353516,0.705566406
-0.599365234,-0.297363281,1.977783203,0.802783203,1.412353516,1.560058594
-0.237060547,-2.602050781,0.559326172,0.564208984,1.531005859,1.330566406
1.588134766,-2.602050781,0.559326172,0.564208984,1.531005859,1.330566406
-0.237060547,-2.172363281,0.559326172,0.564208984,1.531005859,1.330566406
-0.237060547,-2.602050781,-0.209716797,0.564208984,1.531005859,1.330566406
-0.237060547,-2.602050781,0.559326172,0.540283203,1.531005859,1.330566406
-0.237060547,-2.602050781,0.559326172,0.564208984,2.349853516,1.330566406
-0.237060547,-2.602050781,0.559326172,0.564208984,1.531005859,2.185058594
-0.237060547,-2.172363281,-0.209716797,0.540283203,2.349853516,2.185058594
1.588134766,-2.602050781,-0.209716797,0.540283203,2.349853516,2.185058594
1.588134766,-2.172363281,0.559326172,0.540283203,2.349853516,2.185058594
1.588134766,-2.172363281,-0.209716797,0.564208984,2.349853516,2.185058594
1.588134766,-2.172363281,-0.209716797,0.540283203,1.531005859,2.185058594
1.588134766,-2.172363281,-0.209716797,0.540283203,2.349853516,1.330566406
1.588134766,-2.172363281,-0.209716797,0.540283203,2.349853516,2.185058594
1.512939453,-0.102050781,-1.190673828,0.914208984,2.281005859,3.830566406
-0.161865234,-0.102050781,-1.190673828,0.914208984,2.281005859,3.830566406
1.512939453,0.327636719,-1.190673828,0.914208984,2.281005859,3.830566406
1.512939453,-0.102050781,1.540283203,0.914208984,2.281005859,3.830566406
1.512939453,-0.102050781,-1.190673828,0.890283203,2.281005859,3.830566406
1.512939453,-0.102050781,-1.190673828,0.914208984,1.599853516,3.830566406
1.512939453,-0.102050781,-1.190673828,0.914208984,2.281005859,4.685058594
1.512939453,0.327636719,1.540283203,0.890283203,1.599853516,4.685058594
-0.161865234,-0.102050781,1.540283203,0.890283203,1.599853516,4.685058594
-0.161865234,0.327636719,-1.190673828,0.890283203,1.599853516,4.685058594
-0.161865234,0.327636719,1.540283203,0.914208984,1.599853516,4.685058594
-0.161865234,0.327636719,1.540283203,0.890283203,2.281005859,4.685058594
-0.161865234,0.327636719,1.540283203,0.890283203,1.599853516,3.830566406
-0.161865234,0.327636719,1.540283203,0.890283203,1.599853516,4.685058594
0.637939453,-1.352050781,1.434326172,0.389208984,1.906005859,2.580566406
0.713134766,-1.352050781,1.434326172,0.389208984,1.906005859,2.580566406
0.637939453,1.577636719,1.434326172,0.389208984,1.906005859,2.580566406
0.637939453,-1.352050781,0.665283203,0.389208984,1.906005859,2.580566406
0.637939453,-1.352050781,1.434326172,0.715283203,1.906005859,2.580566406
0.637939453,-1.352050781,1.434326172,0.389208984,1.224853516,2.580566406
0.637939453,-1.352050781,1.434326172,0.389208984,1.906005859,3.435058594
0.637939453,1.577636719,0.665283203,0.715283203,1.224853516,3.435058594
0.713134766,-1.352050781,0.665283203,0.715283203,1.224853516,3.435058594
0.713134766,1.577636719,1.434326172,0.715283203,1.224853516,3.435058594
0.713134766,1.577636719,0.665283203,0.389208984,1.224853516,3.435058594
0.713134766,1.577636719,0.665283203,0.715283203,1.906005859,3.435058594
0.713134766,1.577636719,0.665283203,0.715283203,1.224853516,2.580566406
0.713134766,1.577636719,0.665283203,0.715283203,1.224853516,3.435058594
