"Ca,diast,a","Ca,ampl,a","dCa/dtMax,a","RT90,a"
0.100302,0.538148,0.06260399999999999,479.0
0.0917903,0.2817737,0.03118349999999999,559.0
0.0944522,0.33737880000000003,0.038140499999999994,574.0
0.179524,0.8768560000000001,0.10101500000000002,478.0
0.12315,1.0156399999999999,0.12436299999999997,388.0
0.125568,1.0447220000000002,0.12887749999999998,388.0
0.13256,0.529331,0.06401500000000002,562.0
0.131211,0.760247,0.083785,475.0
0.105243,0.349027,0.041008,600.0
0.124965,0.9927649999999999,0.11572050000000003,382.0
0.103694,0.697876,0.07865749999999999,467.0
0.102436,0.69157,0.08745,392.0
0.138822,0.580691,0.06224450000000001,557.0
0.0993555,0.7080715,0.083568,400.0
0.118085,0.451592,0.050721,557.0
0.140309,0.700114,0.08056150000000001,523.0
0.103534,0.433319,0.05099000000000001,573.0
0.119547,1.2827229999999998,0.156788,328.0
0.106228,1.045902,0.12179249999999997,338.0
0.118901,0.599499,0.07222900000000002,502.0
0.106265,0.551178,0.0653135,476.0
0.124908,0.6277699999999999,0.071711,526.0
0.118489,0.7463690000000001,0.08890900000000002,452.0
0.133758,0.967492,0.12181149999999999,415.0
0.112369,0.40719600000000006,0.046867500000000006,575.0
0.107243,0.506511,0.05716900000000001,512.0
0.121676,0.404667,0.04761599999999999,618.0
0.130943,0.7235969999999999,0.0872955,499.0
0.0971263,0.4045617,0.046958499999999986,515.0
0.10903,0.590715,0.06694499999999999,503.0
0.148099,0.790783,0.09648549999999997,520.0
0.105875,0.6177349999999999,0.075165,501.0
0.121271,1.113089,0.13090799999999997,358.0
0.11077,0.840397,0.09627650000000001,391.0
0.119564,0.47717200000000004,0.059018,555.0
0.116719,0.44470199999999993,0.053077,564.0
0.100852,0.5387869999999999,0.06767949999999999,458.0
0.116285,0.813795,0.09895199999999998,433.0
0.138468,0.9678720000000001,0.11692299999999997,394.0
0.107022,0.46637599999999996,0.054003999999999996,523.0
0.118639,0.683357,0.078036,439.0
0.1071,0.616006,0.067603,485.0
0.142558,0.510738,0.0588805,585.0
0.128132,0.879118,0.10958650000000003,436.0
0.12841,0.450074,0.04929650000000001,585.0
0.127859,0.9004910000000002,0.10973850000000002,419.0
0.106381,0.5939209999999999,0.071015,476.0
0.112441,0.541621,0.06956100000000001,441.0
0.136757,0.47520699999999994,0.056773500000000005,572.0
0.106518,0.536937,0.06401299999999999,494.0
0.151297,0.9253929999999999,0.11280300000000001,452.0
0.109545,0.606541,0.0767765,469.0
0.131991,0.8836390000000001,0.10834999999999997,442.0
0.162717,0.805929,0.09739,488.0
0.119275,0.958955,0.1081735,363.0
0.0827032,0.5076168,0.0586865,422.0
0.133327,0.434376,0.04838500000000001,600.0
0.131063,0.6872539999999999,0.0807805,512.0
0.114121,0.568502,0.06648699999999999,534.0
0.117796,0.724809,0.08551049999999999,457.0
0.162471,1.002909,0.11400800000000003,451.0
0.153417,0.535967,0.0602375,596.0
0.134867,0.63249,0.07277249999999999,508.0
0.113792,0.8018689999999999,0.0924085,415.0
0.0810144,0.4831836,0.055218,377.0
0.11006,0.7160329999999999,0.08823600000000001,399.0
0.127087,0.8223940000000001,0.0952865,398.0
0.145676,0.5530039999999999,0.062024000000000024,603.0
0.12663,0.576136,0.067189,505.0
0.116318,0.381711,0.042851500000000015,594.0
0.118654,0.6070749999999999,0.06717,474.0
0.115684,0.540901,0.06383,492.0
0.121429,0.862191,0.10062499999999999,410.0
0.110388,1.1072520000000001,0.136465,363.0
0.108828,0.956522,0.11192099999999996,406.0
0.10484,0.665887,0.076386,444.0
0.137133,0.6243609999999999,0.07349,547.0
0.137735,0.7436100000000001,0.0881035,501.0
0.123977,0.746773,0.0887075,467.0
0.110675,0.717452,0.08363499999999999,505.0
0.112924,0.9605459999999999,0.12571800000000002,367.0
0.128843,0.412662,0.0485575,623.0
0.11039,0.89771,0.11022199999999999,382.0
0.0900233,0.5079327,0.05848750000000001,465.0
0.112126,0.6630739999999999,0.07725000000000001,460.0
0.11704,0.835689,0.09222050000000001,404.0
0.0877391,0.4851039,0.054387000000000005,430.0
0.108735,0.76039,0.09190799999999999,464.0
0.105161,0.58093,0.06777949999999999,514.0
0.112662,0.554678,0.067044,495.0
0.134988,0.685236,0.07973549999999999,511.0
0.132754,1.026336,0.12071599999999999,371.0
0.113697,0.5261079999999999,0.06494050000000001,514.0
0.139369,0.5984710000000001,0.0672275,541.0
0.119846,0.9872040000000001,0.1243715,413.0
0.135239,0.473479,0.05389250000000001,547.0
0.127906,0.52063,0.060708,547.0
0.114214,0.9843359999999999,0.12147400000000003,388.0
0.123006,0.7050369999999999,0.08114450000000001,454.0
0.134097,0.5906509999999999,0.070238,564.0
0.116668,0.725449,0.08194000000000001,459.0
0.141257,0.7965030000000001,0.094281,450.0
0.0964742,0.5300418,0.0651605,461.0
0.100826,0.34470100000000004,0.03850100000000001,591.0
0.119831,0.699462,0.08586750000000001,493.0
0.0992211,0.43213589999999996,0.049351500000000006,577.0
0.116365,0.499937,0.05624499999999999,538.0
0.106132,0.646142,0.070783,423.0
0.0992508,0.5473772,0.06346450000000001,492.0
0.116756,0.7466320000000001,0.09245099999999998,383.0
0.125862,0.560238,0.06267700000000001,528.0
0.107635,0.298752,0.034394999999999995,623.0
0.118234,0.5772919999999999,0.06475950000000001,508.0
0.112354,0.671621,0.0732275,468.0
0.125474,0.4927210000000001,0.058721999999999996,544.0
0.113596,0.5289349999999999,0.06036050000000001,543.0
0.123478,0.507885,0.0583375,542.0
0.0985578,0.6191831999999999,0.075384,445.0
0.106848,0.66368,0.07989299999999999,399.0
0.12688,0.570964,0.06283799999999999,521.0
0.109478,0.642764,0.07385149999999999,457.0
0.116005,0.615653,0.07154300000000001,506.0
0.117253,0.41314100000000004,0.0499715,602.0
0.101475,0.597442,0.06836099999999999,413.0
0.128526,0.9300039999999999,0.11141700000000002,429.0
0.124343,0.7497010000000001,0.08606850000000002,427.0
0.105338,0.504953,0.058004,484.0
0.0877711,0.4162939,0.0477065,498.0
0.0945234,0.6135756,0.07254,410.0
0.111205,0.64963,0.08097599999999999,455.0
0.117038,0.562044,0.06207700000000001,539.0
0.123114,0.8555900000000001,0.0970675,407.0
0.113422,0.590058,0.06705499999999999,507.0
0.141477,0.565435,0.06078199999999999,516.0
0.108893,0.673037,0.0836125,418.0
0.0978046,0.6588864,0.08012150000000001,470.0
0.135398,0.44308400000000003,0.049455499999999986,618.0
0.100807,0.388209,0.044014,558.0
0.151992,0.684376,0.07841050000000002,546.0
0.109611,0.537042,0.060496499999999995,477.0
0.140875,1.150245,0.140048,371.0
0.114641,0.762838,0.092082,426.0
0.117889,0.731103,0.08746599999999999,431.0
0.122622,0.603236,0.06611049999999999,477.0
0.113699,0.787875,0.09079199999999998,409.0
0.128767,0.521613,0.0594885,528.0
0.140795,0.764532,0.0868025,455.0
0.0800625,0.3367585,0.040481,514.0
0.0887572,0.5537938,0.06209949999999999,424.0
0.108891,0.609168,0.06704299999999999,450.0
0.109459,0.467418,0.05082199999999999,539.0
0.0900238,0.3734052,0.041104,542.0
0.13549,0.669992,0.08497100000000002,497.0
0.12777,0.5866309999999999,0.0646905,522.0
0.141502,1.120048,0.13279300000000002,390.0
0.132099,0.36329500000000003,0.04453499999999999,631.0
0.116948,0.6094010000000001,0.071642,524.0
0.108724,0.6522239999999999,0.07480250000000002,408.0
0.121349,0.460404,0.047462000000000004,525.0
0.107563,0.462802,0.054532,500.0
0.115303,0.86783,0.10132550000000001,369.0
0.0969521,0.5631129,0.06308899999999999,478.0
0.132631,0.8916090000000001,0.09859449999999997,428.0
0.111875,1.004535,0.12251399999999998,377.0
0.123195,0.476316,0.05615350000000001,586.0
0.100959,0.613404,0.070138,461.0
0.111273,0.39745800000000003,0.045626,595.0
0.141002,1.667188,0.208648,318.0
0.145443,0.633687,0.07156950000000001,546.0
0.115715,0.5917439999999999,0.070545,474.0
0.0965636,0.4533564,0.051551500000000014,518.0
0.0981276,0.47968540000000004,0.0560445,456.0
0.1265,0.5556989999999999,0.06416900000000002,522.0
0.104758,0.34714999999999996,0.03894550000000001,596.0
0.114998,0.692932,0.0778035,465.0
0.126898,0.548581,0.0641505,528.0
0.123692,0.37671199999999994,0.044412499999999994,621.0
0.139979,0.699702,0.08282599999999998,530.0
0.100554,0.5438,0.06082050000000001,490.0
0.109124,0.9064160000000001,0.113266,370.0
0.14577,0.8146249999999999,0.09482650000000001,465.0
0.123028,0.9954120000000001,0.11674299999999999,404.0
0.116597,1.0281529999999999,0.12027500000000002,392.0
0.136115,0.586045,0.06916899999999998,553.0
0.0897044,0.5501286,0.0690835,441.0
0.116687,0.773655,0.09013499999999999,437.0
0.092336,0.38605100000000003,0.043932,512.0
0.109651,0.541552,0.0636375,506.0
0.138153,0.54923,0.0652375,583.0
0.0962628,0.4509552,0.053369,527.0
0.134092,0.647976,0.07511849999999998,525.0
0.101952,0.365111,0.04221399999999999,579.0
0.105645,0.579966,0.068164,476.0
0.129682,0.632938,0.07759500000000003,481.0
0.123035,0.598718,0.06932450000000001,527.0
0.100449,0.38840399999999997,0.047393000000000005,561.0
0.0860577,0.4628443,0.056893500000000014,482.0
0.117133,0.346969,0.03763,629.0
0.13189,0.7175309999999999,0.08715400000000001,474.0
0.0975722,0.6599078,0.07743300000000002,443.0
0.102069,0.6274740000000001,0.07195349999999999,450.0
0.124835,0.472529,0.05666700000000001,577.0
0.122738,0.555285,0.06455649999999999,484.0
0.119161,0.749749,0.08575949999999999,479.0
0.121921,0.359786,0.04168000000000001,640.0
0.124255,0.592458,0.07190650000000001,538.0
0.122324,0.664843,0.075823,481.0
0.0990866,0.8697294,0.10191750000000002,346.0
0.0912616,0.4156494,0.05026249999999999,516.0
0.11707,0.810456,0.100135,441.0
0.0791674,0.3333766,0.038682999999999995,511.0
0.129149,0.38881499999999997,0.043760499999999994,620.0
0.131135,0.664022,0.0789975,511.0
0.114404,0.7553810000000001,0.0876585,435.0
0.118548,0.545322,0.05979250000000001,543.0
0.140066,0.581367,0.06744999999999998,580.0
0.123633,0.538756,0.06134750000000001,541.0
0.120179,1.1777309999999999,0.1366935,334.0
0.126354,0.708276,0.0822755,432.0
0.101665,0.591704,0.073805,417.0
0.116399,0.9255509999999999,0.1085505,375.0
0.117783,0.634976,0.07578099999999999,508.0
0.108068,0.7729889999999999,0.093417,396.0
0.135652,0.726715,0.0828545,503.0
0.103345,0.631243,0.07731250000000002,459.0
0.0958338,0.5200912,0.06200000000000001,488.0
0.118175,1.210145,0.14813599999999996,356.0
0.0866268,0.3828442,0.044535000000000005,522.0
0.139091,0.965299,0.11852200000000002,448.0
0.123489,0.787725,0.096942,453.0
0.140046,0.534947,0.06102850000000001,601.0
0.131282,0.74948,0.09239399999999998,476.0
0.116873,0.643753,0.0733,460.0
0.104445,0.367199,0.041040999999999994,592.0
0.10563,0.690586,0.08210049999999999,447.0
0.144932,0.5341389999999999,0.06199299999999999,608.0
0.113501,0.5887910000000001,0.06818600000000001,456.0
0.125309,0.813165,0.09828599999999998,442.0
0.0916366,0.4904044,0.05637,463.0
0.104905,0.421438,0.049625,545.0
0.127053,0.555289,0.06284199999999998,528.0
0.109868,1.0956519999999998,0.1264795,350.0
0.13181,0.648744,0.07866150000000002,477.0
0.133859,0.459888,0.054650000000000004,609.0
0.157874,1.018476,0.12533199999999997,429.0
0.102244,0.739905,0.08356049999999998,448.0
0.101962,0.711348,0.0833885,399.0
0.128166,0.580775,0.06915349999999998,531.0
0.128914,0.912156,0.105574,407.0
0.101992,0.434064,0.05036850000000001,561.0
0.14278,0.716969,0.08362,488.0
0.116929,1.003251,0.124557,393.0
0.111053,0.6079420000000001,0.0741385,438.0
0.0903317,0.44148029999999994,0.05149150000000001,515.0
0.12023,0.8941299999999999,0.112205,432.0
0.114102,0.679956,0.0787255,445.0
0.112626,0.753346,0.08744350000000001,428.0
0.117386,0.564497,0.0643835,517.0
0.123605,0.74028,0.08618899999999999,425.0
0.129685,1.140835,0.141611,357.0
0.107709,0.504502,0.057147500000000004,519.0
0.0983281,0.44529889999999994,0.05228300000000001,505.0
0.146266,0.608795,0.06719349999999999,542.0
0.112579,0.651838,0.07468550000000002,457.0
0.11277,0.491709,0.057259000000000004,558.0
0.123168,0.5844940000000001,0.06917500000000001,536.0
0.125582,0.370826,0.0410735,591.0
0.0910234,0.4124806,0.04566049999999999,449.0
0.128145,0.7026539999999999,0.07633899999999999,517.0
0.133894,0.6797359999999999,0.082679,504.0
0.102168,0.41927,0.049439,544.0
0.11554,0.55239,0.060442499999999996,456.0
0.141557,0.773528,0.09083749999999999,467.0
0.0978246,0.7442964,0.09503,359.0
0.104811,0.493745,0.056953500000000004,514.0
0.0906562,0.6300768,0.07757600000000002,429.0
0.100422,0.6188049999999999,0.0745955,449.0
0.111517,0.829692,0.09835850000000002,398.0
0.137273,0.564693,0.0647315,552.0
0.142872,0.8577279999999999,0.09960350000000001,483.0
0.117749,0.644424,0.0779,472.0
0.121185,0.608797,0.06864750000000001,516.0
0.103235,0.842595,0.09885949999999999,393.0
0.0980877,0.9899723,0.13014350000000002,348.0
0.114305,0.39960399999999996,0.04564700000000001,597.0
0.107739,0.432003,0.044570499999999985,522.0
0.145506,1.3320940000000001,0.15870700000000001,349.0
0.1378,0.397346,0.04476749999999999,623.0
0.106285,0.9077649999999999,0.11194699999999999,382.0
0.103081,0.546601,0.06459599999999999,497.0
0.107504,0.340826,0.038806999999999994,624.0
0.117081,0.698597,0.0804355,470.0
0.112811,1.345009,0.1767365,324.0
0.0887612,0.6675998,0.08227250000000001,392.0
0.0926431,0.6341309,0.077487,410.0
0.124259,0.41259,0.0465555,615.0
0.148502,1.376128,0.16040149999999997,350.0
0.0947724,0.6578766,0.07500799999999999,454.0
0.125646,0.898184,0.11252799999999999,432.0
0.137463,0.425963,0.05071600000000001,599.0
0.110864,0.741549,0.08726149999999999,451.0
0.124961,0.590473,0.07007350000000001,520.0
0.112479,1.034691,0.13465100000000002,382.0
0.134366,0.762972,0.09168500000000002,483.0
0.133712,0.499651,0.0577255,572.0
0.126496,0.958734,0.11563400000000001,387.0
0.106407,0.550272,0.06508700000000002,473.0
0.124924,0.607422,0.0688395,509.0
0.12325,0.5077050000000001,0.06162049999999998,542.0
0.0927909,0.42223710000000003,0.045998999999999984,507.0
0.11302,0.659268,0.07157050000000001,459.0
0.122158,0.759682,0.09011650000000002,402.0
0.112313,0.567362,0.06835899999999999,505.0
0.112267,0.622347,0.06813300000000001,489.0
0.107374,0.518501,0.06231199999999999,473.0
0.123439,0.639646,0.0766695,528.0
0.110597,0.45392499999999997,0.052987000000000006,479.0
0.0846309,0.5088941,0.061017000000000016,410.0
0.119624,0.617425,0.068516,501.0
0.132337,0.613528,0.07468799999999998,524.0
0.0903485,0.6125095,0.0763155,388.0
0.148266,0.9550540000000001,0.11487249999999999,436.0
0.112432,0.41195100000000007,0.045383999999999994,556.0
0.100179,0.797993,0.09629499999999999,359.0
0.124744,0.7075790000000001,0.0823525,454.0
0.10392,0.848243,0.10505900000000001,362.0
0.11182,0.48327999999999993,0.0537045,537.0
0.120054,0.851954,0.10260049999999998,415.0
0.126755,1.087885,0.13321349999999998,377.0
0.0830872,0.6718398,0.07942050000000002,336.0
0.109804,0.442551,0.053517499999999996,538.0
0.107661,0.672366,0.0793655,461.0
0.143554,0.46990300000000007,0.05537500000000001,596.0
0.0996958,0.5098962,0.05964349999999999,490.0
0.11106,0.7142219999999999,0.08549199999999998,456.0
0.125238,0.638468,0.0731095,492.0
0.114292,0.51678,0.058128499999999986,547.0
0.112258,0.637136,0.07477249999999999,459.0
0.126468,0.49529599999999996,0.05559949999999998,556.0
0.139128,0.610621,0.07320850000000001,540.0
0.107116,0.613853,0.07343600000000002,461.0
0.117552,0.49794000000000005,0.056693499999999994,508.0
0.139123,0.76819,0.08673449999999999,491.0
0.151646,0.680215,0.0814395,526.0
0.118922,0.757803,0.093251,445.0
0.140717,0.7056680000000001,0.0840755,517.0
0.12983,1.0289199999999998,0.1261035,346.0
0.11039,0.559287,0.06601,479.0
0.127114,0.7386649999999999,0.08455100000000002,452.0
0.148317,0.832437,0.09917799999999999,466.0
0.09704,0.47828399999999993,0.0575905,531.0
0.124866,0.410046,0.047643000000000005,575.0
0.0991654,0.6556166,0.078958,460.0
0.13169,0.521486,0.05691550000000001,535.0
0.134784,0.674975,0.0775005,480.0
0.118668,0.5882310000000001,0.068607,460.0
0.122578,0.685243,0.08061099999999999,439.0
0.125491,0.81445,0.09452950000000002,420.0
0.151019,0.8719109999999999,0.10611200000000004,467.0
0.134536,0.576638,0.06667100000000001,540.0
0.119997,0.8923530000000001,0.11373150000000001,403.0
0.0966614,0.4019436,0.0482515,568.0
0.112836,0.5667399999999999,0.06915999999999999,481.0
0.130352,0.44392699999999996,0.05120150000000001,608.0
0.123299,0.646555,0.07446650000000002,488.0
0.138398,1.273302,0.14737449999999996,346.0
0.122948,0.735279,0.08796000000000001,448.0
0.10178,0.651346,0.07720199999999999,428.0
0.0980835,0.5539825,0.0672895,489.0
0.160468,0.551463,0.06210649999999998,617.0
0.118488,0.555847,0.06696100000000002,513.0
0.12884,0.7251350000000001,0.087535,476.0
0.109229,0.769303,0.08789749999999999,465.0
0.115434,0.757259,0.0864345,445.0
0.134615,0.821174,0.0929525,449.0
0.121648,0.434219,0.05120200000000001,608.0
0.116747,0.699635,0.088977,442.0
0.133163,0.4990279999999999,0.057513499999999995,569.0
0.138086,0.6313230000000001,0.0700635,496.0
0.118995,0.6819740000000001,0.07949900000000001,469.0
0.109201,0.474062,0.0555445,473.0
0.0990159,0.6142550999999999,0.0715195,408.0
0.106704,0.641376,0.07413050000000002,403.0
0.115833,0.5816570000000001,0.06591150000000001,486.0
0.108733,1.082927,0.138007,333.0
0.133637,0.556052,0.05975200000000001,557.0
0.163107,0.509402,0.061221000000000025,610.0
0.142434,0.711325,0.08099800000000001,502.0
0.117596,0.683342,0.080369,438.0
0.108385,0.33608499999999997,0.040951,611.0
0.108038,0.6336860000000001,0.07601899999999999,420.0
0.101759,0.574102,0.0707065,458.0
0.1251,0.7461720000000001,0.0894925,503.0
0.0852766,0.3155504,0.03621050000000001,522.0
0.104961,0.490892,0.05931549999999999,519.0
0.123511,0.733198,0.08771200000000001,447.0
0.128191,0.662541,0.07950400000000002,525.0
0.116084,0.47286599999999995,0.056859999999999994,588.0
0.127384,0.365264,0.041314000000000003,630.0
0.13443,0.5710759999999999,0.06825049999999999,554.0
0.100131,0.594035,0.07069349999999999,438.0
0.106202,0.651779,0.07275799999999999,428.0
0.108044,0.406621,0.04736749999999999,552.0
0.110129,0.524936,0.06362000000000001,549.0
0.118449,0.485502,0.05405650000000001,582.0
0.109285,0.5265420000000001,0.06107449999999999,506.0
0.108319,0.6949399999999999,0.087783,439.0
0.0772695,0.5361385,0.0638745,380.0
0.128578,0.552544,0.06362050000000001,555.0
0.103392,0.8305319999999999,0.104487,389.0
0.115316,0.34733099999999995,0.037786,583.0
0.10258,0.480345,0.054548500000000014,497.0
0.0954588,0.6494502000000001,0.076083,374.0
0.109824,0.509532,0.05881750000000001,474.0
0.0947443,0.41369469999999997,0.04961099999999999,573.0
0.112853,0.627089,0.07571449999999999,498.0
0.129955,1.101915,0.13520500000000002,343.0
0.131358,0.46924200000000005,0.052449499999999996,561.0
0.100183,0.564549,0.06602,490.0
0.134093,0.594375,0.0652445,513.0
0.101861,0.6605340000000001,0.07637250000000001,459.0
0.13322,1.0293800000000002,0.1214945,373.0
0.107152,0.6179479999999999,0.074843,427.0
0.124232,0.647928,0.077036,504.0
0.134045,0.9791650000000001,0.1206885,405.0
0.115607,0.452299,0.054034499999999985,583.0
0.0986702,0.43733879999999997,0.048993999999999996,475.0
0.140103,0.6645800000000001,0.08388700000000002,498.0
0.106238,0.659103,0.08027400000000001,400.0
0.12838,0.676676,0.0795815,486.0
0.113532,0.8871180000000001,0.10376700000000003,391.0
0.10605,0.825717,0.09955249999999999,393.0
0.0983213,0.4533147,0.050647,466.0
0.0968417,0.7226292999999999,0.092384,362.0
0.102986,0.490255,0.057845999999999995,490.0
0.132336,0.8950739999999999,0.10388050000000001,444.0
0.142341,1.191689,0.14096450000000002,360.0
0.12641,0.771079,0.0937095,452.0
0.147861,0.500297,0.057116,600.0
0.144856,0.52828,0.058938500000000005,577.0
0.112536,0.640939,0.07149599999999999,471.0
0.116555,0.448664,0.052608,579.0
0.104352,0.57907,0.06888400000000001,483.0
0.133382,1.0012780000000001,0.12711999999999998,444.0
0.0928219,0.48161409999999993,0.055853500000000014,522.0
0.130392,0.5840380000000001,0.0706985,526.0
0.084575,0.577898,0.0702465,404.0
0.130769,0.503958,0.058238,585.0
0.14875,0.6079829999999999,0.072212,568.0
0.105644,0.62553,0.073372,479.0
0.105628,0.418907,0.050964499999999996,524.0
0.0920453,0.4172017,0.04762050000000001,528.0
0.12725,0.531323,0.064943,545.0
0.104164,0.7318159999999999,0.089669,369.0
0.118352,0.615295,0.0735585,484.0
0.105354,0.5357879999999999,0.05950950000000001,462.0
0.139649,0.808442,0.092614,469.0
0.122366,0.45726100000000003,0.04955849999999999,567.0
0.153329,0.5375920000000001,0.060410500000000006,589.0
0.118868,0.6211840000000001,0.07085,479.0
0.108115,0.706094,0.085691,397.0
0.0967089,0.7417211,0.08288,377.0
0.105319,0.5271669999999999,0.06066450000000001,505.0
0.114294,0.65391,0.079348,443.0
0.134592,0.7991379999999999,0.097214,437.0
0.102646,0.47861,0.0517715,505.0
0.0999331,0.4497109,0.052523000000000014,504.0
0.119414,0.6313719999999999,0.0765025,447.0
0.104431,0.598374,0.06745150000000001,507.0
0.129151,1.016619,0.129484,363.0
0.120606,0.50598,0.057448999999999986,539.0
0.13677,0.6001289999999999,0.071403,534.0
0.126271,0.807732,0.09639199999999998,444.0
0.118218,0.368859,0.03885799999999999,585.0
0.137493,0.530937,0.0613455,570.0
0.0879376,0.4994654,0.0575215,481.0
0.107894,1.118006,0.136574,325.0
0.107972,0.7120850000000001,0.091168,414.0
0.10786,0.48552100000000004,0.05674299999999999,530.0
0.134071,0.887019,0.10822300000000001,431.0
0.105933,0.886414,0.10600899999999996,425.0
0.0999027,0.45688529999999994,0.05434699999999999,517.0
0.109111,0.577204,0.06823549999999999,476.0
0.112663,0.5688690000000001,0.068504,526.0
0.109961,0.40388999999999997,0.04566550000000001,570.0
0.139448,0.579884,0.06686,586.0
0.111609,0.365917,0.045561000000000004,583.0
0.111145,0.49808199999999997,0.05737299999999999,533.0
0.108695,0.43571499999999996,0.052320500000000006,557.0
0.112786,0.354628,0.04259400000000001,600.0
0.10907,0.610726,0.07143350000000001,462.0
0.122127,0.686565,0.08432899999999999,484.0
0.134368,0.640523,0.07495700000000002,521.0
0.14531,0.558635,0.0629875,558.0
0.127626,0.351492,0.040546,639.0
0.111282,0.757838,0.0930995,415.0
0.128365,0.6317980000000001,0.06971150000000001,500.0
0.103092,0.5066820000000001,0.061037499999999995,533.0
0.133287,0.9374530000000001,0.11510549999999997,449.0
0.108813,0.373125,0.04489549999999999,632.0
0.134126,1.248724,0.15020750000000002,339.0
0.11606,0.624242,0.0725015,469.0
0.122985,0.445318,0.04890850000000001,563.0
0.116194,1.014556,0.12445400000000001,384.0
0.115336,0.575029,0.064845,515.0
0.139068,1.050972,0.12274600000000002,381.0
0.0918522,0.6154488,0.068286,463.0
0.0929218,0.6561562000000001,0.07815149999999998,414.0
0.0985059,0.5354321,0.063284,432.0
0.0938943,0.6854317,0.077335,392.0
0.128519,0.6864380000000001,0.08205199999999999,471.0
0.123905,0.5487339999999999,0.06678500000000001,587.0
0.118628,0.5642900000000001,0.069936,525.0
0.0967826,0.6602234,0.0771435,391.0
0.126358,0.5310710000000001,0.06302350000000001,566.0
0.105661,0.736697,0.09148900000000001,397.0
0.116907,0.46894900000000006,0.05338799999999999,556.0
0.104246,0.9105239999999999,0.10612950000000002,374.0
0.148943,1.007587,0.12027099999999999,406.0
0.111568,0.588027,0.072957,509.0
0.128353,0.809458,0.10045450000000003,444.0
0.124003,0.754644,0.08420250000000001,451.0
0.102745,0.671315,0.07869199999999998,444.0
0.116303,0.5334819999999999,0.06692150000000001,490.0
0.108114,0.551307,0.06318449999999999,469.0
0.118681,0.471396,0.056604500000000016,571.0
0.0974538,0.45225220000000005,0.05538549999999999,530.0
0.109908,0.903012,0.10945449999999998,367.0
0.0966844,0.5088976,0.058455999999999994,508.0
0.144976,1.005224,0.11262499999999998,403.0
0.112746,0.501786,0.057258500000000004,505.0
0.129006,0.681689,0.0839735,475.0
0.111815,0.40247600000000006,0.04573000000000001,534.0
0.129394,0.825993,0.09151899999999999,459.0
0.123824,0.7093649999999999,0.08987049999999999,467.0
0.13625,1.72224,0.22135300000000002,312.0
0.0860774,0.4493906000000001,0.05601199999999999,462.0
0.109256,0.7296389999999999,0.08839000000000002,401.0
0.121901,0.896919,0.11175100000000002,401.0
0.110483,0.592179,0.07515849999999999,506.0
0.128438,0.8227,0.10560449999999999,453.0
0.115114,1.047666,0.129765,389.0
0.130191,0.7209779999999999,0.08461949999999999,482.0
0.0886954,0.4013126,0.04348149999999999,474.0
0.0963206,0.43232740000000003,0.050342,508.0
0.1165,1.1996499999999999,0.14778649999999996,360.0
0.109457,0.654226,0.0786375,481.0
0.131727,0.670426,0.081869,490.0
0.127501,0.8732590000000001,0.10903450000000003,417.0
0.100599,0.518257,0.06253750000000001,492.0
0.122128,1.038582,0.11817099999999997,363.0
0.127685,0.7063569999999999,0.083229,507.0
0.11174,0.543356,0.063702,494.0
0.114361,0.792929,0.0964795,405.0
0.114836,0.6486339999999999,0.07021049999999998,484.0
0.130788,0.722533,0.08778949999999999,479.0
0.154058,0.47638,0.05387149999999999,625.0
0.117239,0.6957760000000001,0.085231,492.0
0.119475,0.652351,0.07535049999999999,477.0
0.119437,0.647112,0.07505199999999998,469.0
0.115223,0.5176780000000001,0.0604495,521.0
0.125477,0.678469,0.07713250000000002,478.0
0.105811,0.608383,0.0706205,461.0
0.120517,0.688521,0.07734250000000001,444.0
0.11789,0.5052620000000001,0.05998350000000001,546.0
0.11478,0.566227,0.0638615,542.0
0.121842,0.579684,0.06557800000000001,515.0
0.15756,0.8319799999999999,0.09664849999999997,474.0
0.104459,0.5603100000000001,0.06830149999999999,488.0
0.102122,0.714294,0.08677299999999999,419.0
0.123679,0.83581,0.10204600000000003,417.0
0.128299,0.438042,0.04935700000000001,611.0
0.124312,0.7391690000000001,0.08867950000000002,436.0
0.110701,0.47145699999999996,0.05105399999999999,515.0
0.108214,0.793284,0.09874349999999998,393.0
0.121081,0.508835,0.0608085,547.0
0.109464,0.795382,0.091667,397.0
0.116918,0.755221,0.0891345,482.0
0.108751,0.767822,0.092832,369.0
0.139659,0.566528,0.0647905,537.0
0.126598,0.9967220000000001,0.11551150000000002,342.0
0.168629,0.679311,0.08068349999999999,578.0
0.142135,0.439364,0.048372,619.0
0.130656,0.686496,0.076931,489.0
0.122728,0.6985110000000001,0.08356150000000001,456.0
0.124177,1.198233,0.152091,353.0
0.143773,0.7698069999999999,0.09123300000000001,468.0
0.135131,0.847653,0.1018615,431.0
0.10345,0.36845500000000003,0.0421705,590.0
0.0974529,0.49827609999999994,0.0582685,443.0
0.140448,0.665067,0.07602350000000002,512.0
0.128335,0.585087,0.064801,546.0
0.134286,0.654537,0.074486,524.0
0.139581,1.477629,0.17377749999999997,314.0
0.129056,0.85562,0.10422950000000003,449.0
0.115237,0.6335,0.07700850000000001,491.0
0.117335,0.5732780000000001,0.0659265,494.0
0.145884,0.592136,0.068379,564.0
0.104814,0.7735430000000001,0.0946765,423.0
0.133317,0.745864,0.0878005,491.0
0.105621,0.920919,0.112532,349.0
0.123132,0.868887,0.0967665,442.0
0.113829,0.485431,0.05449,542.0
0.132921,0.5660430000000001,0.06226599999999999,545.0
0.119951,0.477969,0.058495500000000006,583.0
0.124683,0.816727,0.09296300000000002,461.0
0.126267,0.593862,0.06417450000000001,515.0
0.109419,0.7274579999999999,0.08744149999999998,413.0
0.124266,0.877194,0.10635700000000001,375.0
0.115314,0.565624,0.06392199999999999,459.0
0.128703,0.573139,0.06701900000000001,494.0
0.1201,0.737694,0.088366,391.0
0.133775,1.123775,0.13335550000000002,360.0
0.135121,0.7986979999999999,0.10247800000000001,460.0
0.117577,0.891173,0.10946799999999998,403.0
0.103643,0.871342,0.10159399999999999,382.0
0.133817,0.492734,0.05711999999999999,593.0
0.0950107,0.5576683,0.06421099999999999,440.0
0.0915088,0.5360811999999999,0.0641675,467.0
0.103162,0.623723,0.07421000000000001,456.0
0.0974175,0.5401695,0.061968999999999996,449.0
0.107244,0.404092,0.0473895,590.0
0.108903,0.613581,0.07347700000000001,445.0
0.140005,0.5302929999999999,0.06280249999999998,589.0
0.0918516,0.5539204,0.06727799999999999,471.0
0.128766,0.758842,0.08552500000000002,473.0
0.102785,0.256057,0.031213500000000005,640.0
0.104491,0.640033,0.07756750000000001,490.0
0.108106,0.414286,0.043554499999999996,521.0
0.115362,0.801539,0.091835,416.0
0.115119,0.982291,0.120176,397.0
0.128346,0.477893,0.05680249999999999,577.0
0.112753,0.528017,0.06212400000000001,494.0
0.12055,0.430444,0.051259499999999986,576.0
0.119472,0.471511,0.05435749999999999,589.0
0.119861,0.842863,0.10468449999999999,411.0
0.12203,0.38566200000000006,0.04441149999999999,613.0
0.0893193,0.47043769999999996,0.05650949999999999,441.0
0.111546,0.751371,0.08850549999999999,455.0
0.136485,0.6765990000000001,0.08107149999999999,492.0
0.104472,0.5645249999999999,0.06914449999999998,427.0
0.106807,0.5787680000000001,0.06345500000000001,461.0
0.0970988,0.5827662,0.071752,427.0
0.134585,0.680415,0.0781875,498.0
0.137213,0.8592219999999999,0.1008365,450.0
0.091568,0.438454,0.053637500000000005,507.0
0.124475,0.520515,0.0665205,535.0
0.128453,0.7260829999999999,0.08182450000000002,481.0
0.13507,0.6420239999999999,0.071993,552.0
0.110922,0.492864,0.058189500000000005,569.0
0.119756,0.775543,0.093784,468.0
0.146435,1.1351849999999999,0.14010650000000002,423.0
0.0928018,0.6927032,0.0803765,417.0
0.108954,0.74619,0.09140000000000001,420.0
0.134865,0.985495,0.11116900000000002,403.0
0.108548,0.501337,0.05720799999999998,497.0
0.151837,0.452886,0.05147550000000001,635.0
0.116129,0.6059279999999999,0.07392599999999999,469.0
0.112931,0.928549,0.11309149999999998,362.0
0.116576,0.49087099999999995,0.06056600000000001,525.0
0.148948,0.839553,0.09633149999999999,483.0
0.1173,0.6589550000000001,0.07655050000000001,454.0
0.111037,0.5128299999999999,0.05828199999999999,525.0
0.111723,0.571956,0.06682850000000001,487.0
0.0917626,0.4481144,0.05350049999999999,504.0
0.108048,1.052832,0.13912,333.0
0.110271,0.531057,0.06020199999999999,536.0
0.127306,1.143094,0.13565100000000002,358.0
0.127372,0.729169,0.08385199999999998,489.0
0.108136,0.415068,0.050880499999999995,581.0
0.111921,0.84768,0.10903399999999999,379.0
0.10688,0.748127,0.0885795,416.0
0.138455,1.092035,0.135796,393.0
0.119932,0.848715,0.10368599999999997,407.0
0.117099,0.710052,0.086123,476.0
0.123912,0.657419,0.08066399999999999,493.0
0.0960862,0.4787068,0.0586395,511.0
0.141704,0.568946,0.063446,561.0
0.106631,0.599727,0.068866,514.0
0.122429,0.9510709999999999,0.11124499999999998,428.0
0.0940321,0.6247009,0.078072,390.0
0.106178,0.512858,0.0552535,511.0
0.102769,0.542998,0.0636425,463.0
0.132329,0.959701,0.11491199999999999,415.0
0.123559,0.844936,0.10241099999999997,424.0
0.13202,0.49449999999999994,0.05739,558.0
0.116997,0.559732,0.0601005,544.0
0.114407,0.5491469999999999,0.066217,543.0
0.136221,0.872299,0.10603449999999998,440.0
0.0853205,0.5308134999999999,0.06496299999999999,397.0
0.125112,1.021408,0.12136100000000002,368.0
0.150212,1.133128,0.12652950000000002,385.0
0.0964132,0.30939379999999994,0.03550700000000001,613.0
0.111615,0.384142,0.04408350000000001,605.0
0.113093,0.718972,0.083869,417.0
0.119969,0.665422,0.08351199999999998,458.0
0.124161,0.488552,0.05920049999999999,557.0
0.126739,0.5529759999999999,0.06277049999999999,529.0
0.120758,0.4841019999999999,0.0559785,574.0
0.107352,0.9495380000000001,0.1156575,387.0
0.128931,0.500602,0.05787350000000001,546.0
0.112879,0.65781,0.0836015,452.0
0.10873,0.47163900000000003,0.053501499999999994,517.0
0.0994035,0.6225145,0.06708449999999999,434.0
0.112904,0.948926,0.1178765,380.0
0.115967,0.7263719999999999,0.09090599999999999,442.0
0.113597,0.8651040000000001,0.09968199999999999,392.0
0.130089,0.9574710000000001,0.1057545,412.0
0.132874,0.573628,0.06413450000000001,553.0
0.141109,0.8347049999999999,0.09585650000000001,465.0
0.150936,0.6692940000000001,0.07989000000000002,564.0
0.139737,0.733334,0.0868555,484.0
0.107295,0.527469,0.064329,517.0
0.126677,0.6387309999999999,0.072296,535.0
0.12018,0.577936,0.069822,511.0
0.111511,0.869336,0.1132755,395.0
0.109538,0.604991,0.067521,416.0
0.114392,1.145148,0.1446065,354.0
0.129187,0.754294,0.089036,447.0
0.117606,0.583199,0.0666895,482.0
0.137014,1.028866,0.12545699999999999,435.0
0.110354,0.387689,0.04312100000000001,592.0
0.123215,0.56784,0.06703400000000001,554.0
0.119646,0.49842999999999993,0.05924499999999999,551.0
0.122614,0.751818,0.09094850000000002,460.0
0.137693,0.7535620000000001,0.08713350000000003,467.0
0.109506,0.43258300000000005,0.04882800000000001,581.0
0.111791,0.705985,0.08228250000000001,441.0
0.123776,0.416956,0.04775650000000001,603.0
0.123738,0.49829100000000004,0.057283,544.0
0.108521,0.47259700000000004,0.0542605,522.0
0.125169,0.390903,0.04401500000000001,591.0
0.129976,0.799662,0.09540300000000002,487.0
0.0945414,0.6446076,0.0806125,417.0
0.117792,0.608514,0.0706185,442.0
0.105554,0.843109,0.093772,394.0
0.121261,0.8485400000000001,0.106133,384.0
0.129195,0.918725,0.11071850000000003,435.0
0.132517,0.80286,0.091613,454.0
0.130287,0.6812929999999999,0.074135,489.0
0.110442,0.9987879999999999,0.11333999999999997,332.0
0.10451,0.460939,0.05491399999999999,523.0
0.0921802,0.7997508,0.0929755,361.0
0.113371,0.50625,0.05869849999999999,537.0
0.113096,0.767181,0.0950125,432.0
0.135141,1.756299,0.21772450000000004,295.0
0.136904,1.511586,0.184015,313.0
0.12292,0.562927,0.06581499999999998,563.0
0.098584,0.665698,0.0775775,436.0
0.122463,0.652594,0.07399800000000001,497.0
0.0973341,0.48184190000000005,0.0535655,486.0
0.115316,0.6082000000000001,0.0693885,500.0
0.119241,0.6867059999999999,0.07673949999999999,459.0
0.0928128,0.6041782,0.0747255,413.0
0.0939222,0.7741618,0.09718449999999998,364.0
0.104084,0.512383,0.06142149999999999,543.0
0.128438,0.62324,0.07261150000000002,512.0
0.123333,0.6986589999999999,0.08350199999999999,440.0
0.093289,0.542799,0.06155849999999999,406.0
0.127852,0.6008760000000001,0.06930700000000001,508.0
0.123816,1.309234,0.16669499999999998,329.0
0.112769,0.481561,0.054116499999999984,545.0
0.10583,0.46518000000000004,0.053341,554.0
0.121876,0.49871699999999997,0.056647,596.0
0.122452,0.44122700000000004,0.05167899999999999,543.0
0.115899,0.789683,0.0942135,391.0
0.116819,0.671666,0.07851949999999999,466.0
0.110291,0.62147,0.07355650000000001,461.0
0.12083,1.00126,0.11614999999999998,396.0
0.110935,0.783539,0.0932025,400.0
0.102427,0.597475,0.0721285,485.0
0.134842,1.045898,0.126134,394.0
0.112203,0.510686,0.05935899999999998,563.0
0.107426,0.787847,0.097831,393.0
0.125185,0.691407,0.08140199999999997,471.0
0.0827974,0.3794586,0.047798499999999994,523.0
0.126469,1.108551,0.12926800000000002,362.0
0.114333,0.854474,0.10522500000000001,402.0
0.107865,0.42405800000000005,0.050482,595.0
0.142709,1.370241,0.15561799999999998,332.0
0.127996,0.515532,0.060366500000000003,596.0
0.137375,0.46018099999999995,0.054895,612.0
0.116881,1.012399,0.1166875,379.0
0.14319,0.5454289999999999,0.061052999999999996,571.0
0.106816,0.45810399999999996,0.05636400000000001,552.0
0.161527,0.618708,0.0699245,554.0
0.120181,0.709022,0.08248899999999998,495.0
0.130684,0.668277,0.075013,491.0
0.103924,0.818493,0.09880349999999999,378.0
0.131553,0.5427069999999999,0.06416049999999998,570.0
0.128611,0.9366589999999999,0.11488699999999999,400.0
0.0871867,0.7966713000000001,0.0979285,345.0
0.121654,0.77281,0.09096200000000002,432.0
0.0993825,0.6704154999999999,0.08604700000000001,392.0
0.0930446,0.28109839999999997,0.030492000000000005,600.0
0.110903,0.9088370000000001,0.10926449999999999,367.0
0.0919778,0.5255772,0.060577500000000006,441.0
0.0844131,0.4279779,0.04997999999999998,459.0
0.127507,0.506191,0.0594035,557.0
0.115474,1.0551059999999999,0.12004599999999999,382.0
0.117455,0.590663,0.06916449999999999,446.0
0.115717,0.6493960000000001,0.0762175,454.0
0.134379,0.57851,0.06661899999999998,520.0
0.160216,0.627536,0.07599249999999999,564.0
0.113313,0.598474,0.0707265,485.0
0.117457,0.43216,0.04865849999999999,584.0
0.116759,0.45888100000000004,0.05154449999999999,555.0
0.125171,0.5515629999999999,0.068081,514.0
0.131116,0.514959,0.05781,542.0
0.120146,0.49054600000000004,0.05868599999999999,543.0
0.114476,0.4919049999999999,0.059237,539.0
0.109411,0.763122,0.09224500000000002,457.0
0.0991661,0.5561009,0.0670005,464.0
0.100919,0.615981,0.07502550000000001,452.0
0.114915,0.833928,0.09996250000000001,400.0
0.109435,0.574924,0.068089,469.0
0.120675,0.44940900000000006,0.051691,585.0
0.125796,0.839043,0.10213099999999997,474.0
0.134236,0.572344,0.063077,552.0
0.125901,1.061969,0.13537350000000004,379.0
0.118269,0.695315,0.0824905,425.0
0.0964771,0.4261539,0.047729999999999995,499.0
0.130183,0.46940600000000005,0.05375350000000001,593.0
0.103032,0.265685,0.031766,652.0
0.122571,1.011599,0.1232075,364.0
0.101154,0.566794,0.06400799999999998,436.0
0.110234,0.8513329999999999,0.101599,386.0
0.0931688,0.5236012000000001,0.060973499999999986,465.0
0.102444,0.9222760000000001,0.10407749999999999,374.0
0.143222,0.641606,0.07624150000000002,557.0
0.111099,0.7310080000000001,0.0856885,406.0
0.108736,0.403071,0.04412049999999999,559.0
0.120152,0.687793,0.08121300000000001,457.0
0.0878155,0.6155934999999999,0.07533649999999999,373.0
0.0930659,0.6678651,0.08496200000000001,390.0
0.100291,0.6850539999999999,0.082698,451.0
0.1126,0.42711,0.050912,577.0
0.13095,1.40198,0.1786835,338.0
0.10956,0.5038050000000001,0.05904999999999999,510.0
0.108565,0.559569,0.06764400000000001,480.0
0.135284,0.559818,0.06534649999999997,560.0
0.126726,0.702446,0.08531149999999998,440.0
0.101692,0.494267,0.053119,492.0
0.0996616,0.6039954,0.07166199999999999,446.0
0.0903112,0.5318818,0.0628355,420.0
0.149639,0.752279,0.08585300000000001,501.0
0.116504,0.675074,0.084788,445.0
0.153607,0.5586040000000001,0.0608745,582.0
0.125723,0.851568,0.10002,401.0
0.0948682,0.2777368,0.029713000000000003,609.0
0.0985468,0.5499052,0.06908950000000001,472.0
0.135345,0.9907649999999999,0.11061500000000002,418.0
0.0911902,0.5487878,0.06284,444.0
0.0938935,0.9084465,0.11454349999999999,353.0
0.119199,0.935011,0.11524499999999999,402.0
0.129923,0.537922,0.06429800000000002,543.0
0.109984,0.6159720000000001,0.0732765,465.0
0.111784,0.61066,0.07315749999999999,494.0
0.117117,0.608771,0.07161899999999999,512.0
0.124302,0.6226459999999999,0.077288,485.0
0.126018,0.759951,0.09257000000000001,431.0
0.112938,0.451607,0.0524795,525.0
0.11538,0.46627500000000005,0.054265999999999995,575.0
0.125853,0.728978,0.08802400000000002,451.0
0.108695,0.8506,0.10254550000000001,400.0
0.13135,0.503712,0.05759449999999999,569.0
0.128209,0.534135,0.06086699999999999,575.0
0.107782,0.981168,0.12412199999999998,329.0
0.129389,0.751521,0.09195800000000001,463.0
0.15342,0.94796,0.107736,422.0
0.110138,0.673845,0.08197199999999999,459.0
0.131882,0.7136009999999999,0.0784675,491.0
0.140108,1.0431819999999998,0.12089850000000002,410.0
0.0901713,0.7476887000000001,0.0922685,369.0
0.111384,0.742294,0.0896805,450.0
0.118526,0.5356069999999999,0.05868850000000002,485.0
0.117267,1.004893,0.12861250000000002,375.0
0.105301,0.415957,0.047312999999999994,538.0
0.150777,0.702407,0.08669099999999999,530.0
0.0906427,0.7048073,0.0851415,342.0
0.151122,0.701589,0.08915300000000001,553.0
0.134283,0.5692999999999999,0.065856,507.0
0.138162,0.829002,0.10554999999999998,465.0
0.109338,0.5931409999999999,0.0720725,493.0
0.121044,1.167886,0.1400295,352.0
0.114648,0.38205100000000003,0.04274949999999998,602.0
0.115581,0.73025,0.08327500000000002,471.0
0.117154,0.535518,0.0658805,512.0
0.138701,0.8370660000000001,0.09855200000000003,442.0
0.118199,0.8309759999999999,0.09407499999999999,386.0
0.108537,0.5671080000000001,0.06268700000000002,491.0
0.139142,0.718358,0.08893200000000001,490.0
0.111988,0.734036,0.09407750000000001,401.0
0.141904,0.523013,0.06017349999999999,576.0
0.116232,0.829533,0.10255900000000001,394.0
0.108053,0.733368,0.08480449999999998,419.0
0.0969432,0.9916668000000001,0.11717499999999997,332.0
0.110498,0.625572,0.068853,455.0
0.129229,0.6933539999999999,0.08526600000000001,522.0
0.100954,0.877171,0.10660149999999999,403.0
0.104949,0.393683,0.04695150000000001,606.0
0.109699,0.609116,0.06958550000000001,469.0
0.0987264,0.3290456,0.0392855,603.0
0.122206,0.773023,0.09707450000000001,455.0
0.13104,0.709136,0.08712900000000001,472.0
0.116643,0.6898489999999999,0.08253350000000001,484.0
0.127207,0.866623,0.10695650000000001,400.0
0.0987878,0.6413602,0.0820855,413.0
0.169423,0.610793,0.0690625,591.0
0.137349,1.215031,0.146802,363.0
0.0974111,0.4188999,0.04969799999999999,536.0
0.127491,0.841359,0.09573699999999999,423.0
0.102936,0.25914800000000004,0.029246499999999995,657.0
0.119467,0.562494,0.0641505,524.0
0.109041,0.380837,0.0430455,565.0
0.108255,0.561355,0.063474,499.0
0.113675,0.68704,0.083203,435.0
0.130639,0.6395150000000001,0.07588500000000001,517.0
0.110347,0.582538,0.06847650000000001,475.0
0.0919428,0.48031520000000005,0.05299100000000001,459.0
0.114629,0.9696710000000001,0.11839250000000001,362.0
0.113661,0.520992,0.0596275,512.0
0.120564,0.4214,0.04958050000000001,580.0
0.102358,0.42111499999999996,0.05221350000000001,527.0
0.103845,0.403232,0.049826999999999996,522.0
0.11926,0.532065,0.06379950000000001,480.0
0.123032,0.8015399999999999,0.0885135,417.0
0.141323,0.586319,0.06386549999999999,548.0
0.101579,0.391965,0.04657750000000001,599.0
0.12442,0.9904200000000001,0.11502599999999999,387.0
0.107908,0.509979,0.05599399999999999,505.0
0.0957813,0.6424877,0.07735249999999999,438.0
0.0936983,0.5467457,0.0657205,459.0
0.104202,0.40324399999999994,0.04480050000000001,563.0
0.0989636,0.4834494,0.054316500000000004,500.0
0.124815,0.9149649999999999,0.11307400000000001,423.0
0.12356,0.701147,0.0793545,425.0
0.113585,0.631412,0.079572,443.0
0.121644,0.608676,0.07383,502.0
0.110095,1.3466449999999999,0.16882250000000001,317.0
0.121394,0.592594,0.0729915,463.0
0.117171,0.47351999999999994,0.05539000000000001,519.0
0.150857,0.638106,0.071351,546.0
0.131282,0.757039,0.090195,423.0
0.104194,0.587064,0.07049500000000002,498.0
0.0970531,0.9120868999999999,0.11334399999999997,361.0
0.145188,0.696616,0.08648899999999998,480.0
0.123125,0.502618,0.057109999999999994,590.0
0.0926946,0.2743134,0.0330285,621.0
0.0826235,0.3871725,0.04801050000000001,505.0
0.122433,0.5496179999999999,0.066357,519.0
0.0854414,0.42815159999999997,0.051052,477.0
0.0838243,0.6321307,0.0772715,382.0
0.108539,0.5003679999999999,0.054756499999999986,503.0
0.125235,0.486371,0.05978549999999999,565.0
0.0985962,0.40132480000000004,0.046088000000000004,510.0
0.0967601,0.5185689,0.066504,437.0
0.137367,0.510656,0.0585605,568.0
0.119207,0.572836,0.066546,494.0
0.144684,1.092446,0.1280375,395.0
0.122221,0.637598,0.07229849999999999,434.0
0.086057,0.543121,0.0681885,406.0
0.116049,0.676751,0.08069199999999999,462.0
0.108225,0.53094,0.061079499999999995,499.0
0.126038,0.37296799999999997,0.04249950000000001,629.0
0.113231,0.51368,0.0627145,486.0
0.106878,0.774386,0.096141,422.0
0.125641,0.547023,0.06025699999999999,541.0
0.129167,0.6322519999999999,0.0712195,478.0
0.126268,0.5564530000000001,0.0693,532.0
0.120911,1.0694190000000001,0.1317365,400.0
0.134804,1.3987960000000002,0.169439,353.0
0.100597,0.407927,0.04600750000000001,532.0
0.123163,0.532353,0.060713500000000004,550.0
0.100777,0.289499,0.0329305,620.0
0.112903,0.682077,0.07854650000000002,428.0
0.143291,0.585107,0.06837099999999999,580.0
0.123074,0.578108,0.06829099999999999,535.0
0.120253,0.6203050000000001,0.072833,498.0
0.125323,0.874837,0.11059149999999998,367.0
0.123544,0.8894460000000001,0.11060700000000001,429.0
0.114286,0.590664,0.0669785,459.0
0.146966,0.650304,0.07569400000000001,524.0
0.0963354,0.7566166000000001,0.08741399999999999,392.0
0.113982,0.564133,0.06829850000000001,564.0
0.141921,0.4690500000000001,0.056927000000000005,610.0
0.119638,0.7543489999999999,0.08696949999999998,399.0
0.125543,1.092687,0.12557000000000001,364.0
0.102475,0.506184,0.06249249999999999,484.0
0.118732,0.608595,0.0737045,485.0
0.131386,0.70639,0.08069949999999998,491.0
0.100828,0.5002909999999999,0.060110999999999984,450.0
0.134657,0.632639,0.073791,483.0
0.0884374,0.49869260000000004,0.058230500000000004,472.0
0.0876088,0.6116961999999999,0.0720675,341.0
0.128774,0.442312,0.05346200000000001,595.0
0.147709,0.8716210000000001,0.099363,450.0
0.140504,0.484935,0.056259,601.0
0.102037,0.384276,0.041882,582.0
0.124517,0.837946,0.09988849999999999,424.0
0.119091,0.5011429999999999,0.05871950000000001,574.0
0.119937,0.37310899999999997,0.045323,625.0
0.115955,0.548746,0.069088,495.0
0.0900467,0.5563522999999999,0.069712,412.0
0.128673,0.469804,0.05223599999999999,603.0
0.128608,0.724496,0.089442,494.0
0.100277,0.5306789999999999,0.06403049999999999,450.0
0.108606,0.48552800000000007,0.0550315,498.0
0.100956,0.36495700000000003,0.042456499999999994,574.0
0.115374,0.694374,0.07984049999999998,389.0
0.0995561,0.4364039,0.05114700000000001,536.0
0.118364,0.41497699999999993,0.04726050000000001,572.0
0.124818,0.36759000000000003,0.04280099999999999,611.0
0.133888,0.415571,0.046900999999999984,572.0
0.113241,0.5518879999999999,0.06295150000000001,527.0
0.1309,0.645423,0.07702049999999999,491.0
0.117397,0.4533980000000001,0.047619499999999995,529.0
0.112562,0.6088500000000001,0.07313449999999999,451.0
0.097539,0.5310699999999999,0.06151849999999999,490.0
0.121502,0.488823,0.05887250000000001,598.0
0.106154,0.48264700000000005,0.054841,508.0
0.141675,0.9137850000000001,0.11511199999999999,455.0
0.118799,0.726303,0.08743800000000002,475.0
0.127216,1.142134,0.1346875,353.0
0.128246,0.6894600000000001,0.08281650000000002,479.0
0.110724,0.38066700000000003,0.041051500000000005,545.0
0.119652,0.722201,0.087345,490.0
0.119576,0.772805,0.08621150000000002,423.0
0.074968,0.40867699999999996,0.050105999999999984,426.0
0.116105,0.37229799999999996,0.043627500000000013,636.0
0.114514,0.694859,0.08126350000000002,478.0
0.115381,0.43430799999999997,0.04911499999999999,543.0
0.116415,0.5152239999999999,0.0609565,541.0
0.128557,0.574531,0.0674765,523.0
0.111444,1.176996,0.14953049999999998,352.0
0.126477,0.611837,0.0715365,506.0
0.135352,0.712241,0.07787650000000002,500.0
0.115197,0.81168,0.10005800000000001,395.0
0.109915,0.697443,0.08473549999999999,455.0
0.123313,0.584896,0.07038499999999999,509.0
0.107964,0.7492730000000001,0.085364,424.0
0.106721,0.5883120000000001,0.06874949999999999,450.0
0.11668,0.426585,0.04840349999999999,565.0
0.132529,1.355671,0.15430099999999997,304.0
0.0940182,0.9553118,0.11887599999999998,327.0
0.111887,0.513158,0.05617849999999999,534.0
0.103909,0.7798889999999999,0.09780349999999999,384.0
0.115435,1.261605,0.15754549999999998,306.0
0.136026,1.277574,0.15083800000000003,338.0
0.124224,0.74204,0.08745549999999999,441.0
0.118425,0.56107,0.0654305,511.0
0.123814,0.863065,0.11281500000000003,427.0
0.115821,0.9267590000000001,0.11044150000000003,381.0
0.110295,0.513649,0.05879000000000001,521.0
0.0996357,0.6271033,0.07495999999999998,465.0
0.11365,0.866698,0.10630749999999997,425.0
0.153986,0.5931789999999999,0.071101,584.0
0.12275,0.5212439999999999,0.06221899999999998,561.0
0.101028,0.61188,0.0713845,439.0
0.133963,0.935627,0.10717200000000002,408.0
0.123167,0.859476,0.10367900000000002,394.0
0.136575,0.47033099999999994,0.05526450000000001,592.0
0.119309,0.83468,0.09900700000000001,451.0
0.104858,0.592178,0.070482,478.0
0.133305,0.640832,0.07858900000000002,492.0
0.103224,0.436535,0.04753749999999998,536.0
0.104164,0.414724,0.046861499999999986,527.0
0.116448,0.553858,0.06607800000000001,515.0
0.0958753,0.4814307,0.06115250000000001,435.0
0.132374,0.804362,0.0982895,408.0
0.14415,0.8908799999999999,0.104353,408.0
0.12032,0.9646699999999999,0.12046050000000003,397.0
0.107749,0.887955,0.11130900000000002,360.0
0.0951217,0.6903533000000001,0.083266,372.0
0.102162,0.605988,0.075766,445.0
0.109548,0.827063,0.10137000000000002,369.0
0.140242,0.599191,0.0663485,557.0
0.121609,0.8598060000000001,0.09723850000000003,344.0
0.105118,0.429529,0.0511605,546.0
0.129152,1.218638,0.1539895,377.0
0.125616,0.356334,0.039936,615.0
0.135954,0.917696,0.11088450000000002,445.0
0.145183,0.689147,0.08126650000000002,512.0
0.142638,1.197442,0.1436665,358.0
0.107836,0.32369600000000004,0.038478,626.0
0.132537,0.49042699999999995,0.058565500000000006,564.0
0.103384,0.729368,0.08865599999999998,347.0
0.102777,0.411606,0.04640449999999999,515.0
0.134403,0.812338,0.0919875,443.0
0.123295,0.759531,0.08627099999999999,441.0
0.123879,0.5248820000000001,0.062586,496.0
0.0912503,0.4072887,0.0493325,530.0
0.114818,0.5927680000000001,0.0693455,510.0
0.126705,0.499315,0.06047899999999999,569.0
0.101915,0.629155,0.0725875,457.0
0.124732,0.849045,0.10259400000000002,439.0
0.109846,1.126954,0.14442349999999998,349.0
0.0982092,0.3560778,0.040902999999999995,603.0
0.119588,0.848614,0.10133149999999999,408.0
0.122983,0.429818,0.04974650000000001,586.0
0.142643,0.5548810000000001,0.06353250000000002,583.0
0.113278,0.6150990000000001,0.07199749999999999,451.0
0.112039,0.537346,0.062805,507.0
0.119925,0.425947,0.049229499999999995,558.0
0.115098,0.41783099999999995,0.04877199999999998,596.0
0.123952,0.650766,0.07591200000000001,454.0
0.105815,0.955805,0.11138100000000004,351.0
0.118228,0.38493200000000005,0.045359999999999984,592.0
0.121907,1.043263,0.1300395,355.0
0.111201,0.583025,0.06812100000000001,486.0
0.103557,0.333844,0.040436,607.0
0.114614,0.41751800000000006,0.047933,592.0
0.105636,0.7511000000000001,0.08848249999999999,406.0
0.114206,0.796821,0.09763749999999999,423.0
0.119722,0.72657,0.09046950000000001,414.0
0.122405,0.61545,0.07064949999999999,498.0
0.120943,0.8947369999999999,0.10954249999999999,420.0
0.102883,0.46298100000000003,0.05804899999999999,500.0
0.0975574,0.6193346,0.0732495,399.0
0.0965083,0.5681347,0.06709349999999999,408.0
0.10604,0.42582299999999995,0.051046499999999995,576.0
0.128889,0.39902099999999996,0.04438049999999999,597.0
0.130668,0.760335,0.093639,451.0
0.088236,0.610936,0.070046,347.0
0.115007,0.739514,0.090863,440.0
0.104765,0.817466,0.093885,395.0
0.138293,0.742751,0.09044949999999999,463.0
0.128077,0.849288,0.09979350000000001,424.0
0.10489,0.39736,0.047262,577.0
0.116828,0.438876,0.049722,522.0
0.0890047,0.3579433,0.042596499999999995,553.0
0.110795,0.50142,0.054099499999999995,532.0
0.133973,0.688951,0.08295849999999999,510.0
0.115648,0.605961,0.07426749999999999,486.0
0.0905559,0.6077260999999999,0.0716795,362.0
0.124774,0.653403,0.07951050000000001,480.0
0.128965,0.8785149999999999,0.09648200000000001,415.0
0.118131,0.9460189999999999,0.11101200000000003,419.0
0.13689,0.6076699999999999,0.073123,553.0
0.103975,0.700878,0.08099899999999999,410.0
0.114145,0.5430079999999999,0.060423500000000005,491.0
0.0799957,0.3956363,0.044473,475.0
0.0966851,0.6264469,0.0772825,453.0
0.0968581,0.7520948999999999,0.0876575,378.0
0.116411,1.008279,0.12396199999999999,364.0
0.107935,0.836499,0.10067100000000001,421.0
0.141127,0.649586,0.07475499999999999,534.0
0.0823631,0.4976189,0.057295999999999986,431.0
0.110042,0.658053,0.08037849999999999,465.0
0.114356,0.842309,0.10596799999999998,398.0
0.139215,0.5700660000000001,0.0663675,559.0
0.0982797,0.37357830000000003,0.04063499999999999,541.0
0.114284,0.488694,0.058086,516.0
0.109086,0.445566,0.05363000000000001,560.0
0.0994094,0.6512186,0.07680849999999999,395.0
0.110902,0.627759,0.074265,477.0
0.123255,0.788719,0.09423799999999999,394.0
0.133709,0.596991,0.06997799999999998,541.0
0.116061,0.569293,0.0674895,488.0
0.12094,0.8961399999999999,0.1004835,409.0
0.109459,0.310812,0.03353500000000001,628.0
0.116831,0.645586,0.07381249999999999,473.0
0.12457,1.14655,0.13834350000000004,369.0
0.0942683,0.5260637,0.05780299999999999,436.0
0.104488,0.5155609999999999,0.0632035,503.0
0.12971,1.16238,0.13026899999999997,389.0
0.123703,0.572385,0.070073,536.0
0.100647,0.45313,0.05291950000000001,511.0
0.11002,0.48596799999999996,0.058297000000000015,495.0
0.0998865,0.4700265,0.05487149999999999,461.0
0.125751,0.42222,0.049134499999999984,600.0
0.0859091,0.3871669,0.042665999999999996,476.0
0.109439,0.452691,0.050421499999999994,518.0
0.133333,0.553269,0.064101,550.0
0.0871306,0.5418643999999999,0.06820150000000001,450.0
0.124682,0.755704,0.08867349999999999,476.0
0.1156,0.644959,0.07685049999999999,496.0
0.12039,0.43477299999999997,0.052152500000000004,571.0
0.141301,0.454711,0.05224050000000001,603.0
0.112826,0.405737,0.04880549999999999,597.0
0.114873,0.676942,0.08139750000000001,469.0
0.105284,0.654478,0.07890449999999999,447.0
0.11931,0.734808,0.0904655,435.0
0.13579,0.667915,0.076294,535.0
0.126247,0.79962,0.0992365,468.0
0.104745,0.478282,0.0557855,525.0
0.0923752,0.6373428,0.08140449999999999,393.0
0.136208,0.49827299999999997,0.05578499999999999,578.0
0.118152,0.383804,0.0427275,601.0
0.117784,0.571251,0.06615599999999999,528.0
0.108796,0.556082,0.0680425,511.0
0.113818,0.607581,0.0761705,469.0
0.138686,0.8641740000000001,0.10329500000000003,469.0
0.132636,0.428427,0.04844999999999999,623.0
0.130022,0.566616,0.06458200000000001,527.0
0.107925,0.6561730000000001,0.080933,446.0
0.130767,0.9753630000000001,0.11486400000000002,399.0
0.108816,0.584182,0.069962,431.0
0.0876291,0.5103468999999999,0.059676999999999994,443.0
0.105255,0.5004730000000001,0.06072899999999999,533.0
0.120517,0.648397,0.07471149999999999,493.0
0.105072,0.41708300000000004,0.04818900000000001,493.0
0.117203,0.548896,0.06030600000000001,479.0
0.108414,0.9523759999999999,0.11915799999999999,347.0
0.0994863,0.8248736999999999,0.09926199999999999,416.0
0.103753,0.679476,0.0793845,455.0
0.128716,1.237914,0.14816849999999998,373.0
0.153387,0.5512539999999999,0.06404400000000002,572.0
0.129577,1.007283,0.12128999999999998,429.0
0.100305,0.517884,0.06093900000000001,515.0
0.0883224,0.4196736,0.049239500000000005,513.0
0.095198,0.702073,0.08467,412.0
0.129263,0.770162,0.09655550000000002,436.0
0.138157,0.7155790000000001,0.09059649999999997,516.0
0.119969,0.46375299999999997,0.05816349999999999,575.0
0.10646,0.425048,0.04924550000000001,556.0
0.118127,0.35865800000000003,0.0411825,625.0
0.144246,0.448213,0.051923,616.0
0.114667,0.6743250000000001,0.0825455,504.0
0.0926361,0.3760719,0.04500449999999999,582.0
0.119902,0.5081800000000001,0.058433499999999985,527.0
0.11586,0.6734920000000001,0.081039,500.0
0.121546,0.45576200000000006,0.053669499999999995,586.0
0.100501,0.336387,0.038955000000000004,592.0
0.0955408,0.5506682,0.062914,476.0
0.0917024,0.7056226,0.08369549999999999,337.0
0.0930956,0.5459054000000001,0.067733,486.0
0.117064,1.0941859999999999,0.132836,352.0
0.096004,0.523606,0.06585200000000001,459.0
0.114583,0.49729599999999996,0.056925,523.0
0.117004,0.851695,0.09967999999999996,427.0
0.0972656,0.6345574,0.075149,379.0
0.106229,0.40771099999999993,0.047265000000000015,542.0
0.116337,0.892783,0.107771,417.0
0.113484,0.838078,0.096244,417.0
0.130313,0.63889,0.0745075,543.0
0.0917175,0.5642165,0.0702485,446.0
0.132324,0.601714,0.0716725,525.0
0.107279,0.632612,0.07813300000000001,467.0
0.123034,1.009466,0.11647850000000001,364.0
0.114315,0.5456939999999999,0.06551799999999999,494.0
0.113024,0.9314359999999999,0.11631449999999999,385.0
0.108116,0.727477,0.088336,451.0
0.103327,0.7056849999999999,0.0899945,435.0
0.119803,1.065877,0.130232,358.0
0.103437,0.354282,0.04270799999999998,588.0
0.147522,0.7382980000000001,0.0841875,505.0
0.14267,0.795776,0.094058,475.0
0.134859,0.878261,0.1014235,450.0
0.118643,1.244977,0.15536699999999998,322.0
0.119608,0.508189,0.06150000000000001,546.0
0.121416,0.637989,0.07719100000000001,487.0
0.114229,0.77281,0.09193099999999998,437.0
0.154696,1.225274,0.14986449999999998,387.0
0.106982,0.554258,0.05970049999999999,463.0
0.124883,0.780526,0.08775650000000002,429.0
0.143787,0.584843,0.068298,549.0
0.121653,0.482904,0.053720500000000004,565.0
0.120686,0.944614,0.11031000000000002,388.0
0.097849,0.414035,0.04937899999999999,538.0
0.144442,1.172728,0.14854099999999998,375.0
0.139121,0.728145,0.0905705,457.0
0.142391,0.902129,0.10283800000000001,462.0
0.118553,0.5997009999999999,0.065149,486.0
0.140905,0.919135,0.10896949999999997,451.0
0.130983,0.613599,0.068685,528.0
0.135192,0.5994550000000001,0.0735105,536.0
0.143277,0.686544,0.0784095,495.0
0.100442,0.662316,0.07633150000000001,432.0
0.132661,0.590963,0.069718,549.0
0.125058,0.808337,0.09604599999999999,453.0
0.111015,0.48741500000000004,0.052129999999999996,528.0
0.13222,0.9677899999999999,0.11567999999999998,415.0
0.127381,0.555602,0.0650165,557.0
0.113684,0.909366,0.103798,374.0
0.134806,0.713121,0.08217049999999998,486.0
0.112824,0.6164729999999999,0.0758025,494.0
0.114348,0.900232,0.11116100000000001,397.0
0.113318,0.627782,0.07449250000000002,475.0
0.120721,0.909379,0.1057775,401.0
0.101294,0.46722600000000003,0.05280750000000001,476.0
0.122369,0.6681140000000001,0.082571,447.0
0.135683,0.472514,0.051733000000000015,585.0
0.0910707,0.49150829999999995,0.058504,504.0
0.142236,0.47490599999999994,0.05297100000000002,617.0
0.135111,0.7903870000000001,0.0868765,461.0
0.123782,0.795768,0.093669,422.0
0.122506,0.573937,0.06884649999999998,516.0
0.0892796,0.8716804,0.10259149999999997,329.0
0.131482,0.729401,0.088026,517.0
0.102541,0.711263,0.07863300000000001,426.0
0.101267,0.615985,0.07551749999999999,435.0
0.0996805,0.40549149999999995,0.049643999999999994,557.0
0.125225,0.37785099999999994,0.04434500000000001,588.0
0.10903,0.246224,0.027093500000000006,663.0
0.101737,0.5432520000000001,0.06648349999999999,449.0
0.11775,0.748616,0.0915675,414.0
0.130895,0.658505,0.0783845,496.0
0.0931475,0.40791249999999996,0.04604949999999999,501.0
0.105727,0.47600699999999996,0.054845500000000005,511.0
0.0987632,0.6511328000000001,0.076258,423.0
0.105116,0.516481,0.05812400000000001,509.0
0.107396,0.422148,0.052876000000000006,547.0
0.128238,0.415354,0.04746849999999998,595.0
0.104699,0.894628,0.117422,381.0
0.149706,0.617773,0.0760035,548.0
0.124415,0.555842,0.0661225,501.0
0.112411,0.6526989999999999,0.07080400000000002,489.0
0.139316,1.221794,0.15545699999999998,385.0
0.0947925,0.41356350000000003,0.04940399999999999,554.0
0.120081,0.334652,0.03754800000000001,640.0
0.0944308,0.3160152,0.03517949999999999,540.0
0.108486,0.603651,0.0724345,491.0
0.101894,0.339586,0.038001499999999994,603.0
0.116908,0.712696,0.0938205,435.0
0.0973957,0.7077583000000001,0.0872405,402.0
0.13002,0.513263,0.058914999999999995,525.0
0.0974696,0.5255854,0.061446,484.0
0.130029,0.499713,0.055399500000000004,570.0
0.121627,1.0146030000000001,0.12430950000000002,377.0
0.124581,0.577496,0.06722449999999999,520.0
0.115913,0.5190239999999999,0.06198450000000001,561.0
0.091526,0.700289,0.08439499999999998,403.0
0.115599,0.603272,0.0682785,505.0
0.121027,0.34869300000000003,0.039709499999999995,627.0
0.112539,0.7399039999999999,0.085313,413.0
0.113563,0.631337,0.06976299999999999,469.0
0.136872,0.910348,0.11008200000000001,415.0
0.141308,1.447072,0.1848755,356.0
0.141572,0.67803,0.077823,516.0
0.132105,0.547196,0.063175,573.0
0.136041,0.825304,0.0995955,458.0
0.108847,0.791462,0.097714,339.0
0.10026,0.589697,0.0674815,415.0
0.131855,0.993655,0.12383200000000003,391.0
0.118072,0.7320840000000001,0.0842165,469.0
0.109822,0.897128,0.11255699999999999,380.0
0.0989206,0.4663414,0.05397250000000001,522.0
0.129045,0.912125,0.10208500000000004,406.0
0.129624,0.8457100000000001,0.10027649999999999,424.0
0.136282,0.553705,0.06646849999999999,602.0
0.120585,0.8191820000000001,0.09870000000000001,419.0
0.12694,0.593593,0.063842,517.0
0.128629,0.544957,0.0659545,514.0
0.0976374,0.7871816,0.09227350000000001,417.0
0.103939,0.608484,0.07053550000000001,460.0
0.141901,0.5946309999999999,0.07046450000000001,555.0
0.104691,0.650244,0.0768405,468.0
0.111661,0.924409,0.11062950000000002,339.0
0.0904378,0.6230981999999999,0.074895,370.0
