"Tpeak,v","TTP,t,v","dT/dtMax,v","dT/dtMax,v","Tdur,v","Trest,v","Dlambda,v"
24.3896,200.0,0.24572,-0.13335,492.0,0.100107,8.63485
34.1646,193.0,0.39174,-0.1632,641.0,1.17567,16.349
20.7153,141.0,0.294945,-0.16875,316.0,0.0196966,6.74394
32.2228,169.0,0.377,-0.27715,558.0,0.668626,14.2187
27.9792,162.0,0.38112,-0.21315,470.0,0.2075,10.8482
20.8979,154.0,0.26571,-0.1728,321.0,0.0122339,6.84291
31.9498,206.0,0.347735,-0.1521,543.0,0.363358,14.125
22.3464,206.0,0.20788,-0.088,655.0,1.43753,7.23957
35.5247,258.0,0.352705,-0.2071,546.0,0.423996,18.3996
39.0124,184.0,0.5056,-0.1559,623.0,0.409787,25.1279
37.0041,206.0,0.473755,-0.20125,558.0,0.336974,20.8454
35.3617,162.0,0.4943,-0.206,537.0,0.960868,17.9398
19.835,219.0,0.167955,-0.09905,555.0,0.626929,6.23048
17.9219,350.0,0.086175,-0.0783,677.0,1.94399,5.09473
29.131,190.0,0.2957,-0.14415,610.0,1.30615,11.4561
28.1564,295.0,0.211945,-0.07595,793.0,1.2091,10.7691
20.1339,151.0,0.265,-0.0774,587.0,0.831514,6.30842
35.1697,185.0,0.41945,-0.17835,486.0,0.0632977,17.8231
34.7511,188.0,0.40041,-0.26205,409.0,0.0744066,17.2375
25.3112,164.0,0.3268,-0.1259,508.0,0.683943,9.03321
23.3715,166.0,0.28795,-0.17245,384.0,0.116694,8.06409
23.2288,237.0,0.19146,-0.13285,559.0,0.664382,7.88199
30.5889,170.0,0.36934,-0.20135,403.0,0.035804,12.89
17.2283,323.0,0.09695,-0.06355,730.0,0.816972,5.07156
28.0524,192.0,0.32127,-0.16315,483.0,0.0648806,10.9555
20.3469,211.0,0.18321,-0.0969,550.0,0.403349,6.51106
29.2149,209.0,0.291275,-0.1293,599.0,0.821912,11.6564
21.8581,181.0,0.24081,-0.14335,404.0,0.0340485,7.30878
27.8784,153.0,0.361105,-0.1787,491.0,0.419611,10.7158
34.6965,228.0,0.35031,-0.17845,549.0,0.479694,17.1965
20.9828,231.0,0.172105,-0.0833,630.0,0.347992,6.82153
29.501,223.0,0.280005,-0.23305,407.0,0.0424314,12.0409
14.1993,180.0,0.1531,-0.0657,549.0,0.218972,4.06313
31.3522,156.0,0.436165,-0.1804,450.0,0.319636,13.5067
25.4907,162.0,0.317055,-0.16595,403.0,0.0912863,9.2562
35.5441,207.0,0.37425,-0.1757,586.0,1.1496,18.2299
34.5929,191.0,0.42197,-0.2426,420.0,0.273736,17.0636
35.8404,260.0,0.3186,-0.18755,635.0,1.37507,18.7367
22.8957,181.0,0.25585,-0.1746,367.0,0.0382956,7.83708
30.5131,153.0,0.42955,-0.2034,406.0,0.331601,12.7533
23.8769,256.0,0.19464,-0.0647,780.0,0.87403,8.16847
29.5071,221.0,0.293775,-0.22675,423.0,0.198357,12.0203
28.5905,125.0,0.46175,-0.166,546.0,1.83585,10.8883
34.4102,198.0,0.38795,-0.1797,518.0,0.190065,16.8609
26.5524,180.0,0.30472,-0.19315,387.0,0.0370364,9.92445
32.4328,152.0,0.469165,-0.15935,638.0,0.904159,14.4445
25.6386,311.0,0.251355,-0.075,825.0,1.0348,9.14769
19.4609,182.0,0.212535,-0.09845,479.0,0.361349,6.12176
23.8756,246.0,0.189335,-0.11005,549.0,0.304288,8.31082
30.422,166.0,0.37638,-0.16445,515.0,0.503254,12.6617
32.367,276.0,0.282665,-0.1125,709.0,0.615343,14.5144
32.7059,187.0,0.3534,-0.178,493.0,1.17009,14.6899
25.7434,212.0,0.29904,-0.0943,631.0,0.259254,9.40122
36.5647,284.0,0.28595,-0.17555,725.0,1.64752,19.8721
38.1911,145.0,0.59045,-0.3208,344.0,0.0440162,22.8342
26.8039,282.0,0.22128,-0.11725,626.0,0.149997,10.1009
29.8085,211.0,0.291075,-0.18785,544.0,1.10567,12.0622
27.3591,164.0,0.34657,-0.2618,307.0,0.00736363,10.4534
31.9838,150.0,0.47755,-0.14135,638.0,0.915833,13.9667
25.9272,203.0,0.26557,-0.1189,560.0,0.35976,9.4828
20.636,191.0,0.188675,-0.09225,560.0,1.92611,6.2943
24.212,219.0,0.21551,-0.1227,518.0,0.0369751,8.54995
26.2017,155.0,0.337395,-0.20265,354.0,0.0223845,9.69562
31.7304,180.0,0.39606,-0.188,474.0,0.856435,13.7923
35.9363,243.0,0.40753,-0.1598,564.0,0.87948,18.9824
33.1406,138.0,0.4965,-0.28525,329.0,0.052134,15.154
19.8963,133.0,0.305765,-0.1555,333.0,0.00315854,6.37188
35.2958,151.0,0.53845,-0.17365,656.0,1.37211,17.7776
27.3165,267.0,0.230325,-0.1219,606.0,0.141929,10.4405
29.4298,135.0,0.44428,-0.26595,343.0,0.0340158,11.8899
37.6462,191.0,0.4898,-0.28985,570.0,0.394952,21.9177
28.6137,174.0,0.36334,-0.13825,576.0,0.46833,11.2604
17.2275,142.0,0.230335,-0.1341,332.0,0.0118557,5.25014
40.4368,76.0,1.11605,-0.27145,428.0,0.14046,25.8833
28.7582,189.0,0.318955,-0.16405,471.0,0.194262,11.4332
36.3474,157.0,0.48926,-0.3713,390.0,0.140034,19.3864
17.8358,190.0,0.19017,-0.06385,615.0,0.677334,5.35532
33.9049,180.0,0.39935,-0.1565,651.0,1.78701,15.8827
28.9384,216.0,0.321295,-0.14405,557.0,0.171782,11.5984
33.9206,187.0,0.42343,-0.1787,540.0,0.562384,16.1881
28.2234,177.0,0.321025,-0.1225,596.0,0.440018,10.9793
31.4169,152.0,0.42249,-0.3174,312.0,0.0349801,13.5834
37.4101,189.0,0.4242,-0.185,700.0,1.50982,21.3809
24.0149,206.0,0.2313,-0.1468,462.0,0.0880179,8.42366
25.979,159.0,0.336775,-0.1554,495.0,0.169712,9.54226
16.4719,120.0,0.27033,-0.15555,287.0,0.0305959,4.93309
35.6665,204.0,0.407725,-0.2053,466.0,0.225004,18.5459
20.6071,281.0,0.144185,-0.0719,706.0,0.646323,6.57822
27.0346,189.0,0.318385,-0.15825,448.0,0.0819848,10.2523
18.4414,201.0,0.18106,-0.0937,533.0,0.158815,5.72593
31.5195,206.0,0.319225,-0.1432,550.0,1.7495,13.4229
38.0809,155.0,0.58745,-0.2486,549.0,0.442195,22.7194
30.6172,243.0,0.31003,-0.1199,589.0,1.57473,12.6627
35.1159,121.0,0.6772,-0.2693,317.0,0.235905,17.5681
28.2935,175.0,0.356645,-0.12055,523.0,0.785693,10.9691
30.2336,284.0,0.321315,-0.13175,644.0,0.318917,12.606
24.7068,201.0,0.25223,-0.1094,609.0,1.25861,8.562
13.5943,123.0,0.23365,-0.111615,317.0,0.0404296,3.87948
27.9761,224.0,0.247935,-0.1286,619.0,1.56715,10.5765
29.2089,194.0,0.327395,-0.1725,443.0,0.185139,11.7824
35.4721,195.0,0.4007,-0.1755,551.0,0.372283,18.2507
25.6083,245.0,0.20459,-0.1296,563.0,0.070382,9.36088
14.2577,196.0,0.1407,-0.090105,398.0,0.0223658,4.13113
37.9544,193.0,0.46855,-0.2682,723.0,1.48488,22.6343
27.3594,170.0,0.322555,-0.22055,375.0,0.067813,10.4406
24.9233,266.0,0.179165,-0.0887,723.0,0.537187,8.84377
31.4977,194.0,0.36524,-0.13345,594.0,0.696607,13.6136
32.8719,213.0,0.3611,-0.1621,606.0,0.294818,15.088
32.6974,185.0,0.386755,-0.15245,626.0,1.47522,14.633
27.4032,235.0,0.22388,-0.1222,657.0,1.74018,10.1412
15.9223,281.0,0.1042,-0.03805,810.0,1.9516,4.27874
36.6199,126.0,0.67365,-0.3375,297.0,0.0365068,19.6968
31.4123,161.0,0.46302,-0.212,412.0,0.262302,13.5895
31.1083,235.0,0.27792,-0.14175,636.0,1.28194,13.1455
33.062,127.0,0.58235,-0.2139,553.0,0.344523,15.0485
17.7692,178.0,0.191835,-0.08015,551.0,0.388412,5.39338
38.9138,90.0,0.9035,-0.2066,601.0,0.697962,24.214
29.2724,171.0,0.37325,-0.16975,501.0,0.537039,11.7377
22.8355,193.0,0.24367,-0.16385,576.0,0.414385,7.72717
30.0441,191.0,0.31022,-0.1904,549.0,0.62175,12.3451
22.3281,173.0,0.261025,-0.14375,464.0,0.164642,7.51762
20.0588,227.0,0.16292,-0.09075,559.0,1.59516,6.11111
28.3954,250.0,0.22007,-0.14315,576.0,0.235191,11.1693
23.3747,207.0,0.242995,-0.1245,489.0,0.0282654,8.09604
13.4889,205.0,0.126985,-0.05834,567.0,0.105972,3.83923
25.7714,177.0,0.287575,-0.1609,438.0,0.254922,9.39171
28.5184,207.0,0.338955,-0.1086,615.0,0.530922,11.1996
38.3865,141.0,0.6287,-0.1656,627.0,1.22224,23.4434
24.1705,147.0,0.32978,-0.15755,383.0,0.0347572,8.49888
21.8653,190.0,0.226085,-0.14,420.0,0.115497,7.29115
29.4734,404.0,0.200675,-0.0873,863.0,1.51696,11.6661
24.914,232.0,0.220395,-0.12585,562.0,0.238136,8.91171
23.6744,265.0,0.1747,-0.0905,670.0,0.427025,8.1683
28.1438,266.0,0.19754,-0.14535,694.0,1.89726,10.6244
27.8263,142.0,0.406825,-0.25195,302.0,0.00575474,10.7414
29.3757,167.0,0.360965,-0.19415,392.0,0.207504,11.8762
23.4771,251.0,0.171265,-0.10115,622.0,0.382744,8.0724
32.0026,183.0,0.375565,-0.1779,552.0,0.514466,14.1197
28.7461,156.0,0.397175,-0.1856,427.0,0.275236,11.3843
20.6597,124.0,0.33808,-0.17845,326.0,0.0493627,6.70079
17.5482,262.0,0.138225,-0.0663,655.0,0.826429,5.20697
31.3444,176.0,0.363425,-0.2903,338.0,0.129278,13.5254
35.3908,202.0,0.37495,-0.18965,592.0,1.47617,17.9537
23.3015,164.0,0.27091,-0.1459,410.0,0.0170716,8.04309
29.2247,221.0,0.279515,-0.1734,497.0,0.183269,11.7989
27.175,238.0,0.246835,-0.12675,579.0,0.268203,10.3161
37.1162,177.0,0.60766,-0.1792,661.0,1.19771,20.7841
33.5487,242.0,0.31001,-0.1456,629.0,0.372666,15.8278
29.7585,179.0,0.34273,-0.1524,517.0,0.766177,12.0855
21.187,170.0,0.26023,-0.1331,405.0,0.0228427,6.98493
17.6175,204.0,0.17126,-0.0722,593.0,0.124618,5.39449
24.4516,202.0,0.264535,-0.1293,471.0,0.0114535,8.68668
27.1712,192.0,0.310175,-0.17195,427.0,0.0367983,10.3394
32.1632,220.0,0.287105,-0.3739,363.0,0.15397,14.3248
41.2343,138.0,0.70745,-0.31105,390.0,0.0656003,31.6004
13.1795,138.0,0.188595,-0.058685,452.0,0.169341,3.71152
21.1899,149.0,0.301695,-0.1137,441.0,0.0698156,6.9712
34.8087,196.0,0.43255,-0.11415,707.0,1.4147,17.1762
37.6244,212.0,0.42545,-0.2247,605.0,0.615547,21.9813
20.652,222.0,0.19474,-0.1037,525.0,0.110849,6.72099
33.5945,324.0,0.217135,-0.12875,740.0,1.1341,15.7597
30.9731,200.0,0.32065,-0.1382,655.0,1.23718,13.0216
21.2623,213.0,0.194295,-0.10495,537.0,0.166633,6.99656
34.286,255.0,0.32097,-0.1581,649.0,0.782783,16.6508
16.4934,160.0,0.189075,-0.1067,407.0,0.00661368,4.96645
32.6707,180.0,0.37024,-0.2381,489.0,1.18582,14.6475
32.1431,139.0,0.4783,-0.24325,370.0,0.601644,14.1481
35.1597,197.0,0.37325,-0.29465,474.0,0.320593,17.7647
40.8369,152.0,0.6426,-0.2486,437.0,0.285076,30.3542
39.5282,146.0,0.6376,-0.27295,565.0,0.315664,25.9829
28.8411,147.0,0.41827,-0.17665,483.0,0.0835023,11.4685
39.1348,166.0,0.56,-0.32515,395.0,0.136008,25.1206
31.1742,159.0,0.42913,-0.2008,395.0,0.0357554,13.3869
19.3058,170.0,0.211555,-0.1572,336.0,0.0460919,6.12067
31.8738,295.0,0.236355,-0.13665,652.0,0.523596,14.0362
31.0614,190.0,0.33327,-0.2602,395.0,0.259476,13.2703
23.4796,180.0,0.267775,-0.09755,564.0,0.811462,7.97497
10.7642,138.0,0.15498,-0.067135,383.0,0.368373,2.86434
22.448,212.0,0.206755,-0.1011,539.0,0.750335,7.45986
32.0668,178.0,0.41645,-0.2261,425.0,0.379157,14.1891
18.3661,236.0,0.14798,-0.0683,658.0,1.02192,5.49849
36.7189,240.0,0.378895,-0.146,716.0,1.34616,20.2449
28.9877,157.0,0.3732,-0.2037,390.0,0.126343,11.5623
31.4587,222.0,0.327825,-0.1219,631.0,0.571151,13.6326
23.6152,212.0,0.214765,-0.1467,453.0,0.0318672,8.21885
33.1536,179.0,0.402,-0.21445,412.0,0.282347,15.3113
30.7462,349.0,0.18955,-0.1339,694.0,1.86485,12.7175
38.8486,158.0,0.5926,-0.2358,478.0,0.191124,24.6719
22.6432,305.0,0.153185,-0.08365,678.0,1.82721,7.31565
22.5466,263.0,0.166205,-0.08785,653.0,0.561577,7.54531
33.841,234.0,0.3278,-0.1601,615.0,1.25938,16.0176
29.0864,226.0,0.276355,-0.1306,612.0,0.417702,11.6489
15.8554,185.0,0.160065,-0.07685,525.0,0.687555,4.56673
23.2962,109.0,0.433825,-0.17285,390.0,0.891156,7.81222
24.9136,196.0,0.267135,-0.1196,560.0,0.320225,8.8881
27.5003,201.0,0.300025,-0.1512,541.0,0.114999,10.5568
26.0192,194.0,0.253055,-0.1699,437.0,0.111214,9.58807
34.3235,157.0,0.49635,-0.20025,546.0,0.247563,16.643
36.7508,217.0,0.485,-0.2335,460.0,0.693449,20.2733
32.964,166.0,0.40125,-0.22135,481.0,1.22411,14.9085
26.2999,192.0,0.2953,-0.12425,620.0,0.62152,9.66193
36.4517,148.0,0.5535,-0.1848,534.0,1.92459,19.3326
24.5874,318.0,0.13768,-0.0777,771.0,1.41443,8.44671
31.2965,141.0,0.46125,-0.293,297.0,0.0244267,13.4118
13.5385,256.0,0.099245,-0.04868,701.0,0.313496,3.80318
18.7651,281.0,0.13174,-0.0591,756.0,1.547,5.53816
21.0271,183.0,0.22695,-0.12465,523.0,0.644374,6.77247
26.8229,232.0,0.26214,-0.0975,672.0,0.3686,10.0566
31.4963,209.0,0.330395,-0.2092,433.0,0.0921307,13.7239
27.2553,168.0,0.33524,-0.159,467.0,0.102374,10.3776
30.0243,146.0,0.421205,-0.1773,438.0,0.67326,12.2774
34.8553,265.0,0.30801,-0.1684,596.0,0.503622,17.4458
28.1625,194.0,0.325605,-0.1071,627.0,0.416689,10.9595
16.4476,229.0,0.129915,-0.07695,571.0,0.0766818,4.9374
24.0865,206.0,0.24787,-0.117,532.0,0.327359,8.41681
24.5001,172.0,0.271505,-0.17,408.0,0.0726886,8.69605
35.002,194.0,0.381035,-0.27275,590.0,0.257782,17.545
32.8613,229.0,0.32206,-0.1561,595.0,1.76992,14.7729
38.5456,172.0,0.5094,-0.2953,471.0,0.0510364,23.7912
16.3069,124.0,0.26876,-0.18705,227.0,0.00462707,4.87095
26.7703,226.0,0.239065,-0.1536,476.0,0.0848742,10.0726
36.4209,177.0,0.50908,-0.1998,554.0,0.635255,19.6477
25.9503,173.0,0.32491,-0.1064,571.0,0.665208,9.42779
32.5853,137.0,0.5144,-0.1373,575.0,1.26878,14.4551
26.7488,166.0,0.35343,-0.19605,381.0,0.128668,10.0479
23.7667,176.0,0.26252,-0.1051,568.0,0.888033,8.10685
23.908,300.0,0.15854,-0.11725,647.0,0.291449,8.33371
15.6813,146.0,0.213845,-0.123965,315.0,0.012965,4.64926
20.3213,146.0,0.2841,-0.16155,328.0,0.0287299,6.56866
24.6644,210.0,0.221195,-0.13365,527.0,0.626483,8.6797
30.244,228.0,0.252425,-0.20345,631.0,0.224474,12.5975
12.6094,170.0,0.1435,-0.06702,500.0,0.206301,3.50997
28.5647,226.0,0.257535,-0.163,477.0,0.120281,11.3147
35.2409,128.0,0.6554,-0.16075,560.0,1.79147,17.5824
16.036,168.0,0.19583,-0.07965,509.0,0.207605,4.7461
27.187,237.0,0.22184,-0.11635,620.0,1.21339,10.1139
25.729,215.0,0.31282,-0.0908,643.0,0.153144,9.41511
29.7425,150.0,0.40969,-0.2282,512.0,0.245837,12.1509
26.9691,173.0,0.30806,-0.1331,559.0,1.32834,9.93087
38.9156,142.0,0.62935,-0.3886,479.0,0.242411,24.1756
39.9885,109.0,0.78975,-0.3735,553.0,1.6299,25.5887
27.9203,183.0,0.358675,-0.1617,499.0,0.287929,10.8061
15.4011,211.0,0.152185,-0.0489,702.0,0.411596,4.4566
23.9933,231.0,0.191295,-0.1118,721.0,1.91846,7.99525
26.8071,236.0,0.243885,-0.1248,586.0,0.421865,10.0379
36.2671,220.0,0.39176,-0.1937,508.0,0.565437,19.4803
33.5134,334.0,0.230575,-0.1317,743.0,1.50479,15.5909
27.3911,161.0,0.366225,-0.25085,349.0,0.209095,10.4478
37.5864,157.0,0.52945,-0.27255,385.0,0.190185,21.463
28.8269,234.0,0.27111,-0.1358,564.0,0.38602,11.459
32.7152,115.0,0.5925,-0.4115,239.0,0.0217371,14.5313
17.8978,156.0,0.230725,-0.122,412.0,0.046481,5.50974
29.585,158.0,0.388795,-0.2626,330.0,0.0679315,12.0101
34.7294,226.0,0.361385,-0.1923,707.0,1.52378,17.0378
34.2093,181.0,0.38265,-0.2422,441.0,0.603788,16.4876
25.1257,206.0,0.23951,-0.1556,553.0,0.327145,9.00927
21.6948,171.0,0.266775,-0.1237,503.0,1.17152,6.98351
29.9242,181.0,0.37595,-0.2385,372.0,0.0799883,12.3447
35.5577,225.0,0.38959,-0.1621,563.0,0.90904,18.3598
31.3483,271.0,0.30904,-0.1237,678.0,0.468205,13.556
32.8474,199.0,0.33376,-0.2745,379.0,0.0493962,15.0416
29.21,205.0,0.32562,-0.1679,490.0,0.0534028,11.8118
29.0715,192.0,0.33309,-0.1434,608.0,1.28677,11.4371
19.6482,138.0,0.28494,-0.13485,398.0,0.265668,6.20673
32.6128,181.0,0.3924,-0.171,563.0,0.841347,14.6533
16.5982,177.0,0.176525,-0.12535,375.0,0.114189,4.98231
26.1901,269.0,0.17569,-0.1074,626.0,1.76751,9.34083
34.3142,267.0,0.300055,-0.23085,492.0,0.0798379,16.8112
28.5629,197.0,0.31141,-0.144,532.0,0.525934,11.2194
37.4201,156.0,0.56625,-0.1816,601.0,1.8917,21.1252
29.352,241.0,0.25529,-0.1367,568.0,0.39428,11.8588
37.2745,227.0,0.4259,-0.17215,597.0,0.62712,21.3819
32.321,227.0,0.295075,-0.13055,627.0,0.85332,14.4049
14.6063,181.0,0.183055,-0.06001,582.0,0.0961092,4.24017
33.0541,236.0,0.32098,-0.2277,439.0,0.161474,15.2898
11.2047,285.0,0.07218,-0.02814,806.0,0.982978,2.85089
18.6419,197.0,0.17957,-0.0806,567.0,0.603837,5.71028
29.2983,169.0,0.357875,-0.2237,369.0,0.096352,11.8446
31.5348,182.0,0.35008,-0.205,502.0,0.432329,13.6682
32.681,191.0,0.406735,-0.22615,421.0,0.0651474,14.9102
19.3871,240.0,0.154985,-0.0741,649.0,0.44325,6.06695
31.1351,174.0,0.397485,-0.3266,364.0,0.174782,13.3766
35.3805,234.0,0.317695,-0.2638,431.0,0.0290038,18.1685
27.9473,147.0,0.391155,-0.16595,468.0,0.985327,10.6601
34.7682,143.0,0.52115,-0.27335,580.0,1.3342,16.8841
33.93,128.0,0.6003,-0.24935,460.0,0.176578,16.095
28.2288,179.0,0.324135,-0.13795,581.0,0.192924,11.0443
23.274,269.0,0.169945,-0.1069,617.0,0.624122,7.91503
34.6683,235.0,0.31767,-0.2132,521.0,0.332808,17.2066
28.6695,218.0,0.272215,-0.1475,560.0,0.73347,11.2618
30.9296,215.0,0.33838,-0.1519,663.0,1.04319,13.031
12.7266,232.0,0.10446,-0.037935,697.0,0.804321,3.41046
25.8276,288.0,0.176015,-0.083,752.0,0.78473,9.32785
29.5524,265.0,0.2678,-0.1224,656.0,1.08766,11.8801
28.709,277.0,0.200195,-0.1183,653.0,0.956982,11.2535
28.9973,338.0,0.198685,-0.0869,791.0,1.16651,11.4106
21.6513,171.0,0.234975,-0.1331,512.0,0.389252,7.12414
35.4005,250.0,0.361705,-0.12045,722.0,1.71849,17.9954
27.6937,210.0,0.245615,-0.1125,678.0,1.85301,10.3025
30.1954,249.0,0.22651,-0.19875,479.0,1.8995,12.2176
33.0243,205.0,0.32967,-0.14825,594.0,0.846108,15.1216
28.2609,178.0,0.32111,-0.2547,332.0,0.0356372,11.0687
37.5035,192.0,0.4326,-0.2447,455.0,0.26918,21.6072
30.6314,191.0,0.35639,-0.20555,546.0,1.03276,12.7448
30.5664,220.0,0.29405,-0.14415,590.0,0.163226,12.8972
23.6612,173.0,0.269265,-0.1383,474.0,0.36995,8.15825
33.2967,187.0,0.37705,-0.298,435.0,0.16253,15.5167
24.708,233.0,0.21688,-0.1008,619.0,0.500581,8.7302
30.9729,224.0,0.328675,-0.14945,589.0,0.199847,13.2552
38.0027,142.0,0.622,-0.2051,464.0,0.149947,22.5843
23.2489,131.0,0.37357,-0.1967,278.0,0.0257341,7.98505
26.4176,323.0,0.21947,-0.1107,693.0,0.911972,9.68847
30.9251,212.0,0.28715,-0.1793,451.0,1.88915,12.8345
25.4629,283.0,0.222,-0.0952,687.0,0.420566,9.19856
35.0068,182.0,0.4103,-0.22515,564.0,1.69456,17.3467
31.2472,445.0,0.293815,-0.1224,881.0,1.31588,13.2002
24.3207,262.0,0.226925,-0.1035,624.0,0.192532,8.58445
34.1028,207.0,0.367595,-0.22675,531.0,0.613109,16.41
33.3872,202.0,0.373275,-0.1847,504.0,0.488515,15.5908
31.1259,213.0,0.33536,-0.17845,546.0,1.23109,13.1721
22.6451,214.0,0.19486,-0.0956,613.0,1.21196,7.44682
14.5682,188.0,0.15342,-0.06505,544.0,0.158429,4.21078
26.6653,276.0,0.23731,-0.0897,725.0,1.90833,9.61898
26.2925,154.0,0.3218,-0.1752,456.0,0.251423,9.71319
32.4955,177.0,0.37247,-0.1516,501.0,1.1562,14.4894
26.2085,193.0,0.252025,-0.12135,633.0,1.80475,9.33392
30.0681,211.0,0.39098,-0.12955,638.0,0.63371,12.3821
26.8336,203.0,0.261755,-0.1625,471.0,0.021269,10.1273
25.7668,311.0,0.21376,-0.08745,754.0,1.05772,9.23909
36.3808,139.0,0.54795,-0.29075,501.0,1.08428,19.097
38.4052,195.0,0.4588,-0.2298,511.0,1.94491,23.3372
17.8766,178.0,0.195,-0.10025,491.0,0.184694,5.4834
24.1419,181.0,0.27938,-0.1781,382.0,0.0390054,8.49539
21.809,154.0,0.27609,-0.1221,446.0,0.22292,7.24207
32.7484,210.0,0.362895,-0.18285,627.0,1.99808,14.5836
26.064,167.0,0.321195,-0.1885,447.0,0.579115,9.51905
32.9093,156.0,0.4639,-0.1969,490.0,0.108626,15.0323
18.1655,283.0,0.12753,-0.0653,709.0,0.310475,5.57476
38.7553,264.0,0.401375,-0.221,571.0,0.297364,24.8792
39.1252,95.0,0.853,-0.308,420.0,0.219179,24.2744
22.7257,230.0,0.18657,-0.13425,617.0,1.26654,7.47716
30.3009,182.0,0.356345,-0.16985,497.0,0.423905,12.6019
36.103,177.0,0.46365,-0.2848,448.0,0.332634,19.1369
23.5617,197.0,0.25481,-0.1293,467.0,0.198129,8.15666
26.4458,195.0,0.263155,-0.1451,519.0,0.189435,9.84365
34.1699,252.0,0.296135,-0.1856,527.0,0.953932,16.4682
27.3878,156.0,0.35554,-0.16975,484.0,0.270167,10.4121
24.1796,207.0,0.23137,-0.1556,426.0,0.0769478,8.52072
24.5185,159.0,0.3061,-0.1921,357.0,0.00561912,8.70379
35.1126,140.0,0.5567,-0.2601,460.0,0.153077,17.5293
25.3964,148.0,0.344715,-0.189,364.0,0.0648641,9.18187
32.8425,170.0,0.418,-0.1743,501.0,1.14519,14.814
23.8048,158.0,0.30137,-0.1269,491.0,0.758431,8.14776
25.4183,190.0,0.29835,-0.1432,449.0,0.0188437,9.24615
31.2061,283.0,0.22014,-0.2516,494.0,0.480407,13.4217
27.7687,182.0,0.31077,-0.2703,416.0,0.180989,10.7314
10.5489,225.0,0.084875,-0.04188,655.0,0.175201,2.84132
26.2367,215.0,0.24247,-0.1579,468.0,0.0329002,9.74516
14.7617,236.0,0.11589,-0.05495,670.0,0.513521,4.19727
31.2168,197.0,0.31421,-0.1813,517.0,0.173066,13.4558
31.9476,235.0,0.31178,-0.16455,628.0,0.622863,14.0839
29.4748,259.0,0.223725,-0.1325,704.0,1.3017,11.7561
23.5548,197.0,0.243215,-0.1255,506.0,0.131578,8.16904
33.471,162.0,0.4637,-0.19995,604.0,1.25819,15.4624
28.9309,179.0,0.347455,-0.16755,607.0,1.19918,11.3533
20.6233,173.0,0.23915,-0.0906,564.0,0.494167,6.61533
25.7205,255.0,0.190655,-0.16685,529.0,0.322223,9.37422
10.744,184.0,0.11115,-0.03209,723.0,0.261055,2.8802
23.9825,279.0,0.15322,-0.1446,700.0,1.53823,8.08699
32.7519,254.0,0.294425,-0.12925,698.0,1.89633,14.6389
31.8393,215.0,0.324765,-0.209,461.0,0.550248,13.9658
24.8762,243.0,0.222155,-0.11405,597.0,0.26473,8.8825
27.9886,186.0,0.339175,-0.08515,735.0,1.99669,10.4783
33.001,119.0,0.6075,-0.3609,268.0,0.0461521,14.872
32.4466,257.0,0.26285,-0.13865,676.0,0.784518,14.5616
19.2819,141.0,0.277695,-0.1425,332.0,0.0652666,6.09276
33.4505,189.0,0.38691,-0.18395,468.0,0.070336,15.6938
22.4852,168.0,0.277575,-0.1122,508.0,0.27331,7.57055
31.9811,136.0,0.487515,-0.2304,376.0,0.110061,14.0671
27.7571,189.0,0.30827,-0.1307,642.0,1.59956,10.4036
27.285,246.0,0.23938,-0.13535,560.0,0.193951,10.4041
37.6894,159.0,0.5211,-0.24815,648.0,0.972774,21.6474
33.0413,185.0,0.37557,-0.2119,449.0,0.238823,15.227
23.7116,132.0,0.35447,-0.14175,427.0,0.256036,8.19605
40.0644,167.0,0.586,-0.2746,590.0,1.02849,28.1075
23.9903,159.0,0.31008,-0.1796,348.0,0.0125791,8.41114
27.3007,222.0,0.30241,-0.15,498.0,0.149275,10.4245
16.0881,196.0,0.16371,-0.0915,470.0,0.0894944,4.7965
21.6136,179.0,0.229085,-0.148,419.0,0.354112,7.1116
27.5974,245.0,0.228925,-0.12205,621.0,0.822902,10.4832
28.097,183.0,0.30519,-0.14955,522.0,1.56337,10.6531
19.3867,186.0,0.245105,-0.0886,527.0,0.0994148,6.15066
32.3993,187.0,0.371785,-0.19995,509.0,0.413575,14.5366
29.7269,146.0,0.410855,-0.2671,346.0,0.116957,12.135
16.1443,215.0,0.14217,-0.0891,484.0,0.120515,4.81049
34.7903,249.0,0.33975,-0.23805,499.0,0.307445,17.4166
21.9696,185.0,0.232875,-0.12705,484.0,0.361512,7.28922
35.913,122.0,0.6669,-0.22825,411.0,0.835688,18.4089
24.974,206.0,0.24443,-0.13495,488.0,0.11836,8.96178
28.3245,173.0,0.347115,-0.148,528.0,0.564239,11.0318
26.8174,282.0,0.20364,-0.15005,550.0,0.211631,10.0947
16.3584,266.0,0.147315,-0.03845,829.0,1.34316,4.59161
29.9362,204.0,0.316415,-0.13115,624.0,0.360955,12.3164
36.9325,131.0,0.6277,-0.33365,416.0,0.149794,19.9935
28.1824,134.0,0.41955,-0.21465,417.0,0.714306,10.8178
23.1711,211.0,0.232505,-0.1377,458.0,0.0676895,7.98131
28.3474,174.0,0.31795,-0.14,584.0,1.82416,10.7718
33.5021,273.0,0.29715,-0.1637,660.0,0.552565,15.7544
31.3703,165.0,0.408465,-0.2228,383.0,0.0489761,13.5885
28.9165,206.0,0.2824,-0.1479,580.0,0.363636,11.5064
39.1306,196.0,0.47155,-0.3097,446.0,1.22852,25.2565
34.9196,173.0,0.42595,-0.27645,464.0,1.08954,17.2618
27.1735,218.0,0.23942,-0.13015,591.0,1.60103,10.0157
34.8364,122.0,0.62115,-0.26445,432.0,0.135791,16.9597
30.4892,160.0,0.413465,-0.22005,372.0,0.0332135,12.785
28.2124,190.0,0.297975,-0.1591,465.0,0.0976115,11.0519
29.9819,257.0,0.242215,-0.1559,598.0,0.150737,12.4194
29.9017,162.0,0.38439,-0.1752,531.0,0.715119,12.182
32.5291,103.0,0.6646,-0.26745,467.0,0.484074,14.307
29.0863,259.0,0.250375,-0.086,743.0,1.22312,11.4744
37.605,125.0,0.6553,-0.31145,414.0,0.322546,21.0892
27.109,184.0,0.301895,-0.1425,528.0,1.21498,10.055
21.935,232.0,0.19036,-0.08405,667.0,0.71812,7.20036
18.1525,127.0,0.30157,-0.16855,278.0,0.00264196,5.61096
25.4033,181.0,0.299575,-0.1536,513.0,0.383233,9.16539
25.8055,176.0,0.292885,-0.1112,591.0,1.48463,9.15107
24.2988,223.0,0.24786,-0.0867,638.0,1.54638,8.26801
31.0328,304.0,0.289175,-0.09435,798.0,1.41188,13.0636
26.4049,281.0,0.24062,-0.11545,643.0,0.258499,9.82024
25.3152,208.0,0.249905,-0.0988,627.0,0.227647,9.1402
29.7262,175.0,0.365945,-0.15935,509.0,0.50656,12.1087
28.2488,169.0,0.338485,-0.1717,645.0,1.01436,10.8631
38.7323,138.0,0.68855,-0.2486,469.0,0.415924,24.1803
23.5734,181.0,0.255375,-0.1215,507.0,0.342789,8.12596
23.1976,175.0,0.26598,-0.17905,365.0,0.0416326,7.97625
33.3388,204.0,0.33552,-0.1982,543.0,1.00558,15.4216
23.2252,147.0,0.319845,-0.14245,442.0,0.789562,7.83306
30.4919,308.0,0.22498,-0.1341,650.0,1.4655,12.5853
24.1617,214.0,0.243595,-0.1005,597.0,0.160443,8.49636
28.3448,198.0,0.30915,-0.21535,391.0,0.100462,11.1435
19.5628,188.0,0.2198,-0.0943,514.0,0.267306,6.1886
34.0795,249.0,0.30164,-0.13575,722.0,1.42863,16.2479
30.7364,103.0,0.61085,-0.2968,269.0,0.0262098,12.8337
25.2351,165.0,0.32283,-0.0936,686.0,1.63272,8.77279
38.2164,160.0,0.5633,-0.5939,382.0,0.151469,22.9478
34.7571,136.0,0.58905,-0.2488,479.0,0.18585,17.0593
36.697,151.0,0.5803,-0.22915,553.0,0.439499,19.9283
12.0547,104.0,0.24325,-0.139995,216.0,0.0096047,3.34827
35.718,138.0,0.5724,-0.237,573.0,1.28786,18.1809
37.3668,172.0,0.500785,-0.4007,356.0,0.47209,21.4474
26.5569,218.0,0.23707,-0.1312,575.0,0.187195,9.91841
37.2011,199.0,0.4821,-0.1405,628.0,0.883393,21.0907
27.3713,144.0,0.391605,-0.1494,540.0,0.351852,10.3778
21.5704,187.0,0.209515,-0.1183,610.0,1.63722,6.80565
27.1438,212.0,0.263645,-0.1777,563.0,0.347654,10.2624
36.0649,155.0,0.52505,-0.37445,365.0,0.0529641,18.9944
35.5549,238.0,0.37431,-0.10885,724.0,1.77827,18.1998
15.6048,140.0,0.21725,-0.1391,298.0,0.00836643,4.61827
20.9627,242.0,0.196645,-0.09495,579.0,0.0698073,6.87865
10.4002,197.0,0.11014,-0.029555,715.0,0.489085,2.71973
31.8555,225.0,0.32323,-0.15685,537.0,0.296346,14.044
37.2496,120.0,0.79661,-0.30595,402.0,0.409396,20.6486
30.9629,172.0,0.37355,-0.166,489.0,1.70722,12.8941
29.0238,314.0,0.242275,-0.1309,637.0,0.940297,11.5051
13.1118,204.0,0.124505,-0.048505,640.0,0.134903,3.69774
16.8344,200.0,0.16168,-0.07235,601.0,0.355732,5.0227
32.3871,183.0,0.408315,-0.1674,484.0,0.622133,14.5058
29.8308,258.0,0.243185,-0.12515,668.0,0.931329,12.1397
33.5922,202.0,0.343785,-0.18435,588.0,1.90236,15.53
16.2515,188.0,0.16425,-0.1074,406.0,0.0407586,4.86685
22.3925,150.0,0.292205,-0.13975,426.0,1.13486,7.32641
14.2843,134.0,0.216235,-0.0696,419.0,0.175747,4.09993
23.7146,163.0,0.298435,-0.1445,439.0,0.120766,8.24967
20.0313,232.0,0.17164,-0.06175,730.0,0.916497,6.24476
29.4338,156.0,0.392665,-0.23005,387.0,0.220148,11.8997
15.0578,164.0,0.185925,-0.0758,481.0,0.046359,4.41234
24.2158,150.0,0.32514,-0.18985,323.0,0.055666,8.51389
20.5585,175.0,0.224745,-0.0916,563.0,1.33621,6.39548
34.7351,132.0,0.5461,-0.266,361.0,0.128812,16.9706
28.1474,196.0,0.27845,-0.1859,464.0,0.187556,10.9893
31.6687,244.0,0.29944,-0.18645,502.0,0.527649,13.833
40.0164,81.0,1.0609,-0.2016,620.0,0.688351,25.2106
41.4637,173.0,0.58705,-0.2928,717.0,1.54958,33.4959
32.4573,274.0,0.2317,-0.1319,725.0,1.70804,14.363
29.6339,280.0,0.215925,-0.1,774.0,1.79666,11.7757
24.8324,267.0,0.211795,-0.08165,709.0,1.91368,8.48802
30.5799,174.0,0.37052,-0.2098,398.0,0.0651831,12.8827
21.4687,242.0,0.1855,-0.0841,667.0,0.31513,7.06318
30.0649,315.0,0.245205,-0.1259,702.0,0.839252,12.3529
14.6211,184.0,0.158905,-0.081365,457.0,0.0500809,4.25327
36.036,132.0,0.6085,-0.2448,398.0,0.232725,18.8209
19.0162,173.0,0.207335,-0.13585,369.0,0.0379835,5.99509
26.169,177.0,0.29521,-0.18535,591.0,1.03979,9.47775
20.4863,176.0,0.2146,-0.0836,600.0,0.88884,6.46143
13.1182,222.0,0.10448,-0.042805,650.0,1.17473,3.46173
16.9284,214.0,0.154085,-0.07525,622.0,0.839823,4.95026
33.3644,244.0,0.337965,-0.1354,606.0,0.156711,15.7062
34.1154,155.0,0.4882,-0.288,325.0,0.0535141,16.346
33.607,241.0,0.307175,-0.2043,536.0,0.19894,15.9223
27.4229,175.0,0.31564,-0.18365,455.0,0.234204,10.4622
19.2354,230.0,0.1565,-0.083,581.0,0.568546,5.97746
22.7141,137.0,0.33523,-0.1824,306.0,0.0142528,7.72664
27.8918,203.0,0.290035,-0.1735,448.0,0.0555828,10.8331
36.8467,114.0,0.69925,-0.2042,521.0,1.98775,19.7079
31.4017,182.0,0.354455,-0.2025,508.0,1.11097,13.4305
28.0224,316.0,0.28452,-0.10125,744.0,0.822423,10.7903
32.5502,253.0,0.30714,-0.17135,546.0,0.239345,14.769
26.0852,286.0,0.188685,-0.0873,735.0,0.859774,9.47389
14.856,207.0,0.12996,-0.06945,569.0,0.495963,4.23789
14.3109,173.0,0.17577,-0.03875,742.0,0.534755,4.0229
17.161,156.0,0.210985,-0.1032,572.0,1.02595,4.99799
15.768,139.0,0.23203,-0.11515,342.0,0.0092141,4.68013
23.1054,233.0,0.22335,-0.07075,724.0,0.427214,7.8602
21.566,185.0,0.240475,-0.09605,547.0,0.0947468,7.15364
18.8925,176.0,0.20534,-0.0955,492.0,0.0782957,5.93659
27.02,171.0,0.331335,-0.15035,489.0,0.275471,10.1907
30.6153,150.0,0.45595,-0.15,571.0,0.820749,12.7776
25.6309,265.0,0.212055,-0.09935,646.0,0.936183,9.19059
38.0936,220.0,0.3845,-0.1897,550.0,1.1111,22.8554
36.5925,226.0,0.392515,-0.32255,607.0,0.757288,20.07
15.2181,270.0,0.14237,-0.034935,836.0,0.773773,4.28655
30.6704,193.0,0.345285,-0.135,559.0,0.378726,12.9339
31.9117,168.0,0.397235,-0.2115,452.0,0.801598,13.914
26.4673,297.0,0.209645,-0.0809,767.0,1.51347,9.57058
24.3959,204.0,0.252005,-0.1019,569.0,1.10499,8.42084
26.9709,195.0,0.320185,-0.13495,527.0,0.854767,10.0431
26.1314,244.0,0.19219,-0.097,681.0,1.92256,9.26427
18.8567,236.0,0.17525,-0.06275,662.0,1.6374,5.56879
20.1502,261.0,0.13932,-0.0613,761.0,1.00078,6.27467
18.1776,269.0,0.12138,-0.07905,624.0,0.265798,5.59381
37.3182,199.0,0.4872,-0.189,553.0,0.842399,21.3388
27.2664,203.0,0.306095,-0.09465,670.0,1.04898,10.2003
26.5474,231.0,0.224825,-0.11845,601.0,0.26759,9.89857
18.8252,207.0,0.217905,-0.076,588.0,0.0728117,5.91391
31.2502,202.0,0.32507,-0.1707,611.0,1.03916,13.3153
34.0603,206.0,0.37196,-0.23185,498.0,0.178005,16.4564
17.6259,165.0,0.203485,-0.08685,559.0,0.717062,5.2529
25.9858,216.0,0.332755,-0.1317,514.0,0.304624,9.54366
30.0979,270.0,0.231925,-0.14835,619.0,0.749687,12.3953
18.3064,160.0,0.227935,-0.11145,447.0,0.0838052,5.68392
17.8775,261.0,0.146935,-0.04645,766.0,1.54948,5.16305
32.2044,359.0,0.258465,-0.1587,673.0,1.56423,14.1896
22.1994,249.0,0.185415,-0.08055,674.0,0.562638,7.36877
18.0125,170.0,0.209125,-0.11815,393.0,0.0748016,5.56283
38.1902,209.0,0.43712,-0.29955,487.0,0.4603,23.1441
31.0555,282.0,0.306805,-0.14675,623.0,1.91292,12.9852
26.5323,202.0,0.25429,-0.19555,439.0,0.144062,9.9086
35.8954,180.0,0.43905,-0.2342,518.0,0.425977,18.8309
38.2445,199.0,0.4692,-0.1745,565.0,1.26393,23.2869
27.7066,146.0,0.39517,-0.2125,343.0,0.0464281,10.6551
35.3583,155.0,0.49253,-0.3397,563.0,0.888173,17.8244
17.1919,145.0,0.228485,-0.12645,357.0,0.0313804,5.23038
29.5543,213.0,0.297705,-0.1676,602.0,0.953819,11.8841
16.3989,221.0,0.143375,-0.0564,695.0,0.541356,4.8076
35.106,169.0,0.45085,-0.20625,619.0,1.22289,17.4951
37.5482,177.0,0.45985,-0.3098,385.0,0.056433,21.5902
27.4602,181.0,0.309675,-0.1868,486.0,0.39215,10.4613
37.0448,216.0,0.35315,-0.33525,601.0,1.75515,20.4857
26.8863,224.0,0.240745,-0.1627,475.0,0.0480141,10.1561
35.7407,193.0,0.41935,-0.141,645.0,0.820663,18.6121
33.9605,166.0,0.4304,-0.31635,382.0,0.0345673,16.2107
28.025,241.0,0.232725,-0.10625,687.0,1.00671,10.7299
28.9762,232.0,0.24272,-0.22065,424.0,0.0701391,11.6249
37.47,178.0,0.52885,-0.1591,568.0,0.139682,21.6825
17.7975,243.0,0.131645,-0.07805,609.0,0.616774,5.35454
19.2592,150.0,0.27592,-0.0779,540.0,0.0827683,6.08502
25.4521,157.0,0.31625,-0.2126,341.0,0.0381518,9.23384
31.6985,233.0,0.328845,-0.12635,624.0,1.65249,13.6272
26.9164,294.0,0.205295,-0.117,638.0,0.682828,10.0579
35.5849,121.0,0.6321,-0.34145,357.0,0.0873318,18.034
32.2511,272.0,0.28275,-0.13805,648.0,0.585883,14.4146
32.1246,333.0,0.21314,-0.113,734.0,1.82045,14.0219
27.6532,275.0,0.194645,-0.1479,564.0,0.300251,10.6362
34.8165,165.0,0.4659,-0.23145,545.0,1.20492,17.1127
21.1807,195.0,0.2159,-0.08915,603.0,0.781557,6.81593
26.5297,170.0,0.31125,-0.2338,343.0,0.0138013,9.91936
33.2246,177.0,0.424575,-0.1943,459.0,0.372414,15.4551
35.8088,216.0,0.38871,-0.2433,444.0,0.131971,18.8144
30.1879,191.0,0.32984,-0.23965,371.0,0.0575409,12.5577
28.3537,377.0,0.23294,-0.1125,766.0,1.25343,10.9235
23.6592,166.0,0.28922,-0.11305,517.0,0.326373,8.17381
30.9354,149.0,0.46342,-0.16425,571.0,0.694292,13.0412
39.7216,240.0,0.535715,-0.2156,743.0,0.639602,27.8242
35.0235,160.0,0.49585,-0.3222,418.0,0.294889,17.5417
33.7992,185.0,0.39975,-0.2001,478.0,0.110441,16.0631
24.6754,248.0,0.20179,-0.1003,699.0,1.95144,8.38571
36.2148,188.0,0.4348,-0.2182,512.0,0.261488,19.3687
34.2817,159.0,0.46425,-0.17705,556.0,1.97853,16.2837
13.9958,233.0,0.114565,-0.078255,521.0,0.220601,3.98945
17.2923,188.0,0.173355,-0.06975,597.0,0.774182,5.11062
11.9683,220.0,0.099235,-0.05611,560.0,0.194388,3.30068
30.6047,244.0,0.25579,-0.2481,623.0,0.567162,12.8482
31.185,162.0,0.39625,-0.1614,512.0,1.07262,13.1867
38.9102,99.0,0.84485,-0.3226,392.0,0.326303,23.3996
31.3514,134.0,0.48997,-0.2646,382.0,0.109188,13.4737
22.3951,182.0,0.250775,-0.1331,453.0,0.185058,7.547
32.1224,200.0,0.34809,-0.16135,550.0,0.236491,14.3105
14.8841,135.0,0.22404,-0.13621,261.0,0.0605798,4.33699
27.3518,274.0,0.20995,-0.12995,604.0,0.546458,10.3794
31.3343,190.0,0.35606,-0.17595,513.0,0.303879,13.5311
35.3462,223.0,0.388165,-0.20125,485.0,0.146483,18.1719
37.8629,158.0,0.5242,-0.2378,424.0,0.692494,21.9775
13.714,141.0,0.1965,-0.107985,361.0,0.0537747,3.92777
17.5789,140.0,0.2692,-0.14205,325.0,0.0262992,5.37398
28.8865,226.0,0.27115,-0.1902,458.0,0.0662687,11.5632
35.3681,161.0,0.535055,-0.22305,497.0,1.17504,17.8675
22.1419,200.0,0.21616,-0.15865,403.0,0.0662296,7.44576
20.4595,169.0,0.22906,-0.1102,504.0,0.433844,6.54787
30.2251,289.0,0.295465,-0.0886,792.0,1.18269,12.4035
25.7944,257.0,0.223585,-0.1127,614.0,0.786161,9.31812
11.6672,182.0,0.12441,-0.0553,540.0,0.254053,3.18563
22.1223,248.0,0.176905,-0.06205,760.0,1.95838,7.00131
21.8683,251.0,0.177695,-0.092,608.0,0.20276,7.28741
20.3288,128.0,0.322145,-0.14975,348.0,0.018086,6.55666
31.2979,183.0,0.355265,-0.2013,493.0,0.891527,13.3666
18.9677,207.0,0.173255,-0.09875,521.0,0.0899146,5.96772
26.7359,224.0,0.264645,-0.1476,505.0,1.42124,9.76884
14.2362,211.0,0.11838,-0.0497,687.0,1.21622,3.84068
36.9689,192.0,0.45865,-0.2069,550.0,0.290176,20.6925
34.3531,229.0,0.373145,-0.151,595.0,1.0026,16.6937
34.9507,192.0,0.39155,-0.28995,453.0,0.213468,17.4963
26.006,186.0,0.275615,-0.1119,599.0,1.60066,9.25232
33.1245,167.0,0.4105,-0.16725,545.0,0.889206,15.1279
20.4441,229.0,0.173965,-0.066,658.0,1.81386,6.23522
29.5876,210.0,0.3095,-0.135,580.0,0.506911,12.0152
26.7722,158.0,0.34512,-0.12395,526.0,0.842109,9.90134
41.5907,103.0,0.85805,-0.2966,542.0,1.38852,30.6243
30.8382,183.0,0.351555,-0.21315,405.0,0.128951,13.0892
24.5875,114.0,0.47055,-0.16065,376.0,0.257785,8.67627
31.9135,145.0,0.48121,-0.2737,332.0,0.0307941,14.0327
34.0341,231.0,0.323045,-0.1615,769.0,1.84181,16.0889
30.9144,209.0,0.279655,-0.22205,641.0,0.819523,13.0349
19.2959,218.0,0.1736,-0.09215,559.0,0.251413,6.07654
37.4329,250.0,0.34105,-0.22315,661.0,1.19213,21.6152
30.816,192.0,0.33251,-0.1768,605.0,1.66514,12.7835
28.9133,167.0,0.375805,-0.1885,440.0,0.155354,11.5324
37.6699,180.0,0.53135,-0.1844,613.0,1.2213,22.0505
14.4392,135.0,0.217955,-0.1115,327.0,0.0297573,4.18121
18.8852,270.0,0.203445,-0.06475,713.0,0.299861,5.88481
19.8009,314.0,0.201255,-0.045,879.0,1.59618,5.94579
10.5717,174.0,0.11775,-0.07541,374.0,0.0236249,2.88379
38.399,213.0,0.42755,-0.19815,544.0,0.794477,23.7133
30.7877,211.0,0.300665,-0.19925,492.0,0.240676,13.0766
34.7486,173.0,0.4998,-0.1871,602.0,0.364727,17.27
28.3437,166.0,0.336235,-0.20405,427.0,0.143472,11.1233
36.122,240.0,0.37759,-0.1583,740.0,1.23937,19.1782
31.711,240.0,0.283565,-0.17755,533.0,0.574183,13.8551
25.8306,197.0,0.26095,-0.15205,503.0,0.151895,9.46506
20.3065,256.0,0.13392,-0.08515,622.0,1.75759,6.18586
17.5048,210.0,0.16495,-0.10525,447.0,0.0210527,5.3712
30.3755,164.0,0.388105,-0.1788,573.0,0.838028,12.5509
20.7562,174.0,0.248205,-0.1092,475.0,0.0513011,6.77814
28.5991,134.0,0.43945,-0.10465,598.0,1.97024,10.8914
28.5559,227.0,0.29184,-0.1545,513.0,0.478264,11.2373
30.3964,148.0,0.4254,-0.2496,358.0,0.0315866,12.6613
24.8971,254.0,0.19429,-0.0992,671.0,1.51457,8.61356
30.4031,317.0,0.21943,-0.1048,745.0,1.12721,12.5707
24.9999,167.0,0.29112,-0.13215,538.0,0.534889,8.87352
32.8275,156.0,0.43855,-0.1863,462.0,0.957806,14.834
27.8744,208.0,0.298435,-0.1593,547.0,0.244165,10.7935
16.8128,190.0,0.168735,-0.10205,439.0,0.25114,5.04121
31.9619,325.0,0.206535,-0.12595,726.0,1.30298,13.964
29.6725,297.0,0.257815,-0.11005,712.0,1.80493,11.8223
25.3736,133.0,0.388015,-0.32695,238.0,0.0230109,9.16095
32.9094,133.0,0.56695,-0.2246,369.0,0.101568,15.0535
30.4306,233.0,0.27173,-0.1391,592.0,1.09086,12.592
25.0492,276.0,0.198355,-0.1001,648.0,0.233119,8.99209
21.7981,252.0,0.16087,-0.1078,579.0,0.138667,7.26537
33.7136,186.0,0.421355,-0.2087,450.0,0.447663,15.9412
20.9976,248.0,0.15973,-0.08205,628.0,1.56128,6.55612
27.2281,194.0,0.28593,-0.1551,472.0,0.163118,10.3541
33.5371,358.0,0.20745,-0.15215,694.0,1.47183,15.6316
21.4832,164.0,0.27562,-0.1138,551.0,0.366572,7.05375
23.4617,184.0,0.293945,-0.13255,446.0,0.0257031,8.13961
29.5872,234.0,0.257565,-0.1454,564.0,1.09563,11.8973
19.7645,200.0,0.190585,-0.0993,519.0,0.0400634,6.32887
21.6852,178.0,0.23289,-0.1391,420.0,0.492525,7.11484
32.5212,177.0,0.40178,-0.18655,462.0,0.113253,14.702
37.4439,162.0,0.51855,-0.34755,549.0,0.274196,21.3944
30.3941,392.0,0.17175,-0.13995,731.0,0.614561,12.6807
27.3258,207.0,0.28602,-0.1696,474.0,0.133152,10.4307
29.5752,222.0,0.29525,-0.14375,546.0,0.0746665,12.1005
27.3066,238.0,0.262915,-0.13,596.0,0.611582,10.3295
35.4704,135.0,0.5911,-0.2458,450.0,1.04852,17.9164
30.7709,134.0,0.4829,-0.24275,376.0,0.178268,12.9476
32.7729,244.0,0.297125,-0.14085,618.0,0.415449,14.9619
34.0798,213.0,0.3584,-0.19,490.0,0.288515,16.4786
31.9965,182.0,0.415445,-0.15015,515.0,0.163369,14.1936
22.9781,307.0,0.21687,-0.08285,728.0,0.257866,7.83941
23.7293,165.0,0.30276,-0.1618,375.0,0.13723,8.25088
30.9888,167.0,0.3801,-0.1741,561.0,0.893885,13.0701
27.7582,154.0,0.37939,-0.19285,379.0,0.0321417,10.7128
17.5756,133.0,0.267865,-0.16965,274.0,0.00198058,5.37732
20.9602,152.0,0.267105,-0.2009,295.0,0.00858893,6.86831
16.2531,205.0,0.149275,-0.07365,579.0,0.420715,4.78227
30.0392,163.0,0.363625,-0.23105,394.0,0.12558,12.412
31.6242,190.0,0.327815,-0.1791,677.0,1.81826,13.4764
31.5713,234.0,0.299435,-0.19665,493.0,0.330189,13.7918
31.3164,243.0,0.26607,-0.1447,616.0,1.76435,13.2336
17.7941,168.0,0.196665,-0.09165,539.0,1.28855,5.19812
20.1179,220.0,0.179325,-0.0767,649.0,0.376527,6.41084
37.6844,240.0,0.394935,-0.1976,582.0,0.96219,22.1511
20.9305,258.0,0.17988,-0.0557,792.0,1.74949,6.46375
32.8542,164.0,0.414325,-0.3583,321.0,0.0634826,14.9799
30.3387,215.0,0.301895,-0.1453,648.0,1.33309,12.4598
13.5919,171.0,0.15139,-0.10097,386.0,0.0465915,3.88591
17.5449,147.0,0.23484,-0.13,354.0,0.0222606,5.37393
25.1738,176.0,0.31753,-0.14875,459.0,0.133808,9.07697
29.2885,215.0,0.27685,-0.2253,408.0,0.0225917,11.8738
24.1232,174.0,0.285125,-0.1394,487.0,0.216215,8.44726
32.9627,273.0,0.246935,-0.19305,635.0,1.74431,14.893
36.2995,196.0,0.40445,-0.25595,526.0,0.530509,19.4804
31.5878,246.0,0.326565,-0.1244,645.0,1.06016,13.659
39.4555,130.0,0.69625,-0.19115,714.0,1.38301,26.4992
27.1583,190.0,0.310635,-0.1738,444.0,0.0927936,10.3249
36.1578,159.0,0.4999,-0.33205,605.0,0.811138,19.0674
30.9423,199.0,0.350175,-0.1841,475.0,0.391299,13.1633
33.9567,209.0,0.39825,-0.22795,705.0,1.92431,16.0049
31.3626,193.0,0.36647,-0.1445,613.0,0.701498,13.4887
18.249,213.0,0.161825,-0.0731,638.0,0.689696,5.52404
28.5234,169.0,0.33868,-0.1999,426.0,0.136114,11.2466
25.4944,204.0,0.25512,-0.12165,546.0,0.417822,9.20863
13.8577,161.0,0.151525,-0.083735,450.0,1.46909,3.64937
36.6606,126.0,0.6734,-0.3106,441.0,0.368679,19.6304
28.2383,180.0,0.33363,-0.15385,515.0,0.298167,11.0283
25.7551,225.0,0.22295,-0.09985,655.0,0.64807,9.31222
32.0657,189.0,0.411345,-0.174,464.0,0.0889727,14.273
20.1435,287.0,0.1602,-0.0542,789.0,1.6057,6.13612
19.0711,202.0,0.17716,-0.10655,486.0,0.0159076,6.02573
34.2887,172.0,0.5201,-0.1477,558.0,0.197127,16.7403
34.9411,122.0,0.61035,-0.33245,361.0,0.206482,17.2087
38.2243,127.0,0.6297,-0.25985,426.0,0.202442,22.7053
32.0731,238.0,0.28028,-0.14645,579.0,0.482036,14.2288
34.2582,188.0,0.42355,-0.1644,582.0,0.310511,16.6518
25.2939,195.0,0.2485,-0.1749,416.0,0.0512053,9.15726
17.788,156.0,0.24963,-0.07005,569.0,0.497314,5.37746
38.0959,185.0,0.53855,-0.19315,516.0,0.0844625,23.242
26.4219,175.0,0.332605,-0.12265,546.0,0.13724,9.83649
36.0221,164.0,0.4533,-0.2303,585.0,1.22373,18.7496
21.688,235.0,0.190785,-0.0686,706.0,1.12816,6.98266
34.2883,187.0,0.39055,-0.3195,370.0,0.214347,16.6437
23.8745,151.0,0.31785,-0.17625,353.0,0.0218676,8.33955
16.3518,240.0,0.12504,-0.05685,693.0,0.496116,4.80066
23.025,215.0,0.20692,-0.13465,489.0,0.10057,7.8911
18.8577,134.0,0.284685,-0.20165,255.0,0.0625234,5.89449
22.1933,149.0,0.2912,-0.1545,457.0,0.475756,7.37397
32.7585,153.0,0.46203,-0.23365,415.0,0.161233,14.8964
27.8692,172.0,0.3306,-0.20805,369.0,0.0290471,10.798
20.2171,113.0,0.35037,-0.17825,332.0,0.0741649,6.48027
32.8798,127.0,0.526825,-0.38945,265.0,0.0560075,14.8966
34.6825,159.0,0.45555,-0.24915,384.0,0.143103,17.0887
33.8337,175.0,0.4321,-0.19945,555.0,0.549756,16.0406
30.2811,179.0,0.358275,-0.2032,465.0,0.120926,12.619
25.4398,155.0,0.325925,-0.15445,446.0,0.425011,9.15003
22.1193,211.0,0.20037,-0.0882,622.0,1.63384,7.08314
18.5735,209.0,0.17032,-0.1038,482.0,0.0924196,5.79859
22.7497,170.0,0.26603,-0.13175,507.0,0.693623,7.61378
22.1952,187.0,0.22852,-0.13825,557.0,0.905394,7.28805
35.5711,181.0,0.4496,-0.1618,663.0,0.887802,18.2986
36.8838,145.0,0.5933,-0.24685,366.0,0.259592,20.318
29.4977,209.0,0.3231,-0.1191,582.0,0.152094,12.0147
28.2713,169.0,0.34532,-0.1702,452.0,0.115806,11.0679
36.3867,114.0,0.69845,-0.2642,415.0,0.750948,18.9995
27.9534,309.0,0.20129,-0.10975,696.0,1.91573,10.495
28.2287,256.0,0.260795,-0.1139,665.0,1.19435,10.8454
25.5447,256.0,0.251975,-0.11235,595.0,0.294501,9.27747
37.1518,181.0,0.45765,-0.2326,665.0,1.99303,20.5834
24.9301,226.0,0.23399,-0.1383,534.0,0.263884,8.91493
33.0087,130.0,0.5554,-0.2576,320.0,0.0384153,15.1046
19.1512,179.0,0.214885,-0.13775,379.0,0.0183985,6.05846
14.4597,145.0,0.197485,-0.08815,443.0,0.342622,4.12432
31.2433,196.0,0.38881,-0.175,487.0,0.239527,13.475
34.8382,232.0,0.35696,-0.13495,669.0,1.40701,17.2349
37.2549,132.0,0.6912,-0.2591,447.0,0.164195,20.7726
13.5501,180.0,0.14768,-0.074595,503.0,0.335525,3.80584
28.7239,255.0,0.222445,-0.11575,729.0,1.71355,11.0841
17.6978,210.0,0.168245,-0.0778,568.0,0.197783,5.40998
32.1154,256.0,0.298505,-0.16125,567.0,0.313884,14.3184
38.9386,151.0,0.63135,-0.3228,494.0,0.507482,24.5509
11.9169,142.0,0.16881,-0.082965,337.0,0.0441845,3.31127
33.9365,158.0,0.492245,-0.1734,529.0,1.34654,15.9911
16.3077,250.0,0.135545,-0.05295,726.0,0.409517,4.80078
23.26,231.0,0.20147,-0.08505,655.0,0.958968,7.82872
28.0445,241.0,0.269115,-0.1323,598.0,0.68966,10.8251
20.4727,153.0,0.26117,-0.08795,512.0,0.611778,6.51426
29.1023,197.0,0.31137,-0.1571,551.0,0.284632,11.6658
24.8417,234.0,0.198075,-0.1333,531.0,0.142612,8.88679
25.4648,354.0,0.20401,-0.091,774.0,0.4539,9.18345
29.7337,218.0,0.27509,-0.16475,504.0,0.0438605,12.2257
12.8975,199.0,0.131855,-0.059335,538.0,0.0352802,3.64855
30.5107,120.0,0.5283,-0.27225,346.0,0.244627,12.624
26.45,286.0,0.21872,-0.1021,679.0,0.471219,9.80075
27.1614,162.0,0.33531,-0.21235,357.0,0.0585152,10.3194
32.1782,265.0,0.27436,-0.1042,785.0,1.5849,14.1062
31.0063,198.0,0.350645,-0.1874,482.0,0.107166,13.2778
36.9484,196.0,0.4344,-0.19645,671.0,0.722164,20.5322
27.1721,154.0,0.359845,-0.17295,373.0,0.0376304,10.3375
12.8472,114.0,0.225355,-0.15765,217.0,0.00927404,3.62188
22.8473,249.0,0.1775,-0.0789,685.0,1.41868,7.5057
33.8183,283.0,0.298545,-0.1998,557.0,0.16052,16.2193
17.8397,182.0,0.183545,-0.1088,448.0,0.226959,5.46025
18.0611,165.0,0.214905,-0.14055,338.0,0.0236393,5.5894
10.8485,178.0,0.118125,-0.05674,548.0,0.371383,2.89354
25.4743,230.0,0.24485,-0.1276,530.0,0.0414666,9.28246
25.5141,190.0,0.303405,-0.1328,553.0,0.852534,9.12508
21.8306,207.0,0.2092,-0.09705,597.0,0.706202,7.14982
33.0856,247.0,0.322815,-0.1591,593.0,0.15293,15.3778
31.7424,200.0,0.32029,-0.30405,355.0,0.05846,13.9364
35.7751,220.0,0.3719,-0.17295,538.0,0.60711,18.7145
27.0898,205.0,0.32484,-0.1447,491.0,0.121084,10.2861
25.298,115.0,0.43606,-0.2547,289.0,0.0679853,9.0803
28.2439,304.0,0.18039,-0.0875,753.0,1.96631,10.6806
27.1097,159.0,0.34377,-0.1412,512.0,1.09951,10.0611
25.4553,210.0,0.28401,-0.1451,472.0,0.163772,9.24388
27.4465,176.0,0.318515,-0.1531,538.0,0.747045,10.372
30.6498,161.0,0.40135,-0.2739,323.0,0.079852,12.9035
25.0052,163.0,0.29843,-0.1698,395.0,0.0140598,8.97396
32.4985,367.0,0.203255,-0.15025,695.0,0.489625,14.693
29.1834,211.0,0.327555,-0.1248,590.0,0.533653,11.6957
29.717,303.0,0.230175,-0.1384,664.0,0.403744,12.16
34.9315,237.0,0.37089,-0.1352,620.0,1.06566,17.4428
25.821,118.0,0.47178,-0.20635,297.0,0.0133584,9.40852
38.7935,177.0,0.52945,-0.3402,604.0,1.45592,24.4799
34.362,216.0,0.384185,-0.15855,633.0,0.618526,16.7631
32.6053,133.0,0.47425,-0.3519,271.0,0.00987608,14.6111
33.0059,166.0,0.4346,-0.14355,580.0,0.439884,15.1181
37.3633,268.0,0.31175,-0.1553,703.0,1.70663,21.3839
18.2995,174.0,0.2067,-0.12165,401.0,0.143575,5.66559
21.4567,187.0,0.21511,-0.1259,531.0,0.526218,7.00086
24.6097,151.0,0.3191,-0.23695,296.0,0.0142195,8.73304
38.3538,153.0,0.63235,-0.1958,576.0,0.360668,23.7155
25.2111,222.0,0.234815,-0.1106,594.0,0.608777,9.00085
38.1625,217.0,0.42936,-0.22225,572.0,0.953868,23.0886
36.0313,174.0,0.5041,-0.2403,441.0,0.106873,19.0892
38.4303,294.0,0.355125,-0.1918,696.0,1.40652,23.9782
31.2187,188.0,0.359575,-0.14745,539.0,0.129364,13.4568
27.3451,161.0,0.383225,-0.1581,507.0,0.218939,10.416
20.3068,347.0,0.176675,-0.06095,824.0,1.80185,6.15455
30.1372,193.0,0.34749,-0.15135,494.0,0.108897,12.5366
15.911,204.0,0.1477,-0.09345,470.0,0.0465835,4.73692
33.4051,204.0,0.346005,-0.27325,419.0,0.0698139,15.6534
26.2846,176.0,0.31659,-0.19175,388.0,0.122794,9.75338
14.1264,219.0,0.15016,-0.039235,728.0,0.251048,4.02555
30.4261,161.0,0.39975,-0.20905,387.0,0.114996,12.7067
34.4152,154.0,0.503,-0.2434,437.0,0.438198,16.7523
11.724,198.0,0.114345,-0.05762,523.0,0.0285042,3.25572
22.9332,181.0,0.243505,-0.1183,515.0,0.247598,7.80846
32.4098,191.0,0.393415,-0.171,610.0,1.05886,14.411
22.6512,284.0,0.1793,-0.0935,658.0,0.386857,7.64044
35.1588,213.0,0.410375,-0.28445,418.0,0.258484,17.8579
14.988,176.0,0.164925,-0.092,489.0,0.34003,4.32176
30.7046,224.0,0.32063,-0.14795,529.0,0.130778,13.0264
28.4582,220.0,0.294575,-0.15445,501.0,0.227329,11.2152
21.7855,164.0,0.247095,-0.2883,291.0,0.024999,7.27228
23.3792,233.0,0.200455,-0.1033,590.0,0.236497,8.05673
29.7712,217.0,0.30562,-0.09935,747.0,1.75381,11.8899
25.5847,192.0,0.257105,-0.1395,559.0,0.976991,9.13501
23.7041,217.0,0.21906,-0.1342,480.0,0.140048,8.24921
25.2065,218.0,0.229205,-0.11185,615.0,0.361502,9.0492
30.5352,279.0,0.327545,-0.1245,658.0,0.46678,12.8396
22.8575,172.0,0.26561,-0.1419,412.0,0.0678287,7.80128
25.7437,180.0,0.293225,-0.1622,446.0,0.0543762,9.42501
28.0207,203.0,0.2657,-0.16145,494.0,0.100332,10.9105
36.075,124.0,0.70427,-0.23405,498.0,1.11587,18.723
36.054,179.0,0.49595,-0.2118,529.0,0.465003,19.0907
31.8248,177.0,0.3804,-0.1745,503.0,0.809906,13.8817
30.7114,119.0,0.541905,-0.2833,278.0,0.00942471,12.9027
20.0604,262.0,0.14793,-0.0951,613.0,0.489934,6.36417
17.7093,156.0,0.232675,-0.10945,405.0,0.0171625,5.4457
28.933,249.0,0.24657,-0.1144,658.0,1.20277,11.3679
27.6188,174.0,0.322275,-0.175,403.0,0.0584893,10.6403
31.3064,170.0,0.4086,-0.13875,606.0,0.623308,13.4344
25.417,199.0,0.25275,-0.1004,595.0,1.12791,9.00589
30.9801,229.0,0.294915,-0.1606,624.0,0.653218,13.1554
20.881,162.0,0.247195,-0.14265,396.0,0.086174,6.82324
15.0361,214.0,0.12923,-0.05815,672.0,1.28187,4.11852
35.815,175.0,0.451005,-0.26685,490.0,0.511937,18.7135
32.2682,301.0,0.27532,-0.13955,647.0,1.58323,14.2276
28.729,173.0,0.33436,-0.2289,371.0,0.0712694,11.4125
26.6622,158.0,0.344765,-0.16775,529.0,1.20484,9.74151
27.16,191.0,0.28839,-0.1539,459.0,0.0547125,10.3312
12.4852,152.0,0.15668,-0.07875,418.0,0.0163378,3.51104
28.3464,196.0,0.27625,-0.1303,516.0,1.90534,10.7597
39.1286,101.0,0.7854,-0.307,397.0,0.227576,24.3647
32.6772,215.0,0.357235,-0.24185,484.0,0.715492,14.7721
21.4365,227.0,0.216525,-0.07985,641.0,0.27953,7.0561
32.3494,222.0,0.3191,-0.11925,743.0,1.9013,14.1989
23.534,181.0,0.26095,-0.1579,454.0,0.133883,8.15183
26.0513,244.0,0.19274,-0.14895,510.0,0.0460519,9.63477
33.0758,204.0,0.34917,-0.23005,421.0,0.0917211,15.3044
32.0843,204.0,0.3239,-0.15175,570.0,1.28898,14.042
30.6679,205.0,0.35342,-0.1547,503.0,0.208919,12.9684
38.6228,221.0,0.451665,-0.2516,750.0,1.44871,24.1436
19.7086,224.0,0.188735,-0.0589,708.0,1.24121,6.03057
22.1994,194.0,0.21988,-0.13255,445.0,0.0173622,7.48489
21.129,216.0,0.19149,-0.0982,522.0,0.174442,6.93387
11.5077,158.0,0.166945,-0.050705,528.0,0.0270893,3.1875
23.1611,156.0,0.305915,-0.13635,420.0,0.0909147,7.94908
36.8873,155.0,0.5071,-0.3065,464.0,0.74977,20.3297
18.0963,177.0,0.20628,-0.0978,486.0,0.20049,5.57097
35.8322,143.0,0.53285,-0.2054,536.0,0.735685,18.4794
37.5451,162.0,0.5237,-0.2324,574.0,0.686383,21.5799
38.425,205.0,0.462745,-0.1972,519.0,0.897946,23.68
28.8997,371.0,0.15072,-0.0937,794.0,1.69745,11.2128
15.252,149.0,0.20796,-0.10025,382.0,0.0415305,4.4859
21.9392,207.0,0.19836,-0.154,421.0,0.00718026,7.35741
26.441,203.0,0.32493,-0.10705,594.0,0.927408,9.68984
26.0347,163.0,0.3274,-0.1043,632.0,1.41431,9.29542
22.1983,197.0,0.2301,-0.09635,576.0,0.24221,7.43551
30.5713,202.0,0.330635,-0.2211,402.0,0.0304406,12.9007
37.1528,199.0,0.4102,-0.21145,618.0,1.25,20.7747
18.5049,215.0,0.180615,-0.07885,583.0,0.0769512,5.7749
24.5732,222.0,0.227845,-0.1092,595.0,1.1124,8.52059
29.5205,316.0,0.189675,-0.0978,793.0,1.93842,11.6499
12.693,172.0,0.138365,-0.053605,585.0,0.592418,3.44953
26.2988,227.0,0.25079,-0.13965,503.0,0.0656401,9.78424
33.0578,211.0,0.360385,-0.16325,531.0,0.155778,15.2923
28.0701,202.0,0.283625,-0.15795,523.0,0.962481,10.7701
14.9929,188.0,0.154775,-0.08629,436.0,0.133048,4.37321
38.4664,210.0,0.472985,-0.35745,548.0,0.623075,23.6852
17.0758,284.0,0.129365,-0.04995,774.0,1.33094,4.88753
27.8791,137.0,0.410495,-0.24855,375.0,0.119673,10.7688
23.7638,198.0,0.236455,-0.17355,413.0,0.083895,8.28446
32.4104,162.0,0.438975,-0.29515,362.0,0.104394,14.5388
21.0094,201.0,0.202715,-0.1009,542.0,0.204542,6.8644
29.0594,137.0,0.460575,-0.2344,322.0,0.0462843,11.6248
33.3439,176.0,0.429225,-0.3008,385.0,0.200899,15.5611
36.7264,180.0,0.54855,-0.1628,623.0,0.898324,20.1824
33.6793,131.0,0.54895,-0.2269,366.0,0.221183,15.7824
36.2164,138.0,0.6135,-0.2076,519.0,0.764096,19.1543
29.1005,189.0,0.31188,-0.22265,410.0,0.113866,11.6917
26.2376,214.0,0.26445,-0.12265,616.0,0.512075,9.64417
29.9303,178.0,0.33815,-0.1238,638.0,1.5988,12.0302
18.1958,229.0,0.15671,-0.0775,624.0,0.619265,5.52126
31.5451,227.0,0.319855,-0.1472,541.0,0.464361,13.7104
33.0092,123.0,0.6247,-0.2827,427.0,0.0743191,15.1027
21.6155,290.0,0.13286,-0.0715,736.0,1.19308,6.92765
35.1876,190.0,0.41097,-0.2144,439.0,0.0732311,17.8469
31.6617,395.0,0.17331,-0.13055,755.0,1.44225,13.6527
35.4841,148.0,0.542375,-0.2601,411.0,0.22779,18.1654
37.6479,211.0,0.43105,-0.1647,610.0,0.65415,22.1345
36.9198,164.0,0.5167,-0.25745,445.0,0.430758,20.4115
27.307,237.0,0.232475,-0.12865,552.0,0.514657,10.3491
22.6505,226.0,0.203355,-0.12715,497.0,0.089913,7.70084
30.6196,241.0,0.275675,-0.1409,574.0,0.506951,12.8876
24.1018,148.0,0.330515,-0.12995,479.0,0.210002,8.428
11.4095,138.0,0.16549,-0.095045,304.0,0.0165827,3.15193
29.5582,297.0,0.26721,-0.12,686.0,1.16456,11.8698
35.0116,152.0,0.50775,-0.2466,491.0,0.354543,17.4326
26.8389,175.0,0.32325,-0.1484,418.0,0.2318,10.0796
39.2428,140.0,0.6728,-0.28145,414.0,0.418466,25.5508
24.7564,178.0,0.293085,-0.1232,504.0,0.279294,8.80245
32.5312,222.0,0.33288,-0.17055,615.0,0.766696,14.6412
24.8613,202.0,0.23099,-0.1626,553.0,0.6765,8.77286
32.5924,232.0,0.30264,-0.1804,519.0,0.330708,14.7823
19.4443,208.0,0.16756,-0.0686,704.0,1.96722,5.73822
27.5909,150.0,0.367935,-0.17095,425.0,0.29869,10.5473
15.4322,240.0,0.11245,-0.0593,686.0,1.22363,4.2794
33.3588,199.0,0.37594,-0.1964,575.0,1.02916,15.4319
24.7654,175.0,0.27929,-0.134,480.0,0.6831,8.71715
23.8044,185.0,0.251905,-0.1218,532.0,0.479041,8.21971
26.7244,228.0,0.23507,-0.0996,641.0,1.35561,9.7767
29.4911,251.0,0.27004,-0.1009,692.0,0.617608,11.9209
39.3773,187.0,0.52055,-0.32305,660.0,1.38801,26.0323
23.105,282.0,0.155025,-0.0739,738.0,1.12267,7.70234
10.036,172.0,0.118075,-0.04651,525.0,0.0340883,2.71388
22.3696,169.0,0.262685,-0.1092,505.0,0.238521,7.51983
34.7252,231.0,0.343905,-0.15415,583.0,0.735992,17.2222
28.918,162.0,0.370735,-0.1806,546.0,0.739199,11.413
13.383,157.0,0.165695,-0.082975,418.0,0.0746661,3.80524
25.3989,207.0,0.24175,-0.1286,557.0,0.402311,9.15214
24.2712,181.0,0.273355,-0.17285,397.0,0.0750361,8.5661
38.3818,183.0,0.526,-0.224,522.0,0.894589,23.7884
26.0727,247.0,0.19774,-0.1547,711.0,1.65118,9.28765
21.5368,150.0,0.284575,-0.2259,285.0,0.0823352,7.12324
27.24,195.0,0.281965,-0.1245,573.0,0.918083,10.201
24.6544,196.0,0.251665,-0.1095,586.0,1.69562,8.43246
27.9268,170.0,0.34011,-0.1595,457.0,0.0614248,10.8273
24.3657,212.0,0.22636,-0.0885,670.0,1.50227,8.30664
19.2541,175.0,0.22423,-0.14165,498.0,0.253645,6.05653
25.6688,165.0,0.318575,-0.136,474.0,0.282603,9.32917
39.3168,98.0,0.794,-0.1653,654.0,1.73966,24.387
33.5524,268.0,0.262155,-0.1625,589.0,0.438507,15.8362
30.5525,209.0,0.305725,-0.1723,545.0,0.37454,12.8344
32.8611,281.0,0.26911,-0.1698,587.0,0.797042,15.0089
20.3696,238.0,0.168085,-0.0676,714.0,1.70418,6.21941
34.4892,172.0,0.39215,-0.18335,504.0,0.287203,16.813
32.3586,218.0,0.369485,-0.1554,547.0,0.262752,14.5805
29.4158,188.0,0.3082,-0.1954,414.0,0.162152,11.8976
10.534,155.0,0.143315,-0.049955,496.0,0.04402,2.86849
34.7728,218.0,0.3303,-0.1944,508.0,0.68055,17.2167
24.3849,203.0,0.233345,-0.1541,639.0,0.451749,8.55086
39.0311,163.0,0.50475,-0.2906,629.0,1.03954,24.6845
29.3033,215.0,0.27824,-0.1504,537.0,0.345847,11.8236
21.7863,163.0,0.27958,-0.11635,520.0,0.286862,7.21791
23.6753,258.0,0.20379,-0.087,673.0,0.202763,8.22289
25.961,193.0,0.27531,-0.11125,633.0,0.642973,9.44227
30.8812,173.0,0.39779,-0.1367,600.0,1.74144,12.82
31.3541,161.0,0.37616,-0.26715,367.0,0.086294,13.5446
21.6732,181.0,0.23583,-0.08775,646.0,1.1776,6.95953
32.6408,174.0,0.386335,-0.19075,592.0,0.998053,14.6242
21.1198,172.0,0.23691,-0.14555,392.0,0.0580983,6.94095
32.3993,169.0,0.42905,-0.151,603.0,0.621612,14.4742
22.7553,203.0,0.229425,-0.1313,472.0,0.112039,7.74848
35.825,262.0,0.331615,-0.1393,690.0,0.979014,18.7824
34.4847,162.0,0.4584,-0.2805,448.0,0.150539,16.8057
33.4764,176.0,0.4165,-0.32815,338.0,0.121468,15.716
24.1798,175.0,0.264575,-0.1501,436.0,0.0526912,8.52927
32.0713,182.0,0.372865,-0.1565,608.0,0.991857,14.0867
34.413,194.0,0.4063,-0.26275,509.0,0.306209,16.8127
26.2554,157.0,0.340825,-0.1674,413.0,0.226487,9.68919
32.5803,250.0,0.292725,-0.17115,556.0,1.20859,14.5887
31.7894,282.0,0.281085,-0.14675,616.0,0.448268,13.9868
27.2995,223.0,0.27314,-0.0929,689.0,0.410005,10.3603
24.9339,223.0,0.217925,-0.115,588.0,0.67191,8.82377
32.6667,179.0,0.38085,-0.234,572.0,1.07512,14.6446
21.8575,196.0,0.22413,-0.1037,543.0,0.167484,7.28493
13.8517,175.0,0.159155,-0.049,645.0,0.399359,3.89662
34.192,144.0,0.476,-0.24485,490.0,1.48557,16.1184
11.8736,280.0,0.07534,-0.03802,750.0,0.436453,3.20376
31.3505,239.0,0.34097,-0.091,742.0,1.32203,13.3736
35.0986,235.0,0.349515,-0.2217,485.0,0.127033,17.8436
28.933,214.0,0.268635,-0.16225,519.0,0.561157,11.4894
24.8287,236.0,0.21444,-0.09935,627.0,0.208539,8.86235
27.1346,197.0,0.293825,-0.1698,440.0,0.132942,10.3086
16.1835,176.0,0.171755,-0.0917,459.0,0.0278219,4.84217
29.9326,377.0,0.204405,-0.1224,753.0,0.685938,12.2763
36.0268,337.0,0.27129,-0.15695,678.0,0.329742,19.2542
28.4169,159.0,0.348875,-0.21655,369.0,0.0117668,11.1651
34.804,250.0,0.35057,-0.14785,610.0,0.615956,17.3768
26.2022,255.0,0.219325,-0.12215,571.0,0.0577884,9.72723
29.4302,203.0,0.27981,-0.14555,549.0,0.70416,11.8433
19.9022,178.0,0.23378,-0.0885,549.0,0.178218,6.35744
31.299,183.0,0.38607,-0.1757,513.0,0.258305,13.5178
27.2342,223.0,0.237775,-0.144,588.0,1.32073,10.122
32.3221,154.0,0.46353,-0.2362,355.0,0.0694173,14.4609
33.9345,198.0,0.40075,-0.17215,509.0,1.45054,16.0521
19.5089,143.0,0.26195,-0.14185,362.0,0.00709246,6.20375
28.1498,200.0,0.292445,-0.12035,661.0,1.25525,10.7648
30.5137,270.0,0.24185,-0.14335,605.0,0.266437,12.8416
17.6458,204.0,0.15848,-0.0803,586.0,0.385356,5.34333
38.2164,165.0,0.5319,-0.26655,403.0,0.376234,23.1086
35.6184,168.0,0.4656,-0.251,529.0,0.589483,18.3567
36.6537,233.0,0.3417,-0.34175,613.0,1.50806,19.9555
30.0857,161.0,0.39439,-0.1439,617.0,1.60501,12.1586
35.23,120.0,0.7037,-0.1825,371.0,0.185612,17.7125
22.7043,180.0,0.26076,-0.15075,425.0,0.0454527,7.72812
26.7532,174.0,0.31749,-0.204,399.0,0.0635394,10.0609
10.9112,241.0,0.078865,-0.032245,736.0,1.0823,2.74013
33.4637,138.0,0.573825,-0.27835,332.0,0.123303,15.6255
23.255,359.0,0.16886,-0.06955,843.0,0.809052,7.82838
12.9245,131.0,0.191655,-0.12668,276.0,0.013606,3.65195
20.8938,147.0,0.289275,-0.11845,445.0,0.122816,6.81932
27.8601,199.0,0.29903,-0.1343,523.0,0.0988065,10.8076
32.9524,143.0,0.52255,-0.2499,382.0,0.225637,15.0477
11.2439,131.0,0.173925,-0.08246,339.0,0.0272067,3.09383
27.1615,276.0,0.21503,-0.0927,756.0,1.62485,10.0021
33.4758,163.0,0.45155,-0.20075,643.0,1.82553,15.3511
37.2016,234.0,0.3413,-0.21825,572.0,0.277409,21.1701
34.5149,164.0,0.4809,-0.14615,615.0,0.806117,16.8551
31.3024,212.0,0.31752,-0.1623,545.0,0.266871,13.5223
29.2359,178.0,0.32955,-0.1332,642.0,1.99227,11.395
30.184,212.0,0.264485,-0.183,530.0,1.50984,12.2728
23.9262,258.0,0.21159,-0.1056,643.0,1.26304,8.12282
24.5721,194.0,0.26982,-0.11765,538.0,0.743797,8.59571
37.0138,154.0,0.59775,-0.2144,572.0,1.58295,20.5135
18.952,204.0,0.18967,-0.07815,588.0,0.117356,5.95371
17.2923,290.0,0.118465,-0.03515,867.0,1.90325,4.80664
27.3376,124.0,0.474855,-0.16135,427.0,0.246807,10.3466
15.6993,181.0,0.17047,-0.08065,493.0,0.0683777,4.6508
28.6428,222.0,0.30649,-0.08545,729.0,0.523378,11.2852
20.5961,219.0,0.176565,-0.09925,537.0,0.3661,6.63597
32.0757,245.0,0.323665,-0.14255,596.0,0.114218,14.3252
39.4943,166.0,0.54435,-0.17295,678.0,1.03256,26.4254
32.4275,244.0,0.306395,-0.20275,493.0,0.0699966,14.6662
30.6072,176.0,0.36525,-0.1896,443.0,0.0715657,12.9127
38.2717,191.0,0.4579,-0.1986,572.0,0.336799,23.3881
28.7977,185.0,0.300055,-0.1942,418.0,0.0849158,11.4729
37.4174,149.0,0.573,-0.1852,523.0,1.87891,20.9737
14.2267,135.0,0.219025,-0.113895,309.0,0.0414689,4.10314
29.6967,168.0,0.36311,-0.15185,488.0,0.0761884,12.1522
29.7758,210.0,0.32349,-0.1948,449.0,0.0519829,12.2573
31.1906,244.0,0.29212,-0.14465,708.0,1.32688,13.2151
33.1309,163.0,0.42665,-0.2224,456.0,1.06911,15.0882
30.3247,250.0,0.252975,-0.15835,556.0,0.197992,12.6947
23.7584,196.0,0.282645,-0.0921,619.0,0.169152,8.27384
25.6291,184.0,0.279235,-0.19535,386.0,0.0489445,9.35592
28.8432,240.0,0.27322,-0.1684,512.0,0.247721,11.5017
32.9332,262.0,0.26254,-0.1518,606.0,1.12447,15.0034
25.9429,110.0,0.501265,-0.21435,361.0,0.1465,9.44217
16.8994,200.0,0.166095,-0.0912,491.0,0.0755888,5.11279
34.3251,156.0,0.47715,-0.30375,444.0,0.363158,16.5792
30.9033,265.0,0.3233,-0.1617,565.0,0.484713,13.1475
18.5589,151.0,0.246485,-0.1127,429.0,0.14621,5.76932
30.5813,166.0,0.38345,-0.17975,507.0,1.49813,12.59
15.5215,162.0,0.183105,-0.0923,438.0,0.0564083,4.58335
35.4533,158.0,0.52644,-0.32665,417.0,0.14482,18.2343
25.9215,216.0,0.22804,-0.15815,514.0,0.438399,9.46934
25.0335,145.0,0.339755,-0.1696,418.0,0.218285,8.94571
31.719,186.0,0.3586,-0.2441,382.0,0.0442452,13.913
