"EDV,lv","EDP,lv","pEndIVC,lv","pMax,lv","ESV,lv","pEndEj,lv","EDV,rv","EDP,rv","pEndIVC,rv","pMax,rv","ESV,rv","pEndEj,rv","EDV,aWave,la","pMax,aWave,la","ESV,aWave,la","VMax,vWave,la","pMax,vWave,la","ESV,vWave,la","pMin,vWave,la","EDV,aWave,ra","pMax,aWave,ra","ESV,aWave,ra","VMax,vWave,ra","pMax,vWave,ra","ESV,vWave,ra","pMin,vWave,ra"
143.73,11.09,79.52,118.96,78.71,97.7,103.73,4.68,14.68,27.07,38.77,9.34,62.72,13.21,27.71,70.44,7.14,48.91,1.89,51.85,6.33,23.55,60.74,2.29,33.13,-0.87
142.82,6.32,55.22,116.79,89.21,94.97,94.64,1.93,13.88,23.38,41.36,8.7,55.68,11.59,26.5,63.5,5.02,49.44,1.91,44.7,3.9,29.46,57.99,1.84,36.16,-0.53
147.9,15.35,83.13,120.33,66.39,90.4,122.28,6.85,16.14,34.36,40.8,12.39,69.77,14.8,30.49,85.64,10.38,50.4,1.87,58.8,7.93,25.63,68.09,2.88,37.8,-0.33
172.61,12.96,77.72,123.18,89.66,96.68,131.77,5.6,18.12,34.13,48.75,13.14,70.39,15.48,29.46,81.48,10.05,55.03,2.99,54.38,7.05,27.2,70.84,3.59,42.89,0.14
171.21,9.3,62.15,128.75,86.07,103.31,128.85,3.25,17.98,33.58,43.97,12.68,65.08,14.87,29.97,79.66,10.59,51.36,2.49,50.27,5.73,30.25,67.53,3.44,42.49,0.11
141.54,9.88,35.35,121.42,77.78,103.36,101.36,2.35,10.88,26.96,38.14,9.24,61.54,14.24,27.58,70.28,6.46,50.49,2.02,46.92,4.99,28.99,62.86,2.36,35.49,-0.57
144.31,6.08,46.01,112.32,95.52,92.57,95.79,1.75,12.62,23.45,47.38,11.42,54.18,10.49,28.59,62.66,5.06,50.3,2.17,44.47,3.23,31.42,58.34,1.98,40.3,-0.12
168.09,16.66,74.56,134.23,68.12,93.91,138.33,6.76,17.93,38.77,38.23,12.24,73.91,16.58,30.72,92.18,13.18,52.33,2.33,60.96,8.97,26.26,72.43,3.66,40.26,-0.12
162.28,11.92,81.82,121.55,70.34,90.54,129.74,4.97,17.87,33.65,37.73,9.96,67.65,15.19,29.23,77.3,10.38,48.69,2.06,56.73,8.03,25.98,67.01,3.59,38.83,-0.31
142.65,7.9,46.72,115.22,85.11,92.25,103.77,2.25,14.73,27.3,47.17,14.14,59.47,13.51,27.38,66.07,5.86,50.8,2.26,46.02,4.6,29.85,60.31,2.21,40.27,-0.13
155.08,14.23,74.08,128.71,78.1,101.1,117.54,5.61,17.44,32.95,40.48,11.69,66.95,14.04,30.54,75.12,9.27,50.55,2.38,55.19,6.82,26.78,63.91,2.95,38.16,-0.37
124.69,6.72,81.41,113.08,73.13,91.79,91.04,3.12,13.58,24.54,39.57,9.28,55.09,10.89,26.94,58.19,4.84,43.91,1.12,44.86,4.76,28.27,54.71,1.85,30.41,-1.43
148.97,11.64,54.53,124.12,71.94,91.1,117.05,3.31,15.57,33.14,40.39,10.68,65.44,14.29,29.85,74.51,9.62,49.54,2.28,51.57,6.31,29.25,65.07,3.32,39.73,-0.2
131.9,12.48,83.4,116.78,75.55,96.23,102.36,5.2,17.89,29.55,46.13,15.52,61.76,11.57,28.56,66.33,5.89,47.69,1.6,52.23,5.69,25.79,60.45,2.21,36.78,-0.47
159.41,10.12,66.74,115.91,90.32,93.74,110.86,3.23,14.7,26.38,41.85,9.21,69.58,14.58,29.79,77.92,8.02,57.06,3.08,49.73,5.28,30.43,64.06,2.33,38.8,-0.23
175.93,12.06,50.06,121.79,87.06,96.81,138.42,4.14,18.49,35.3,50.32,15.57,72.04,16.79,32.6,86.16,12.91,56.11,3.52,52.85,6.77,32.76,70.62,3.91,45.33,0.42
156.56,11.04,73.1,128.47,75.39,103.93,126.0,4.4,20.03,35.65,44.19,16.71,69.5,13.87,31.88,73.79,8.51,51.92,2.57,55.8,6.85,29.94,67.65,3.43,41.19,-0.03
164.35,11.09,80.98,122.86,86.86,94.19,113.49,4.46,14.24,28.27,35.85,5.97,66.81,14.57,28.27,77.43,8.98,53.12,2.67,52.06,6.33,25.43,63.74,2.62,35.65,-0.58
139.31,12.28,80.51,121.94,69.92,97.05,105.23,4.93,14.19,28.52,35.77,9.11,62.36,13.14,28.27,71.36,8.27,45.82,1.42,53.46,6.39,24.18,59.42,2.36,33.6,-0.92
141.34,7.95,71.8,113.27,82.87,91.62,104.25,2.66,20.12,27.78,46.0,13.7,58.29,12.67,28.28,62.86,6.09,47.63,1.95,48.62,5.1,27.42,60.45,2.7,39.86,-0.2
164.71,11.62,76.68,128.93,67.07,93.24,139.36,5.72,19.16,40.24,41.64,13.29,71.22,16.05,28.57,87.56,10.9,49.88,1.79,57.45,8.43,25.67,73.95,3.69,40.93,-0.05
140.02,7.65,38.07,120.8,87.02,104.22,91.91,1.75,9.69,22.9,40.23,9.23,57.92,12.55,27.86,66.21,6.17,50.71,2.33,45.13,4.04,30.0,58.2,2.02,35.58,-0.63
169.79,13.63,38.99,120.79,86.23,92.16,125.55,3.58,13.35,30.56,42.46,11.35,72.04,16.97,31.82,88.76,10.48,59.77,3.38,51.46,6.23,30.72,74.35,3.46,42.79,0.11
166.6,11.37,81.51,121.79,95.71,94.96,110.5,4.44,17.23,26.13,39.67,9.4,60.73,13.76,27.62,66.07,6.93,50.37,2.56,49.79,5.4,25.71,62.4,2.95,39.01,-0.3
178.65,10.04,67.08,132.61,89.9,102.88,135.58,3.43,19.33,35.88,46.72,14.43,66.22,16.34,28.26,77.36,9.66,53.13,2.89,49.72,6.37,29.28,68.71,3.62,43.08,0.18
149.39,8.24,60.55,119.84,84.31,91.57,114.76,2.97,18.02,31.14,49.92,16.69,62.96,12.76,29.65,70.79,7.08,51.22,2.28,49.24,4.92,31.59,64.67,2.77,41.92,0.04
154.62,8.34,66.75,126.03,86.78,104.91,107.13,2.46,16.32,27.13,39.26,10.28,61.23,13.83,27.59,67.05,6.68,50.4,2.36,48.01,5.23,27.87,60.53,2.44,37.68,-0.43
142.65,10.53,80.28,122.8,69.29,96.83,109.5,4.41,15.82,29.75,36.14,10.32,64.59,13.18,28.19,70.29,7.23,46.93,1.51,53.96,6.58,24.78,61.44,2.43,34.51,-0.73
147.42,10.35,75.62,125.96,76.43,100.51,112.19,3.9,17.8,31.2,41.15,13.69,66.96,13.73,30.11,70.98,7.58,50.86,2.35,53.56,6.45,27.63,62.98,2.69,37.63,-0.41
129.5,6.24,50.81,113.07,76.91,92.28,88.81,1.79,12.11,21.95,36.6,7.44,55.64,11.26,26.0,64.76,4.91,46.19,1.19,44.74,3.9,29.63,55.84,1.45,31.15,-0.96
173.23,10.52,62.61,125.99,82.03,93.26,132.65,3.54,19.26,33.34,41.78,12.52,70.1,17.05,28.84,84.0,9.83,54.2,2.59,50.84,6.7,29.45,70.66,3.24,41.5,0.0
143.47,8.25,85.08,118.46,70.71,89.29,112.82,3.45,16.35,30.94,40.22,10.69,61.79,13.4,26.91,67.67,6.81,45.56,1.32,51.59,6.37,24.89,64.0,2.96,37.61,-0.43
168.69,13.54,73.74,134.5,69.31,96.7,135.58,4.76,21.8,37.1,36.09,12.34,74.13,16.5,33.42,83.22,11.77,52.35,2.66,60.53,8.44,28.78,71.47,4.05,40.12,-0.14
190.99,14.27,60.98,141.17,95.93,111.77,140.29,5.72,20.67,36.41,44.67,13.77,74.03,17.48,29.78,83.51,10.2,58.8,3.66,54.81,7.54,26.95,73.63,3.85,43.63,0.21
126.83,6.09,72.93,115.3,75.54,96.2,87.88,2.65,13.43,22.32,36.66,8.18,53.76,10.3,26.84,59.18,4.34,44.2,1.0,45.24,4.11,27.7,54.58,1.55,30.13,-1.23
124.89,6.29,48.52,113.42,76.4,93.44,83.21,1.5,11.57,20.0,35.27,6.97,53.19,10.99,26.89,57.38,4.37,44.67,1.23,43.89,3.97,28.6,53.73,1.61,28.2,-1.64
169.86,12.12,81.53,120.55,78.34,88.73,137.14,5.04,19.1,35.09,45.7,13.73,70.63,15.02,33.0,81.55,12.19,52.79,3.0,56.68,7.06,29.79,71.03,4.34,44.69,0.37
165.02,12.16,82.38,120.0,83.93,89.97,125.76,4.28,16.64,32.0,44.74,11.83,68.01,15.89,30.7,81.79,12.58,52.19,2.96,54.51,7.23,27.89,65.41,3.43,42.09,0.07
141.66,7.73,73.62,113.91,85.41,93.76,95.4,3.18,13.37,22.62,39.29,8.37,58.47,11.5,27.56,65.44,5.58,49.17,1.87,47.19,4.52,27.8,57.75,1.83,33.66,-0.78
158.0,9.71,67.47,134.15,80.8,111.53,116.96,3.46,18.67,32.25,39.83,12.89,65.97,15.98,27.8,76.72,7.94,52.29,2.31,52.04,7.05,24.8,67.97,2.96,37.13,-0.41
179.77,15.49,73.37,129.81,87.74,95.81,128.21,5.83,17.87,30.73,36.21,8.85,72.3,17.16,28.75,84.01,10.16,54.59,2.75,56.29,7.86,23.49,70.59,3.34,37.13,-0.41
180.13,18.02,77.8,121.46,85.08,93.19,147.19,7.67,18.56,38.38,52.05,14.41,75.0,16.61,31.29,94.89,12.62,56.99,2.91,57.73,8.14,28.12,75.53,3.69,45.99,0.39
156.3,10.07,73.79,120.59,84.05,95.67,113.48,3.61,17.09,29.27,41.28,10.7,68.52,14.08,29.93,74.39,7.08,54.44,2.58,50.68,5.49,30.43,65.14,2.47,38.11,-0.29
153.41,8.75,58.38,118.38,84.03,95.18,108.86,2.79,16.88,26.93,39.8,10.48,64.16,13.44,29.5,70.2,6.79,51.84,2.37,49.81,5.08,28.97,64.48,2.7,37.6,-0.38
164.33,11.64,73.37,131.71,71.79,97.27,130.63,4.73,18.79,35.39,37.76,11.75,72.69,15.4,30.53,80.02,9.66,52.62,2.51,57.82,7.83,26.9,70.77,3.6,38.93,-0.25
145.28,10.99,40.52,121.63,66.7,93.01,123.55,3.53,15.94,37.26,45.26,16.42,65.26,15.4,28.54,80.91,8.78,49.23,1.66,50.93,6.59,28.94,71.92,3.36,42.7,0.11
162.37,10.02,73.67,126.55,74.02,100.5,123.84,3.48,15.94,33.85,35.52,8.12,68.58,15.49,28.86,79.44,10.01,50.23,2.16,53.34,7.12,27.09,66.92,3.2,37.51,-0.41
152.94,10.46,82.29,119.26,81.64,91.93,118.44,4.33,17.86,31.69,47.15,14.6,63.96,13.97,29.32,72.51,8.76,49.61,2.27,52.48,6.38,27.32,64.04,3.1,41.25,-0.03
145.28,11.74,73.62,125.01,77.09,106.36,102.25,4.19,15.85,26.5,34.0,8.18,62.83,12.42,30.24,66.33,6.84,48.16,1.95,52.63,5.45,26.07,58.78,2.3,32.8,-1.0
153.55,9.43,76.93,125.92,71.83,94.9,118.05,4.33,16.73,31.27,36.13,10.75,64.96,14.3,26.89,70.46,6.89,47.52,1.56,52.81,6.97,24.52,64.09,2.67,35.56,-0.6
177.18,17.68,57.96,148.4,71.4,113.55,142.83,5.15,20.06,40.35,35.2,12.45,75.06,18.45,32.87,84.71,13.84,55.84,3.9,59.2,9.16,29.32,73.93,5.05,42.18,0.08
152.28,8.31,64.16,118.69,81.87,98.23,121.61,3.0,20.22,34.18,51.69,18.19,61.11,13.95,28.08,69.48,7.88,48.46,2.05,49.5,5.82,28.58,65.2,3.36,43.74,0.27
154.42,12.62,76.53,121.07,85.38,99.08,115.95,4.88,17.4,30.7,46.87,14.36,65.29,14.61,29.68,72.37,9.1,51.64,2.87,53.47,6.58,26.39,64.67,3.36,41.21,-0.03
180.18,17.32,77.38,128.12,81.52,94.36,133.9,7.69,16.07,34.01,34.97,6.27,72.11,14.98,33.78,86.68,13.2,55.39,3.36,59.23,7.18,28.24,69.76,3.77,38.93,-0.27
174.27,11.11,39.4,125.98,94.92,98.06,131.19,3.04,13.96,34.13,52.34,15.21,62.83,15.61,29.23,80.88,11.07,53.17,2.92,48.17,5.33,30.92,69.4,3.78,45.45,0.45
176.37,15.51,54.98,142.48,73.85,102.43,147.45,4.85,21.56,42.92,44.66,17.38,73.12,18.72,31.26,90.78,15.3,54.16,3.22,55.44,8.53,29.75,75.5,4.98,45.64,0.48
124.62,8.69,84.1,114.53,76.05,95.03,93.26,3.69,16.99,26.68,44.8,14.15,56.22,10.09,28.15,59.05,4.43,45.34,1.25,48.57,4.48,26.9,56.92,1.91,35.51,-0.65
176.89,13.03,69.4,131.46,76.46,94.48,136.01,4.38,16.76,34.8,35.92,9.11,79.51,17.86,32.6,93.92,12.8,59.27,3.46,58.14,8.31,28.44,75.89,3.88,40.37,-0.1
162.44,9.95,33.46,120.48,83.57,97.27,118.48,2.56,11.22,29.71,40.08,10.12,59.85,14.54,28.47,73.78,8.8,49.34,2.12,46.85,5.02,30.52,65.49,3.21,40.2,-0.14
157.71,12.7,77.39,117.73,93.81,98.87,119.6,5.03,19.38,31.76,55.68,17.67,66.52,14.05,30.76,71.22,8.12,54.84,3.43,53.37,6.34,28.5,64.74,3.14,44.11,0.3
153.26,9.87,74.77,126.38,77.01,98.59,116.75,3.54,16.33,32.24,40.48,11.49,69.99,14.62,29.43,77.92,8.21,52.91,2.35,52.37,6.33,28.75,67.25,2.81,37.7,-0.34
166.22,13.09,43.77,123.5,90.34,99.4,125.73,3.48,15.28,33.06,50.02,14.54,66.39,15.93,30.06,76.22,10.05,54.68,3.48,49.95,6.0,30.57,68.84,3.92,44.67,0.38
155.58,9.08,55.01,121.7,88.42,100.71,106.31,2.57,14.05,26.3,39.64,8.29,66.07,14.78,28.41,77.52,7.86,55.8,2.84,48.14,5.19,29.0,64.25,2.36,36.84,-0.41
161.24,9.69,52.72,119.95,91.63,96.63,112.39,2.75,16.43,27.81,43.39,11.31,67.94,15.13,29.61,77.31,7.49,58.14,3.16,48.03,5.04,31.98,66.24,2.5,39.64,-0.16
153.71,9.9,56.12,126.81,80.47,106.17,116.61,3.13,19.29,33.12,43.89,15.8,66.9,14.63,30.92,74.54,7.75,53.39,2.59,50.31,5.62,31.98,66.21,2.84,40.54,-0.09
150.58,7.84,76.08,114.85,86.82,91.98,109.22,3.09,15.04,27.05,45.58,11.77,59.56,13.11,26.23,67.66,6.59,49.09,2.01,47.74,5.27,27.11,60.71,2.38,39.48,-0.22
174.11,11.73,42.25,131.14,87.36,104.78,125.21,2.96,14.25,31.64,38.75,10.28,65.11,16.01,28.57,79.19,9.16,54.19,2.79,48.98,5.67,28.95,71.54,3.65,41.66,0.02
133.38,14.33,79.41,117.08,79.69,99.88,95.23,4.96,15.91,25.68,41.69,11.3,62.12,11.63,29.21,67.33,5.11,50.05,1.72,48.33,4.51,29.77,57.32,1.49,34.03,-0.62
156.32,12.11,73.53,131.73,72.31,101.01,122.86,4.45,20.14,35.19,38.72,13.55,70.59,15.61,30.33,77.53,9.0,51.09,2.24,56.74,7.71,26.66,67.61,3.17,38.18,-0.33
128.58,7.24,63.57,111.17,71.17,88.11,93.63,2.54,12.35,24.09,36.48,6.91,58.77,12.0,26.57,66.62,5.48,44.94,1.0,46.2,4.62,29.13,57.02,1.62,29.82,-1.11
163.17,11.71,48.37,124.54,80.75,100.43,127.05,3.39,17.38,34.47,45.17,13.29,66.39,15.81,29.63,81.48,11.3,51.38,2.52,50.99,6.18,29.31,70.79,4.02,43.96,0.27
165.07,11.75,73.14,132.19,77.27,102.3,132.56,4.37,20.24,37.48,44.31,15.88,67.64,15.76,30.28,73.87,9.99,51.31,2.89,55.57,7.97,27.95,67.66,4.03,42.4,0.12
141.97,8.73,76.54,122.85,80.22,102.64,99.31,2.99,14.86,25.59,37.61,9.39,62.24,12.35,30.41,67.55,6.92,49.42,2.14,50.68,5.15,27.46,59.24,2.26,33.59,-0.86
132.13,8.16,82.86,116.66,77.78,94.69,93.74,4.03,12.67,24.65,39.44,8.59,55.83,10.61,26.29,64.15,5.59,45.29,1.2,47.88,4.87,25.07,57.55,1.92,31.61,-1.06
162.14,11.47,79.73,119.35,79.61,94.05,117.43,4.07,14.89,28.66,34.79,6.84,71.52,16.2,27.9,78.2,8.22,53.68,2.53,53.55,7.45,24.72,65.58,2.59,34.73,-0.62
148.62,8.28,60.8,128.42,69.43,99.82,112.34,2.61,15.74,31.59,34.13,8.15,61.43,13.64,27.99,71.27,8.26,45.52,1.34,50.42,5.65,26.74,64.37,3.13,36.98,-0.52
147.86,8.4,72.2,123.27,65.48,90.43,114.81,3.08,15.83,31.26,32.79,7.92,65.35,14.37,26.73,72.0,6.55,46.27,1.19,52.16,6.8,24.69,65.6,2.59,32.39,-0.83
167.19,14.21,40.8,130.2,77.06,101.57,125.44,3.77,14.16,33.16,35.06,8.55,72.23,16.55,32.55,84.45,11.82,54.9,3.12,53.06,6.5,30.88,70.09,3.69,40.08,-0.14
161.95,15.95,69.99,130.01,78.12,103.36,124.6,6.17,22.97,34.69,40.61,14.27,71.57,15.57,29.98,75.6,7.96,53.06,2.52,57.56,7.81,25.01,68.92,3.2,37.92,-0.34
152.47,9.05,64.98,111.26,87.44,91.12,105.38,2.98,16.02,24.77,40.57,9.31,64.11,13.09,29.96,69.59,6.65,52.67,2.55,49.33,4.86,29.77,61.28,2.27,37.3,-0.41
150.51,10.63,78.86,123.62,76.61,94.42,113.7,4.89,15.97,31.29,39.79,10.37,61.95,11.88,29.62,69.8,7.77,47.84,1.83,52.15,5.64,28.0,61.71,2.69,37.57,-0.44
145.96,7.72,68.57,113.13,95.29,94.94,92.45,2.72,14.19,21.18,41.9,8.84,57.6,12.44,26.64,63.13,5.04,51.56,2.39,46.77,4.72,25.6,58.7,1.98,34.27,-0.74
187.31,22.75,65.38,137.16,95.65,108.92,140.05,7.52,23.86,37.08,47.95,16.13,87.22,18.38,37.21,93.56,11.62,68.97,5.09,62.78,8.88,29.59,78.36,3.89,45.65,0.34
137.14,8.56,78.48,115.7,67.52,91.65,104.65,2.94,13.95,29.02,35.28,7.01,64.09,14.21,26.87,74.84,6.96,46.83,1.24,50.85,6.46,24.39,61.8,2.03,32.09,-0.84
147.83,11.84,77.71,122.73,80.95,99.9,108.79,4.78,18.65,29.12,41.94,13.03,59.69,12.68,28.12,65.58,6.83,46.66,1.69,50.62,5.51,25.94,60.62,2.68,38.49,-0.37
131.24,6.28,60.19,119.28,74.59,97.66,91.38,2.11,12.66,23.66,34.99,6.78,55.57,11.83,25.95,62.79,5.14,44.97,1.14,44.57,4.56,28.4,56.17,1.72,29.32,-1.32
154.93,7.53,53.66,121.06,93.22,101.35,105.98,2.23,16.03,26.8,44.68,11.87,58.74,13.53,27.08,68.03,6.15,52.04,2.43,46.02,4.53,28.66,62.22,2.39,40.11,-0.14
193.41,17.72,66.55,137.33,90.83,102.36,144.27,7.06,21.34,36.05,41.27,12.16,75.04,17.2,32.3,85.12,12.33,56.51,3.59,58.24,7.82,27.54,74.27,4.51,43.54,0.22
165.75,13.37,78.9,134.4,67.18,93.5,140.36,5.44,23.83,40.63,41.63,16.36,72.1,16.03,33.37,78.17,11.21,51.62,2.81,60.94,8.63,29.39,72.03,4.68,42.79,0.16
164.37,12.33,74.11,122.92,89.1,102.31,116.68,4.87,16.45,29.58,41.33,9.56,64.99,14.51,28.44,72.86,8.59,51.8,2.71,52.46,6.46,25.57,64.27,3.05,38.77,-0.31
138.1,13.04,73.12,124.64,74.07,103.72,96.76,5.92,13.74,24.51,32.26,7.46,63.97,13.68,27.68,70.08,6.7,48.32,1.7,47.43,5.68,26.36,52.88,1.22,28.18,-1.37
123.91,5.47,44.91,111.19,75.03,92.92,83.56,1.51,10.94,20.91,35.11,6.25,52.56,9.7,27.35,61.72,4.02,45.14,0.96,43.39,2.93,33.47,54.05,1.19,29.99,-1.01
152.54,7.83,53.16,127.77,82.38,107.58,112.42,2.39,16.84,30.64,42.69,13.28,59.42,12.26,28.9,66.49,6.75,48.84,2.06,47.02,4.43,32.13,61.6,2.68,39.87,-0.18
152.61,10.38,42.73,121.51,71.59,92.99,128.7,3.25,16.78,37.51,48.02,17.85,64.04,15.25,27.05,73.15,6.97,48.86,1.67,49.37,6.01,28.94,72.29,3.56,44.18,0.26
142.59,10.41,86.38,113.64,71.23,90.01,117.35,4.68,19.03,33.31,46.15,15.75,64.23,12.38,28.86,68.56,6.38,46.8,1.4,52.98,6.09,27.93,64.69,2.75,39.72,-0.17
170.06,10.34,36.06,116.73,87.55,90.92,122.56,2.65,12.09,28.95,40.69,9.34,61.09,14.75,28.88,75.64,9.5,50.36,2.36,47.82,5.09,29.97,67.91,3.63,42.04,0.06
159.29,12.06,81.13,118.31,93.39,94.16,107.13,4.36,15.45,25.12,41.29,10.03,65.57,13.63,29.64,72.71,7.31,54.11,2.77,50.56,5.27,27.69,62.02,2.3,37.34,-0.39
150.84,7.88,36.74,115.58,85.6,89.33,110.68,2.33,12.1,28.77,46.87,12.23,58.66,13.58,27.78,70.08,7.17,49.78,2.1,46.67,4.65,29.42,65.28,3.0,42.38,0.1
159.22,17.51,64.09,137.27,74.22,110.87,120.86,6.75,17.07,34.36,35.26,9.87,72.49,15.0,32.03,84.89,10.51,53.45,2.48,58.15,7.4,26.66,67.03,2.82,35.9,-0.5
136.07,8.25,72.94,117.11,67.66,90.44,102.77,3.06,13.49,28.19,34.49,6.34,64.87,12.59,28.06,74.97,6.77,46.47,1.11,50.2,5.27,28.27,61.24,1.87,31.44,-0.82
138.59,10.86,78.19,120.54,75.92,98.17,102.67,4.27,15.7,28.38,40.05,11.01,65.67,12.95,29.29,71.22,6.36,50.87,1.96,51.54,5.66,26.87,61.03,2.0,34.12,-0.65
138.52,8.18,62.08,121.51,70.94,96.76,102.39,2.44,14.08,27.38,35.45,8.64,60.55,13.17,28.19,71.31,7.58,45.92,1.31,50.66,5.72,25.2,61.77,2.49,33.32,-0.86
138.84,9.41,81.61,116.99,70.51,94.03,108.8,4.36,15.68,30.14,40.49,11.7,62.35,13.59,26.11,69.95,6.29,45.88,1.18,51.44,6.57,23.94,61.96,2.23,35.62,-0.56
161.05,10.13,52.92,127.95,82.86,105.68,119.14,3.11,17.95,32.23,41.61,13.92,65.09,15.31,30.15,73.34,8.77,51.26,2.57,50.05,5.77,29.97,65.44,3.23,40.92,-0.06
147.2,11.41,84.56,116.2,73.6,92.55,108.26,4.99,13.22,26.87,34.63,6.83,61.37,12.66,28.21,69.96,7.91,47.15,1.72,53.3,6.29,24.35,60.43,2.53,33.42,-0.94
153.51,13.44,75.62,126.28,80.27,100.39,112.29,4.67,17.27,30.02,39.08,10.79,67.29,15.63,28.05,74.8,8.16,51.22,2.31,53.78,7.26,24.24,62.92,2.52,36.35,-0.52
155.88,12.01,37.34,120.66,80.23,95.5,116.35,3.15,12.6,29.93,41.06,10.5,66.56,16.07,29.7,83.83,9.92,54.44,2.65,49.63,5.96,29.42,68.85,3.02,40.43,-0.1
137.03,8.21,60.83,117.94,74.19,92.62,104.12,2.61,17.84,28.96,41.71,12.73,62.69,12.92,28.32,66.66,5.54,48.76,1.68,49.12,5.21,29.17,61.99,2.24,36.62,-0.46
139.37,7.95,34.36,120.88,73.37,99.06,102.95,2.09,11.09,28.99,37.63,10.05,56.16,12.57,27.05,65.16,6.44,44.78,1.21,46.27,4.54,28.6,61.3,2.69,37.73,-0.44
142.57,12.36,80.41,121.89,71.55,95.18,115.99,5.53,20.77,34.79,44.91,16.92,63.76,12.55,30.28,67.08,7.03,47.32,1.75,54.65,6.64,27.65,62.66,2.9,39.3,-0.25
148.0,7.62,69.16,111.99,86.7,87.46,110.9,3.54,20.78,28.87,49.67,14.98,57.21,10.91,29.14,62.76,5.73,47.6,1.81,48.19,4.24,30.05,62.14,2.82,42.18,0.08
146.36,12.54,83.5,114.26,94.51,95.57,93.98,3.99,14.77,21.8,42.23,9.22,65.71,13.89,27.71,70.19,5.75,57.24,3.02,46.55,4.64,28.86,57.49,1.52,34.46,-0.6
182.28,14.18,67.73,124.67,78.73,87.24,149.14,4.57,19.37,37.6,46.12,13.41,71.09,17.9,30.0,83.35,13.06,53.25,3.22,54.93,8.28,28.42,74.06,5.02,46.38,0.6
171.69,10.52,49.73,124.5,95.13,100.44,126.67,3.27,17.06,33.01,50.87,13.93,67.14,15.61,30.53,77.67,9.9,56.11,3.58,49.3,5.57,32.08,66.51,3.28,44.16,0.29
153.29,10.3,77.26,128.41,71.45,93.83,123.27,3.82,17.87,35.33,41.59,13.18,67.78,15.21,29.13,76.69,9.72,49.72,2.19,54.6,7.58,26.82,66.05,3.28,39.99,-0.17
164.03,10.66,39.5,130.51,79.88,103.22,120.99,2.78,13.47,31.46,37.26,9.34,63.61,15.91,27.68,84.0,9.86,52.02,2.21,47.75,5.67,29.34,69.4,3.09,38.9,-0.24
173.94,13.08,69.43,132.59,79.36,101.76,135.97,4.53,21.04,35.96,41.51,14.11,73.25,17.3,31.76,82.43,12.25,54.21,3.31,57.09,8.09,28.25,71.84,4.41,43.15,0.19
157.01,10.98,78.85,120.74,91.78,95.92,99.63,4.75,12.18,23.38,34.39,4.79,62.6,14.23,26.21,78.04,7.95,52.46,2.25,47.62,5.63,24.34,59.73,1.84,31.05,-0.96
172.17,12.19,74.57,132.59,73.27,94.48,133.84,4.12,19.09,34.07,35.47,11.16,72.79,18.14,29.41,82.96,11.4,52.16,2.64,56.73,8.72,26.0,71.4,4.0,39.46,-0.22
135.83,8.62,33.64,115.32,69.12,91.89,105.98,2.46,11.65,28.99,39.96,11.92,59.21,12.74,28.04,65.96,6.39,45.16,1.23,46.99,4.75,30.94,60.87,2.5,38.12,-0.37
160.85,14.92,59.1,131.87,68.4,99.77,131.02,4.38,20.37,37.23,38.56,13.23,75.51,18.36,29.96,86.97,10.36,55.29,2.71,57.02,8.77,26.24,76.66,3.97,40.81,-0.06
153.68,11.74,54.98,131.31,66.41,96.55,132.97,3.8,22.08,41.64,45.92,19.8,65.24,15.3,28.53,72.61,8.88,47.04,1.72,51.57,6.89,29.05,70.22,4.23,44.34,0.34
154.22,9.58,59.3,128.44,69.02,98.77,122.91,3.27,21.73,35.7,38.57,13.84,64.77,15.85,28.15,74.97,8.08,47.87,1.61,50.79,6.83,28.2,67.01,3.05,38.88,-0.26
167.76,11.13,75.71,125.9,90.06,99.43,124.81,4.28,19.47,32.69,46.88,13.94,66.9,14.01,31.89,72.27,8.88,53.58,3.25,52.8,5.95,30.33,65.85,3.47,42.95,0.17
147.09,11.2,78.37,122.97,69.6,96.03,116.47,4.52,16.81,32.69,39.08,11.75,63.82,12.8,30.7,75.61,10.21,46.55,1.61,54.42,6.22,27.59,63.26,3.07,38.03,-0.41
135.85,11.03,81.48,114.68,80.04,96.91,91.24,4.79,12.98,22.09,35.48,6.33,57.25,10.35,28.76,62.48,5.41,46.1,1.42,47.87,4.49,26.92,54.77,1.63,30.13,-1.26
163.46,14.51,72.23,128.15,83.08,101.92,119.3,5.61,18.0,30.15,38.7,11.79,63.42,13.79,29.59,71.02,8.9,48.77,2.24,53.01,6.11,26.53,63.57,3.26,38.71,-0.34
139.33,10.68,79.78,120.06,81.35,97.7,95.96,4.44,13.2,24.21,38.02,8.26,60.53,12.13,27.99,69.45,6.09,49.48,1.77,47.77,4.83,27.55,57.6,1.66,31.85,-0.89
149.22,9.28,84.71,119.7,67.84,88.93,120.86,4.71,17.95,32.42,39.54,12.79,63.34,13.09,27.64,70.0,7.21,45.28,1.2,53.73,6.67,25.25,65.83,3.11,37.44,-0.43
166.03,12.37,80.74,117.31,91.06,93.2,116.62,4.67,16.34,27.98,41.69,9.24,68.56,14.12,30.91,74.31,8.25,54.76,3.07,52.78,5.93,28.54,64.75,2.82,38.85,-0.27
184.7,12.69,51.88,124.91,88.12,94.53,141.7,3.59,17.43,34.34,45.22,12.48,66.56,17.07,29.24,82.63,12.95,52.45,3.06,50.21,6.76,29.98,68.76,4.06,42.91,0.17
167.71,14.35,78.52,128.1,72.32,89.07,133.03,5.96,16.73,36.09,37.51,9.13,71.07,15.04,32.02,86.86,13.59,51.16,2.47,58.57,7.75,28.09,68.52,3.66,39.81,-0.18
147.32,9.13,79.43,121.19,73.7,96.05,114.35,4.36,18.71,31.84,40.66,13.03,63.39,12.7,28.21,68.03,6.12,47.48,1.5,51.58,5.79,27.3,64.16,2.63,37.09,-0.43
159.34,16.33,77.31,123.51,89.67,98.12,112.56,5.79,15.96,29.4,42.94,9.3,70.17,15.73,29.96,81.31,9.71,56.23,3.18,55.11,7.07,24.34,65.28,2.7,37.74,-0.36
153.75,7.46,51.28,121.0,94.06,102.31,101.84,2.29,14.6,25.03,42.39,11.24,59.57,11.98,29.33,67.95,5.89,53.38,2.56,46.49,3.93,31.46,61.87,2.23,38.08,-0.32
161.96,8.19,57.98,118.89,86.29,91.84,119.62,2.9,16.18,29.97,44.33,11.63,61.95,13.97,28.34,76.7,8.82,50.03,2.05,48.69,5.22,29.18,65.99,2.96,41.26,-0.02
146.09,6.29,53.51,109.34,88.86,90.2,97.83,1.95,12.9,22.79,40.93,7.65,54.88,11.31,27.3,63.43,6.25,47.26,1.85,46.23,4.17,27.74,59.23,2.49,38.3,-0.39
197.88,12.83,80.21,125.99,78.78,84.16,176.34,5.63,22.02,43.96,57.46,18.7,75.28,18.89,30.41,95.99,16.19,54.3,3.03,57.9,9.46,29.26,81.48,5.7,49.64,0.89
150.17,9.49,53.34,124.78,69.78,94.52,121.75,3.31,18.16,35.96,42.43,13.45,66.67,14.78,29.44,79.5,8.85,50.02,1.86,51.04,6.26,30.55,68.76,3.08,40.44,-0.1
156.05,8.52,43.16,115.09,81.26,90.04,119.6,2.75,15.17,31.13,45.91,12.68,62.77,14.44,28.16,75.62,7.41,51.66,2.1,47.25,5.06,31.56,67.44,2.79,41.21,-0.02
132.53,6.0,45.74,114.45,84.78,96.94,85.68,1.47,10.88,20.16,38.51,8.55,53.7,10.82,26.67,59.23,4.22,48.24,1.77,43.82,3.76,29.92,55.15,1.58,32.11,-0.99
150.21,13.9,78.09,116.9,92.47,101.38,96.98,4.6,13.26,22.82,39.24,6.79,66.06,13.85,29.07,73.78,7.5,54.89,2.9,49.57,5.32,26.21,58.26,1.8,33.61,-0.75
145.43,13.06,80.73,120.45,72.15,93.45,114.37,5.84,17.8,31.53,41.12,13.27,63.24,13.04,28.62,71.2,7.17,46.59,1.38,53.59,6.41,25.64,63.07,2.54,37.19,-0.43
163.85,13.49,76.95,119.65,93.33,99.09,115.29,5.08,16.36,27.86,44.89,12.09,66.84,15.54,27.9,75.83,7.92,54.62,2.82,52.47,6.76,24.25,65.54,2.71,38.92,-0.25
174.08,11.55,72.2,141.26,66.14,100.72,148.45,4.54,20.36,43.6,41.05,16.09,71.28,16.4,30.38,84.65,12.68,51.45,2.57,57.06,8.34,28.55,75.6,4.96,44.27,0.31
181.61,12.37,77.25,131.56,72.62,91.84,151.94,4.76,19.09,41.06,43.28,13.07,71.15,17.01,30.25,81.94,11.91,52.42,2.86,56.29,8.46,28.69,75.5,5.06,45.28,0.44
168.03,16.72,80.27,131.03,61.06,90.93,147.04,7.16,19.7,43.0,39.93,13.13,75.59,17.8,31.72,92.13,15.36,52.57,2.77,65.35,10.18,27.27,75.75,4.86,42.86,0.15
163.58,10.73,65.87,123.22,89.31,101.64,120.56,3.37,21.35,31.82,46.52,14.42,67.95,15.49,30.5,73.01,8.55,54.79,3.36,51.19,6.26,30.09,64.93,3.11,41.65,0.02
173.73,12.82,65.0,128.48,84.1,99.12,142.33,4.68,24.86,39.21,53.09,20.59,75.49,17.75,31.62,82.28,10.43,57.83,3.63,55.62,8.01,30.39,75.08,4.31,47.04,0.57
148.97,10.59,81.49,120.74,72.67,92.0,115.45,4.54,16.38,31.42,39.14,10.16,63.7,12.99,29.24,72.31,8.68,47.23,1.72,53.29,6.33,26.78,62.36,2.82,37.86,-0.42
173.11,10.4,58.02,129.96,79.96,98.93,131.98,3.48,16.09,34.1,39.7,11.14,67.43,15.2,31.6,85.17,13.96,51.17,2.66,52.5,6.23,30.6,69.32,4.1,41.95,0.05
157.5,9.11,68.42,119.14,92.75,97.6,114.98,3.6,17.88,29.99,50.34,13.98,63.33,12.68,28.57,73.66,6.38,54.42,2.39,47.79,4.36,31.91,65.81,2.38,41.98,0.04
167.94,11.74,77.93,121.31,91.21,93.99,123.42,4.02,16.92,30.99,46.58,11.66,71.48,17.1,28.35,77.52,8.81,57.36,3.56,52.6,7.45,26.64,66.85,3.02,41.68,0.02
184.72,11.74,63.72,135.21,93.88,108.54,134.15,4.14,17.53,34.71,42.71,10.71,71.91,16.57,31.01,86.55,12.37,57.2,3.61,52.88,6.66,29.64,70.57,3.71,42.45,0.1
165.33,8.99,66.39,131.75,90.12,111.55,110.61,2.55,16.0,27.21,35.53,8.35,62.54,14.47,28.52,70.63,7.96,51.48,2.66,48.48,5.25,28.43,61.82,2.69,37.64,-0.44
194.82,14.32,62.66,143.16,78.23,105.86,161.33,5.48,20.89,44.27,44.64,15.04,74.99,19.11,31.91,93.0,18.16,55.25,3.87,58.7,9.38,29.03,77.64,6.01,47.48,0.77
169.48,19.09,66.53,141.5,68.75,107.15,137.85,7.97,18.47,41.63,35.68,10.04,76.81,17.6,33.44,92.43,15.52,56.64,3.68,65.58,9.42,27.79,72.7,4.29,39.83,-0.18
135.38,7.51,49.98,119.98,77.33,101.3,105.36,2.38,17.05,31.27,48.02,17.48,58.49,11.81,28.51,62.6,5.55,47.11,1.67,47.29,4.47,31.0,61.29,2.62,40.83,-0.07
168.22,21.29,81.44,124.71,70.21,88.26,146.49,9.66,22.2,41.11,48.45,16.93,79.15,16.73,34.93,93.26,12.84,57.16,3.08,67.56,9.43,28.09,79.79,4.56,45.72,0.38
140.75,7.33,76.89,121.23,74.5,96.56,101.91,2.52,14.09,27.41,35.79,7.64,59.18,12.92,26.79,67.33,6.55,45.57,1.29,49.37,5.51,24.7,59.96,2.29,34.34,-0.78
137.78,8.81,75.32,122.64,75.55,105.88,102.11,3.82,15.97,28.24,39.9,11.98,61.04,13.12,26.66,69.18,5.65,48.2,1.47,48.33,5.6,26.32,61.29,1.98,32.39,-0.81
142.25,9.01,72.59,120.45,70.72,91.7,107.44,2.95,15.71,29.49,36.17,8.76,64.52,14.19,28.6,73.83,7.08,48.96,1.65,51.56,6.3,26.17,62.87,2.25,34.27,-0.66
143.03,14.6,81.47,122.35,66.61,90.91,113.08,5.82,15.89,31.76,36.75,9.74,63.22,12.29,31.43,74.94,9.83,45.52,1.37,55.02,5.9,27.35,61.86,2.79,36.32,-0.6
166.68,10.88,39.71,120.58,89.11,90.43,124.47,2.95,13.76,31.61,47.51,14.19,63.11,16.05,27.96,76.1,8.39,53.3,2.68,47.65,5.55,29.64,68.99,3.34,43.2,0.17
137.77,6.8,46.53,110.28,83.55,88.83,94.28,1.89,12.88,22.58,40.6,8.17,56.77,10.66,29.25,64.53,6.23,47.86,1.86,46.8,3.77,29.66,58.9,2.29,36.82,-0.53
163.35,9.32,57.13,121.01,90.44,96.11,119.87,2.95,16.51,30.77,47.48,12.34,65.69,15.79,27.89,77.65,8.52,54.66,2.85,48.71,5.75,28.66,66.65,2.88,42.5,0.1
129.17,6.86,76.84,112.84,71.7,93.24,99.96,2.86,14.91,27.9,42.7,12.32,56.22,10.84,26.3,62.96,5.1,43.3,0.79,47.82,4.58,27.68,58.95,2.05,36.49,-0.51
174.22,12.39,67.72,139.75,75.94,104.7,141.18,4.46,23.85,40.28,43.18,16.66,73.26,17.42,31.72,84.27,11.91,53.75,2.94,55.71,7.85,29.77,74.2,4.46,44.17,0.29
180.17,13.62,69.97,133.48,82.49,103.91,137.83,5.45,21.81,35.73,39.88,12.36,68.62,16.3,30.37,74.48,10.0,51.99,3.0,55.6,7.57,27.44,69.82,4.36,42.62,0.14
156.82,15.75,74.97,130.33,72.89,97.67,121.19,6.88,16.98,33.88,37.04,10.48,70.06,14.93,30.65,81.66,10.19,51.54,2.29,58.6,7.71,24.73,66.86,3.01,36.0,-0.54
141.79,7.76,44.57,117.29,86.52,100.88,95.9,1.9,12.54,23.73,41.75,10.86,57.72,12.2,28.52,62.16,5.89,49.23,2.33,45.73,3.98,30.38,57.18,2.17,38.44,-0.37
140.83,11.49,73.21,127.22,74.44,103.02,101.34,4.38,13.88,28.42,34.8,6.94,66.32,13.82,28.17,75.94,8.07,50.13,1.96,51.75,6.21,24.42,59.1,1.9,31.34,-0.98
149.44,10.14,39.19,122.88,75.45,99.54,113.41,2.73,13.4,29.99,39.75,12.18,61.49,13.51,29.39,71.39,8.67,48.34,2.03,48.21,5.08,31.22,62.21,2.89,39.5,-0.24
159.44,11.41,73.38,131.21,68.6,97.43,132.18,4.23,25.11,39.21,41.45,16.95,71.01,15.1,31.91,75.34,9.11,50.15,2.22,56.33,7.51,30.18,69.67,3.81,41.5,0.0
157.97,13.92,80.31,124.9,73.47,91.5,127.08,6.84,19.98,34.46,42.61,14.44,66.5,13.04,31.0,74.9,8.92,48.44,1.84,55.98,6.39,27.48,68.43,3.57,40.28,-0.13
158.85,12.1,52.41,123.95,80.29,98.17,119.29,3.31,17.11,32.03,41.19,10.36,69.03,16.07,29.09,77.15,8.8,53.58,2.74,51.25,6.39,28.15,69.3,3.41,40.52,-0.1
135.72,7.04,80.18,121.18,69.72,92.11,98.46,3.4,13.18,27.53,32.52,5.09,60.47,12.63,25.63,67.66,5.28,45.69,1.05,46.54,5.08,27.48,58.19,1.63,28.52,-1.18
158.61,7.73,44.12,122.25,88.85,100.39,117.08,2.46,14.25,31.0,48.01,13.46,59.23,12.24,29.55,70.91,7.8,50.34,2.29,47.18,4.21,32.34,65.8,3.22,42.96,0.16
171.2,11.99,77.32,125.19,75.09,95.0,132.84,5.14,16.24,34.31,36.46,8.65,74.17,16.43,28.32,86.01,10.03,53.46,2.36,55.61,8.05,25.79,71.66,3.25,37.7,-0.33
148.22,7.62,69.13,112.69,85.03,91.03,109.11,2.74,16.11,27.51,46.14,12.2,58.75,13.03,27.24,65.78,6.79,47.71,1.91,48.2,5.15,27.32,61.53,2.79,40.97,-0.06
141.17,7.86,62.84,117.26,74.96,94.16,107.59,2.6,15.38,29.49,41.82,10.89,60.84,12.4,28.86,69.74,7.5,46.87,1.57,49.27,5.04,29.15,61.58,2.58,38.6,-0.32
140.32,10.16,84.85,117.85,67.36,91.43,108.33,4.39,13.83,28.65,35.44,8.6,62.31,11.78,30.22,76.06,9.64,45.07,1.19,54.17,5.63,25.93,61.57,2.58,33.83,-0.83
162.76,13.36,80.53,123.89,81.74,91.8,121.69,4.74,19.21,31.23,40.66,11.39,66.42,15.25,30.16,73.19,9.76,50.38,2.66,54.52,7.09,26.87,64.36,3.43,39.6,-0.24
142.48,8.12,85.32,116.09,79.08,90.15,106.1,3.72,15.67,28.0,42.77,11.53,56.91,10.54,28.36,62.66,5.95,45.53,1.42,48.83,4.54,28.25,59.85,2.56,38.74,-0.33
127.07,8.49,85.34,113.16,70.94,92.45,94.16,3.42,13.66,25.51,38.19,8.79,58.26,11.35,27.41,66.49,5.47,44.72,0.96,48.18,4.85,26.52,56.56,1.57,31.86,-0.91
136.5,8.37,84.38,117.08,72.5,93.27,97.89,3.26,13.43,25.88,33.94,5.97,61.0,11.22,30.26,66.54,6.97,46.4,1.56,51.41,5.21,26.02,57.7,2.15,30.7,-1.25
137.43,9.28,34.18,116.86,71.12,95.19,105.74,2.55,11.59,28.46,39.9,11.56,59.07,14.02,27.61,72.09,8.15,45.92,1.39,47.39,5.36,28.29,62.18,2.67,38.28,-0.36
181.93,14.34,73.58,132.69,72.24,92.44,152.48,5.51,20.39,41.34,42.71,13.35,77.3,18.82,31.62,90.63,14.99,56.49,3.75,61.6,10.41,28.41,75.98,5.0,44.47,0.34
159.57,8.57,52.9,121.72,82.71,89.92,116.21,2.81,16.06,28.67,39.81,10.25,64.92,13.69,29.8,78.93,8.1,52.72,2.2,48.76,4.84,32.16,66.89,2.62,38.9,-0.22
151.58,8.72,70.15,114.9,80.95,91.85,105.58,3.13,13.29,25.29,35.08,6.53,65.23,13.9,27.64,74.89,7.32,51.28,2.05,49.31,5.54,27.09,61.79,2.1,33.17,-0.75
162.0,11.11,62.53,115.74,76.73,87.67,129.19,3.85,17.04,33.27,44.77,12.05,68.82,16.15,30.41,81.43,12.01,51.59,2.72,53.91,7.47,28.73,67.94,3.76,42.43,0.11
149.23,13.63,84.72,116.37,74.2,88.34,119.05,6.03,16.52,32.42,44.05,12.55,66.49,13.16,30.92,76.19,9.35,49.57,2.08,55.8,6.7,27.28,64.58,2.96,39.55,-0.21
154.2,8.42,54.79,126.06,71.74,93.19,117.82,2.7,15.26,32.8,36.61,8.56,61.49,14.09,27.25,73.86,8.83,46.7,1.56,49.31,5.87,27.48,65.57,3.23,38.59,-0.33
134.03,8.12,39.13,114.44,70.5,92.28,104.76,2.56,13.53,29.75,42.47,14.53,60.44,12.19,29.75,66.72,5.88,46.67,1.37,48.6,4.72,31.42,63.31,2.55,38.21,-0.32
164.56,11.74,76.61,128.19,66.2,92.76,137.87,4.49,19.03,38.44,39.83,12.94,69.75,16.47,30.33,82.31,13.03,49.86,2.46,57.28,8.36,27.16,71.24,4.61,43.03,0.19
158.41,10.13,61.14,132.34,84.25,109.6,115.59,3.05,20.13,32.46,41.99,13.62,65.5,14.74,30.63,71.7,8.45,52.13,2.83,50.53,5.65,29.73,64.9,3.23,40.75,-0.09
188.52,18.17,46.48,128.45,76.06,89.2,155.61,5.65,18.18,38.73,43.03,13.3,84.82,19.46,36.11,99.63,14.37,63.02,4.07,60.27,8.64,31.67,86.96,5.47,49.73,0.72
132.37,7.01,49.35,114.36,80.05,98.22,91.0,1.95,13.0,23.82,39.09,8.02,57.51,11.52,28.09,64.57,5.05,48.76,1.69,45.59,4.01,31.46,57.3,1.67,32.56,-0.84
191.62,11.57,54.88,134.25,91.31,98.45,144.1,3.85,19.03,36.27,44.41,12.7,72.05,18.58,29.58,91.6,12.1,58.41,3.38,51.44,7.03,29.2,77.47,4.18,44.58,0.28
149.48,9.35,64.45,122.9,83.44,102.61,99.69,2.52,14.51,24.56,33.88,6.84,64.07,13.72,30.38,70.21,7.63,51.34,2.54,50.24,5.27,27.29,59.15,2.22,33.16,-0.9
143.86,12.32,79.58,119.69,75.24,97.05,103.73,5.25,13.07,26.37,35.07,7.29,63.3,11.68,31.4,74.61,9.39,48.53,1.97,54.28,5.44,25.72,60.25,2.44,32.09,-1.04
144.03,10.93,86.17,115.9,87.16,91.11,99.49,4.35,14.56,25.08,42.69,9.77,61.55,11.44,28.92,67.68,5.86,50.95,2.1,48.78,4.44,29.0,58.76,1.85,36.62,-0.45
169.54,9.05,62.46,129.15,97.23,109.46,116.79,3.01,18.3,29.45,44.4,12.59,62.57,13.39,30.9,71.38,8.55,52.85,3.06,48.78,4.66,31.32,63.7,3.1,42.01,0.06
146.97,9.39,79.25,122.44,83.16,97.13,107.78,3.44,16.03,28.75,44.11,12.68,61.52,13.16,28.81,67.54,7.66,49.41,2.39,50.38,5.43,27.11,62.31,3.03,40.09,-0.17
149.76,9.53,73.23,131.08,69.97,100.19,111.96,3.42,15.33,30.0,32.13,8.49,65.95,14.81,27.23,71.98,7.43,47.35,1.55,54.05,7.14,23.22,62.91,2.55,32.72,-0.91
159.75,10.94,82.95,118.74,79.05,89.92,120.96,3.96,16.1,30.95,40.41,9.33,68.5,15.29,29.79,80.45,11.0,51.37,2.53,54.55,6.93,26.35,67.78,3.53,39.53,-0.21
176.88,11.0,73.72,128.09,86.84,97.48,137.34,4.25,22.79,35.59,47.26,16.17,67.72,16.4,29.11,75.82,9.78,52.0,2.81,52.8,7.19,28.07,69.38,3.98,43.65,0.25
162.63,8.88,43.44,121.07,88.38,96.18,109.99,2.35,13.19,25.67,37.24,8.28,60.7,15.14,28.08,73.35,9.08,50.03,2.4,47.63,5.27,27.85,63.35,3.02,39.03,-0.29
133.5,6.5,37.58,114.91,73.25,94.82,99.97,1.92,12.15,26.94,40.65,11.44,56.04,10.86,28.31,64.27,5.35,45.44,1.16,46.13,3.93,31.49,60.52,2.22,36.93,-0.46
135.1,6.94,64.21,118.59,72.82,92.04,100.54,2.43,16.14,27.8,38.58,10.5,58.12,12.93,25.43,64.04,4.76,45.93,1.16,47.69,5.52,25.22,61.67,2.15,32.73,-0.83
128.95,6.16,54.25,108.37,73.95,86.79,101.67,2.15,16.42,27.98,46.98,15.16,55.34,11.31,26.1,64.07,4.66,44.94,0.96,45.69,4.24,29.84,60.36,1.94,38.66,-0.26
146.61,7.7,58.8,120.73,85.74,101.1,95.96,2.58,12.61,23.48,35.22,5.89,61.29,12.45,28.88,71.1,6.57,51.71,2.19,46.95,4.41,30.92,59.42,1.88,31.43,-0.92
155.58,17.73,72.1,130.06,67.58,100.12,127.68,7.93,19.46,37.73,39.35,13.59,72.66,14.61,32.65,81.21,10.22,51.38,2.28,61.86,8.17,27.01,69.56,3.46,38.22,-0.32
160.16,10.65,46.68,124.13,80.05,102.25,124.01,3.05,16.68,33.59,44.3,13.71,62.24,14.27,29.17,71.5,8.95,48.88,2.23,48.94,5.58,30.68,65.65,3.58,41.92,0.05
146.91,9.51,75.4,128.86,74.86,100.75,113.52,4.11,17.1,32.49,41.47,13.72,64.35,13.62,28.3,74.06,7.73,48.52,1.69,52.31,6.23,26.35,64.66,2.67,37.52,-0.39
158.03,7.99,60.36,118.78,94.03,94.34,106.36,2.51,14.4,25.02,42.66,10.23,59.7,13.81,28.02,70.32,7.92,50.75,2.52,48.0,4.93,27.16,62.93,2.89,40.31,-0.14
149.54,7.27,36.13,111.17,88.03,89.57,98.84,1.82,10.13,23.16,38.44,6.28,57.71,12.08,28.85,69.23,6.95,49.84,2.1,45.75,3.82,30.89,60.67,2.32,37.47,-0.42
142.55,7.55,50.1,124.62,69.01,95.09,102.65,2.19,12.25,27.62,30.02,3.86,59.98,12.5,28.29,75.82,8.46,45.41,1.13,50.52,5.39,25.32,61.72,2.32,30.49,-1.08
162.44,8.34,45.41,125.68,85.56,98.0,120.08,2.6,15.48,31.39,44.17,13.14,62.13,14.11,27.9,74.94,7.63,52.16,2.3,46.88,4.73,31.24,66.87,2.86,41.62,0.01
133.41,10.28,82.89,116.6,83.19,97.44,91.56,4.3,16.18,23.61,41.44,10.66,57.22,10.78,27.0,61.04,4.14,48.65,1.64,46.01,4.19,28.9,56.27,1.52,32.53,-0.83
133.05,7.41,64.26,120.78,75.87,101.37,97.08,2.29,16.85,27.15,40.17,12.19,58.8,12.58,27.05,62.84,5.02,47.39,1.57,47.4,5.17,27.15,58.78,2.01,33.8,-0.79
151.47,8.95,63.71,121.46,73.15,92.6,120.24,3.05,18.23,33.04,42.89,14.24,63.01,14.29,27.73,68.68,7.44,47.66,1.83,50.35,6.3,27.69,65.08,3.27,40.92,-0.07
135.18,5.9,35.86,112.1,76.72,87.36,97.59,1.7,10.97,25.79,39.83,8.72,54.67,10.49,27.39,65.91,4.75,46.88,1.19,44.16,3.3,34.4,60.95,1.88,35.55,-0.5
160.51,11.47,47.64,131.62,67.6,97.22,134.65,3.55,18.75,39.37,41.79,16.01,66.57,15.09,28.79,74.8,8.06,48.69,1.74,51.17,6.35,30.35,73.12,3.99,42.22,0.07
159.86,13.03,44.2,121.5,74.58,90.56,121.1,3.52,14.59,31.66,36.24,6.95,72.54,16.5,30.62,91.25,11.59,55.76,2.72,52.64,6.8,29.27,71.68,3.2,37.89,-0.3
156.57,9.65,48.06,117.71,89.69,91.5,108.1,2.62,14.66,26.63,42.29,11.2,63.66,14.49,29.83,69.62,7.52,53.01,2.96,48.76,5.01,29.3,64.19,3.02,40.35,-0.13
149.3,8.79,80.18,123.04,75.35,94.08,107.76,3.47,13.34,27.39,33.95,6.98,66.3,13.34,27.82,77.78,7.51,50.73,1.8,50.59,5.55,27.14,63.27,2.11,32.55,-0.74
187.86,18.25,65.19,141.35,79.06,105.52,154.88,8.61,21.62,43.47,45.19,15.09,71.79,16.82,33.52,85.09,14.37,54.26,3.55,60.03,8.39,29.5,74.5,5.29,46.25,0.59
140.19,11.94,76.58,120.82,72.54,99.15,99.3,5.0,13.79,27.33,31.55,4.3,67.25,13.74,28.11,74.46,7.25,49.63,1.77,49.53,5.8,25.59,56.24,1.48,28.21,-1.24
146.97,8.6,48.31,123.36,69.76,100.41,112.72,2.73,16.72,32.3,36.85,10.76,63.29,14.92,26.71,72.48,6.34,48.27,1.47,49.18,6.03,27.16,67.67,2.72,35.53,-0.52
166.42,10.02,66.56,134.51,72.09,103.29,134.08,3.9,18.47,37.72,39.25,13.07,68.16,15.79,27.87,78.82,9.82,49.68,2.07,53.52,7.74,27.0,68.71,3.5,39.74,-0.18
159.9,11.58,85.94,116.16,81.73,86.66,115.76,5.05,14.67,28.77,37.6,6.99,66.95,14.29,27.7,77.86,7.91,51.04,1.96,51.43,6.12,26.14,64.78,2.41,36.24,-0.46
155.28,8.56,70.65,117.78,77.3,86.82,117.18,2.96,15.51,29.34,39.66,9.9,61.56,13.35,27.97,67.06,7.07,47.73,1.87,50.01,5.69,27.7,64.08,3.16,39.77,-0.2
173.76,11.18,56.1,128.42,90.17,100.48,126.11,3.42,18.22,32.32,43.3,11.87,68.28,15.92,32.05,79.55,11.59,54.24,3.42,51.44,6.03,31.03,67.12,3.69,42.63,0.14
152.13,7.56,47.63,113.62,94.91,95.54,107.3,2.31,14.71,26.87,50.48,13.19,60.6,13.11,27.37,70.39,5.75,55.07,2.6,45.97,4.23,30.56,65.0,2.35,41.5,0.0
134.15,8.16,64.08,118.31,72.24,95.22,98.9,2.5,14.52,27.1,37.27,8.88,62.16,12.36,29.32,71.51,6.33,48.28,1.48,48.74,4.84,30.34,59.76,1.82,33.36,-0.7
173.78,12.21,79.91,130.77,71.49,91.67,146.5,5.43,19.97,41.0,44.2,13.59,69.97,15.55,31.88,81.24,12.35,51.58,2.79,57.99,8.06,29.25,73.05,4.85,44.6,0.38
129.01,6.27,59.29,112.55,75.89,88.88,95.11,1.92,16.13,25.48,42.28,12.29,54.61,10.78,27.49,59.45,4.84,44.47,1.15,46.37,4.02,28.53,57.17,2.08,37.72,-0.44
150.19,10.46,32.55,116.54,82.7,89.64,112.34,2.75,10.88,29.27,45.32,13.11,60.59,14.59,29.04,70.22,8.25,49.56,2.33,47.33,5.11,30.51,63.66,3.14,41.46,-0.0
134.83,8.0,81.67,118.46,75.09,97.08,99.43,3.5,15.86,27.28,39.73,11.21,59.12,12.82,25.97,67.05,5.16,47.08,1.29,47.8,5.42,25.59,59.9,1.83,32.78,-0.78
146.12,10.76,77.41,119.79,87.15,101.95,97.46,4.14,13.09,24.18,38.44,7.23,62.65,14.05,26.73,74.23,7.5,51.86,2.3,48.43,5.66,24.5,58.32,1.8,33.07,-0.82
157.7,9.74,44.9,123.59,95.87,106.43,97.17,2.13,11.19,22.07,36.59,7.31,63.34,15.56,28.47,72.68,8.13,55.4,3.41,47.06,5.17,27.37,60.27,2.32,34.91,-0.71
162.09,12.09,74.44,132.4,65.97,96.13,136.18,4.69,19.08,39.98,40.12,13.88,75.05,16.94,30.86,88.85,11.7,53.28,2.46,59.65,8.89,27.29,74.14,3.83,41.68,0.02
137.34,9.04,75.28,120.04,77.36,103.46,97.36,3.71,15.03,25.05,37.32,9.99,60.57,12.07,27.99,66.44,5.59,47.96,1.57,48.93,5.06,26.42,58.2,1.81,31.87,-0.92
139.63,10.76,80.45,124.68,70.63,96.01,100.84,4.34,15.76,26.49,31.88,7.35,60.08,11.67,29.37,65.22,6.52,44.6,1.17,52.58,5.5,24.25,58.32,2.24,29.96,-1.34
134.12,7.6,42.64,114.9,68.39,89.41,98.35,2.13,12.68,26.16,33.85,6.55,57.99,12.39,28.1,65.83,6.33,44.1,1.01,48.82,5.2,26.44,59.68,2.32,32.44,-1.0
153.85,7.53,57.95,118.42,99.95,99.03,92.91,2.39,12.85,20.58,39.22,8.03,59.42,12.03,27.98,68.84,5.57,55.03,2.65,44.7,3.57,32.02,58.68,1.67,34.91,-0.57
137.59,8.54,64.17,115.89,69.49,92.79,102.58,2.66,14.89,27.88,34.86,7.93,63.61,12.97,29.09,70.08,6.39,47.38,1.42,50.43,5.5,28.07,60.6,2.05,32.66,-0.82
156.96,10.96,45.86,127.78,74.66,99.55,122.58,3.14,16.53,34.28,40.75,13.13,63.77,14.88,29.19,73.13,8.84,48.46,1.98,50.06,5.87,29.41,68.06,3.74,41.4,-0.01
154.6,10.47,44.01,132.6,69.11,101.85,116.14,2.83,14.31,32.36,31.02,6.99,65.41,14.55,29.46,80.47,8.94,49.58,1.74,51.17,5.98,28.87,67.15,2.79,34.45,-0.62
162.22,10.55,75.6,128.67,83.42,100.3,121.29,4.81,16.78,33.11,42.37,10.76,62.76,14.08,28.02,70.34,8.32,49.71,2.4,52.08,6.48,25.97,65.54,3.49,40.48,-0.12
169.3,10.92,73.34,126.1,82.94,96.95,123.45,4.17,15.14,31.06,36.78,7.41,71.53,15.59,28.95,84.54,9.74,55.17,2.68,51.87,6.45,28.41,67.84,2.77,37.77,-0.32
172.88,21.83,75.5,131.57,66.66,94.23,156.65,9.43,24.24,46.06,50.14,21.83,78.44,17.79,35.07,92.96,14.74,55.23,3.12,68.32,10.42,30.22,78.99,5.12,48.24,0.7
163.6,13.83,77.4,131.88,69.03,90.22,133.25,5.46,18.9,37.43,38.57,11.89,75.56,17.16,30.47,85.64,10.56,53.26,2.45,61.44,9.13,25.09,73.8,3.75,39.32,-0.2
154.02,8.29,74.96,125.12,87.96,101.4,107.45,2.92,15.9,27.44,41.49,11.11,60.64,14.14,27.32,70.67,7.08,50.58,2.2,48.25,5.52,26.8,61.56,2.37,37.61,-0.4
131.8,6.59,30.03,114.22,75.66,94.39,93.89,1.72,8.93,25.64,39.25,9.27,54.23,11.32,26.95,60.65,4.71,45.71,1.3,44.43,3.87,30.45,58.06,2.01,35.7,-0.62
148.42,10.05,84.7,117.0,66.54,87.92,122.23,4.4,19.93,34.16,40.45,12.3,64.33,13.5,28.7,68.6,7.37,45.53,1.35,54.62,7.0,26.09,65.91,3.38,39.02,-0.28
157.62,14.33,78.99,120.27,92.72,97.63,109.59,4.85,19.32,27.78,44.75,12.55,69.72,14.97,30.14,73.78,7.07,57.47,3.24,52.82,6.21,26.39,64.6,2.46,38.05,-0.31
160.53,9.01,78.6,121.41,79.85,93.94,120.08,3.96,14.99,30.24,39.45,9.39,66.11,15.17,26.4,78.21,8.31,51.1,2.08,51.99,6.82,24.07,68.3,2.99,37.51,-0.37
151.83,16.68,68.93,133.69,74.76,108.34,114.72,6.19,16.81,32.74,37.2,11.24,69.78,14.72,31.25,77.68,9.75,51.91,2.58,57.8,7.45,25.98,63.74,2.81,35.7,-0.61
169.31,16.81,69.42,133.15,73.23,100.57,129.19,7.04,15.97,35.07,32.98,6.51,70.63,15.35,29.78,87.32,12.58,51.28,2.34,59.14,7.95,24.22,69.04,3.46,35.75,-0.59
148.34,7.87,71.52,120.3,72.2,89.0,108.49,2.79,13.12,26.66,32.61,6.69,62.38,13.28,27.51,74.0,7.9,46.67,1.38,50.83,5.77,25.74,61.88,2.35,33.51,-0.79
151.53,10.06,34.47,113.97,79.22,87.08,110.55,2.51,11.22,26.64,38.84,8.94,61.54,14.99,27.44,75.64,7.95,50.16,1.98,47.34,5.41,28.41,65.73,2.76,37.84,-0.35
174.21,8.93,50.04,127.72,93.97,98.68,121.0,2.57,15.53,30.09,41.74,9.36,60.76,14.06,28.62,72.2,8.98,52.1,2.96,46.97,4.94,30.87,63.83,3.19,40.83,-0.08
129.1,6.61,48.69,114.15,77.12,96.67,96.04,1.9,15.0,26.55,44.76,12.86,55.58,11.37,26.95,61.64,5.21,45.8,1.38,45.93,4.17,28.66,59.22,2.28,38.64,-0.32
155.77,14.98,73.68,126.78,79.36,103.32,115.39,5.78,17.65,30.97,38.97,10.8,69.2,14.39,29.98,76.14,7.87,52.12,2.25,55.08,6.72,25.71,65.53,2.63,36.07,-0.49
141.45,9.19,79.27,108.36,92.28,92.03,90.4,2.93,13.41,20.4,41.37,7.96,57.94,12.55,26.84,61.93,5.26,50.18,2.34,47.51,4.75,24.85,56.24,1.84,35.09,-0.72
172.92,15.59,67.1,137.8,75.0,107.89,134.63,6.09,17.35,37.74,36.08,9.3,69.34,16.92,30.19,86.08,14.68,52.44,3.11,57.98,8.24,26.37,68.72,4.13,40.12,-0.17
163.99,9.26,48.69,117.66,90.78,96.27,109.05,2.49,14.34,24.69,36.52,7.19,64.69,14.6,29.48,75.74,8.5,53.74,2.79,48.35,4.97,29.75,63.49,2.59,37.32,-0.41
140.53,7.79,69.83,120.36,83.34,102.12,98.14,2.89,16.04,26.29,41.04,10.46,60.01,11.73,28.07,66.68,5.12,50.62,1.87,46.69,4.17,31.61,59.78,1.81,34.88,-0.57
152.0,8.91,49.8,113.39,93.63,92.37,107.38,2.54,15.41,27.4,49.69,13.45,64.38,14.59,27.93,71.08,5.92,57.53,3.06,47.46,4.97,29.3,65.91,2.46,41.27,-0.02
146.31,6.61,49.12,111.08,94.66,94.03,107.56,2.05,15.75,28.13,56.39,16.15,56.4,12.55,26.16,64.38,5.47,50.88,2.31,45.6,4.35,28.83,61.32,2.38,43.45,0.21
158.52,9.17,76.67,125.34,69.0,93.31,128.24,3.63,22.85,35.81,39.01,13.74,66.62,15.64,27.63,75.44,7.35,48.65,1.58,53.3,7.31,25.54,71.78,3.38,38.59,-0.26
143.34,9.36,33.31,120.73,79.33,100.13,104.56,2.36,10.62,28.5,41.16,10.65,58.91,13.94,28.08,68.95,7.62,48.37,2.01,46.09,4.74,30.14,60.54,2.57,39.06,-0.28
160.21,8.82,46.09,125.24,87.26,103.6,121.01,2.83,16.03,32.46,48.69,17.23,64.01,13.91,30.26,77.23,7.98,54.17,2.57,48.33,4.8,32.95,68.6,2.97,43.08,0.14
140.22,9.58,86.15,112.5,78.69,90.01,103.45,4.21,14.68,26.54,42.08,10.07,59.42,12.81,25.81,67.25,5.73,46.94,1.39,48.67,5.78,24.85,59.82,2.0,35.18,-0.62
175.44,11.07,41.63,128.5,85.4,97.34,130.14,3.01,14.59,32.47,40.48,11.14,64.54,16.01,28.78,81.53,9.93,52.69,2.5,47.73,5.47,31.56,69.66,3.37,40.95,-0.05
145.27,10.48,73.96,128.14,75.07,104.89,109.05,5.17,18.06,31.78,38.76,11.8,62.4,11.51,29.53,66.16,6.01,47.69,1.63,52.69,5.35,26.78,62.99,2.63,35.47,-0.61
170.66,14.56,52.63,131.27,88.09,101.31,122.16,3.57,17.24,30.95,39.67,10.67,70.82,17.56,30.83,81.68,11.64,56.46,3.79,51.73,6.76,29.05,67.28,3.51,40.98,-0.06
161.22,9.16,57.21,126.32,83.37,100.72,110.85,2.51,13.73,27.8,33.74,6.24,63.11,15.46,27.94,79.84,11.16,49.83,2.29,48.96,5.8,27.11,61.91,2.71,37.12,-0.5
149.25,9.1,66.53,128.32,71.01,103.34,114.09,2.91,17.01,31.86,36.4,11.36,64.48,14.92,28.04,74.18,7.87,48.12,1.65,51.29,6.58,26.57,64.97,2.76,36.05,-0.54
142.93,10.99,85.46,113.87,87.48,89.88,97.8,4.02,14.75,23.74,42.46,10.29,64.99,13.55,27.54,70.24,5.78,54.48,2.51,47.32,4.98,28.53,59.28,1.71,34.03,-0.64
158.86,11.25,72.18,128.93,80.48,102.16,119.4,4.17,16.92,32.93,40.94,11.13,67.78,15.4,29.27,78.81,10.45,51.63,2.61,54.03,7.06,26.11,65.5,3.18,39.37,-0.23
132.49,7.9,36.54,120.28,73.87,99.73,96.81,2.18,11.33,26.79,39.64,12.65,57.19,12.53,28.73,64.78,6.07,46.34,1.49,46.67,4.45,29.26,59.48,2.31,36.85,-0.52
144.76,6.51,30.73,110.63,83.93,90.73,100.86,1.73,9.25,24.71,41.41,9.25,55.0,12.16,26.48,69.46,5.67,49.34,1.66,43.28,3.66,31.96,62.02,2.06,37.3,-0.37
148.92,11.72,81.96,118.35,77.76,92.46,116.18,4.59,18.16,31.39,45.12,14.32,62.9,13.38,29.65,68.97,8.25,48.15,2.1,52.94,6.3,27.12,63.19,3.23,40.57,-0.12
160.84,11.06,73.23,128.84,78.86,100.22,115.41,3.46,15.52,30.68,33.58,6.15,68.71,15.21,30.72,79.83,11.38,52.33,2.88,54.16,6.57,26.88,64.04,3.08,36.88,-0.52
161.04,12.39,76.52,130.34,69.18,93.94,132.2,4.71,23.16,37.25,40.47,15.61,73.0,15.7,32.93,80.07,10.56,52.09,2.59,59.15,7.75,28.45,72.74,4.26,41.82,0.04
195.21,20.03,67.9,139.23,78.88,99.42,178.09,9.31,26.75,51.19,60.57,24.1,80.52,19.49,38.62,93.1,17.44,61.15,5.21,69.01,10.74,34.12,83.67,7.06,53.9,1.56
154.05,9.39,69.91,123.37,70.46,95.02,122.31,3.28,17.7,33.37,39.3,12.34,66.31,15.68,27.93,78.33,8.19,49.42,1.73,52.21,7.14,26.62,68.89,3.0,38.1,-0.31
149.65,7.28,64.8,120.1,89.92,99.04,96.94,2.16,13.2,23.1,37.38,7.74,57.43,12.47,27.46,64.72,6.57,48.72,2.17,47.09,4.68,26.85,58.04,2.27,35.83,-0.69
149.35,7.96,41.85,115.54,99.19,101.23,89.28,1.57,9.52,19.93,40.26,6.46,58.57,13.7,27.58,69.55,7.24,53.77,3.07,44.13,3.91,29.33,56.18,1.78,36.67,-0.53
134.51,6.61,36.85,109.25,82.72,90.28,96.27,1.78,11.04,24.23,45.35,12.14,55.28,11.11,27.82,61.69,5.06,47.77,1.74,45.41,3.77,30.25,60.16,2.34,39.15,-0.25
167.38,12.98,51.64,129.71,82.32,101.03,128.85,3.69,18.52,34.97,44.04,15.78,71.13,17.4,29.27,79.54,8.57,56.13,2.97,51.13,6.73,29.39,72.49,3.52,42.61,0.1
138.9,14.22,85.14,114.45,72.56,91.84,102.34,6.36,15.65,26.22,36.01,8.52,63.23,11.43,30.29,67.43,6.06,46.95,1.42,51.87,5.54,26.64,58.52,1.9,30.74,-1.05
152.29,8.68,54.11,118.08,74.45,93.86,114.01,2.69,14.72,30.02,37.24,7.77,62.58,14.29,28.04,77.48,10.23,47.28,1.7,50.02,5.86,27.12,64.8,3.15,38.29,-0.36
153.17,8.71,43.43,123.26,81.92,96.69,119.11,2.85,15.51,33.99,49.15,16.25,62.43,14.86,27.88,75.74,7.27,52.68,2.25,47.38,5.27,30.46,68.41,2.86,42.82,0.12
138.35,8.07,43.02,117.69,70.57,95.21,100.83,2.27,12.92,26.16,34.23,8.6,61.77,13.09,27.66,68.11,5.4,47.91,1.4,47.73,4.91,30.03,61.02,1.94,32.19,-0.81
154.85,10.34,80.77,118.32,85.52,94.27,116.28,3.93,15.82,30.72,47.06,11.99,68.24,15.73,27.18,79.28,8.43,54.26,2.62,51.66,6.83,25.41,66.73,2.72,40.22,-0.12
135.07,8.0,84.2,111.91,74.08,90.97,98.9,3.83,15.51,25.12,37.94,10.22,58.15,10.69,26.98,63.5,4.85,45.57,1.12,48.39,4.62,27.46,58.25,1.81,33.31,-0.78
173.6,11.58,56.03,138.52,77.87,103.5,140.94,4.16,20.54,41.23,45.78,15.73,70.39,15.85,33.13,84.63,13.4,52.59,2.92,53.7,6.83,33.35,71.52,4.41,43.74,0.26
128.7,6.86,47.12,111.35,81.34,94.42,93.88,1.89,13.6,25.52,46.98,14.6,56.36,10.73,29.1,60.02,4.87,47.83,1.84,45.98,3.81,31.54,56.94,1.98,38.53,-0.34
170.56,14.31,67.71,139.64,68.81,98.7,140.89,5.77,20.2,40.01,37.99,13.16,74.37,16.63,32.24,84.13,12.46,53.45,3.01,61.94,9.31,28.24,71.45,4.18,41.07,-0.05
186.16,20.84,69.01,134.52,81.03,99.46,157.65,8.69,22.0,43.93,51.65,17.61,84.14,18.73,34.23,96.98,14.28,62.66,4.29,66.39,10.53,29.08,80.83,4.78,49.12,0.71
145.97,9.89,80.47,122.66,73.06,95.0,117.33,4.31,18.37,33.45,44.37,15.45,67.02,14.87,27.07,72.23,6.94,49.2,1.78,53.58,7.38,24.58,66.47,2.84,38.49,-0.29
161.78,12.48,46.86,130.25,73.0,95.76,127.44,3.69,17.16,34.99,39.1,12.35,72.55,15.91,31.6,84.49,9.41,55.16,2.56,52.86,6.48,31.6,73.64,3.42,40.56,-0.08
133.86,11.43,77.02,121.36,80.39,104.52,91.31,4.78,15.03,23.62,37.85,9.47,57.07,11.68,26.61,60.77,4.68,46.58,1.47,46.6,4.93,25.5,55.1,1.6,30.21,-1.23
160.7,9.82,71.45,133.62,77.7,103.49,123.73,3.33,17.05,34.67,40.91,12.65,64.98,14.42,29.12,71.92,8.52,50.39,2.44,51.45,6.45,28.97,65.68,3.36,40.02,-0.17
143.38,6.86,64.75,118.18,82.16,98.24,97.49,2.53,13.64,24.35,36.34,7.06,56.86,11.56,28.11,63.82,6.17,46.62,1.64,48.77,5.04,25.63,59.61,2.47,32.87,-1.01
166.69,9.54,52.16,126.1,92.76,104.34,117.81,2.77,16.83,29.62,44.61,13.0,65.02,16.27,27.79,76.9,8.38,55.37,3.04,47.57,5.62,29.12,65.97,2.82,40.9,-0.06
146.73,9.19,41.18,118.69,77.5,94.6,114.19,2.64,14.47,31.22,45.54,14.66,59.93,14.15,27.5,70.75,7.66,47.69,1.74,47.45,5.26,29.12,64.49,3.0,41.56,0.01
128.3,6.13,41.83,109.64,76.4,90.56,89.01,1.55,10.98,21.78,37.8,7.34,54.24,11.48,26.01,63.61,5.07,45.58,1.19,44.72,4.33,27.57,56.79,1.71,31.79,-0.99
141.29,11.55,83.74,114.91,68.46,91.4,118.71,6.06,16.44,34.12,45.89,15.38,63.92,12.58,26.51,73.69,6.94,45.33,1.02,52.08,6.44,26.23,64.54,2.43,38.99,-0.23
168.65,12.35,81.61,121.43,82.9,90.56,123.8,4.59,17.44,29.64,38.08,9.95,71.01,15.01,31.79,79.34,9.98,53.75,2.87,55.31,6.67,28.07,67.11,3.21,38.9,-0.26
133.82,6.35,49.51,115.45,78.47,98.35,93.78,1.69,14.16,24.41,39.05,9.23,54.17,11.21,27.41,60.61,5.25,45.15,1.32,46.23,4.22,27.57,58.19,2.26,35.88,-0.67
140.26,8.13,74.35,119.57,87.03,100.16,92.58,2.87,13.84,23.16,39.53,8.31,60.44,12.86,26.3,68.38,5.39,52.17,2.13,45.88,4.48,27.82,58.17,1.61,32.4,-0.8
148.54,8.56,56.62,128.88,70.38,98.35,108.15,2.49,13.82,29.2,31.25,5.86,60.7,13.95,28.02,73.27,9.85,45.46,1.47,49.78,5.66,26.63,60.84,2.83,35.88,-0.71
163.03,12.15,40.44,129.57,74.37,100.13,127.39,3.36,14.74,34.11,38.34,12.59,65.83,14.36,31.24,74.59,9.08,50.39,2.31,50.52,5.66,33.08,67.36,3.5,40.31,-0.13
132.06,7.48,76.77,119.15,75.03,101.89,94.99,2.61,16.07,26.43,38.07,9.78,59.36,12.77,26.34,63.87,4.84,47.19,1.41,47.61,5.27,25.26,58.49,1.81,31.11,-1.01
134.46,7.63,52.17,113.86,70.88,91.15,108.69,2.58,16.55,30.81,45.91,16.05,59.79,13.06,27.15,69.25,6.02,46.86,1.32,47.8,5.37,29.33,63.4,2.37,39.18,-0.21
170.84,11.77,67.03,126.64,96.59,105.57,120.78,3.56,17.18,31.02,46.74,11.81,68.96,15.66,32.36,78.53,11.35,56.71,4.12,52.1,5.98,30.21,66.83,3.69,43.55,0.25
134.09,6.93,56.21,117.08,70.79,97.44,97.84,1.94,12.74,25.43,35.34,7.94,56.03,11.78,27.16,65.47,7.1,43.41,0.99,47.71,4.82,26.53,58.19,2.4,34.98,-0.82
149.71,9.03,77.77,125.86,74.97,95.29,114.17,3.41,14.95,32.02,39.57,10.62,65.26,14.3,28.42,77.8,9.24,49.72,2.01,52.32,6.52,26.16,64.59,2.78,37.53,-0.4
165.03,12.77,35.06,120.6,85.8,98.22,120.03,3.22,11.64,29.65,40.89,9.32,65.67,16.35,30.02,78.11,11.12,52.96,3.16,48.9,5.7,30.3,65.85,3.52,42.05,0.07
146.66,8.84,79.09,117.09,84.05,92.55,111.17,4.18,17.09,29.73,48.65,14.77,60.66,11.4,28.49,67.37,6.07,49.33,1.88,49.43,4.7,29.53,63.35,2.56,40.5,-0.1
146.91,8.0,47.1,118.65,78.8,93.11,109.39,2.47,14.86,28.49,42.16,11.54,60.56,12.37,29.79,71.81,8.38,48.03,1.85,48.61,4.59,30.53,63.85,3.01,40.15,-0.15
140.2,7.02,64.52,115.38,73.33,88.17,100.83,2.77,12.19,25.46,34.15,5.43,60.1,12.31,26.83,71.9,6.04,47.37,1.26,47.75,4.9,27.82,60.66,1.82,31.54,-0.84
134.19,11.1,77.19,122.95,76.98,103.46,95.32,4.98,14.13,25.51,37.84,9.34,59.59,12.1,27.94,64.42,6.29,47.22,1.77,49.22,5.79,24.38,56.26,1.95,30.26,-1.35
152.38,9.89,80.99,117.15,84.27,94.63,113.67,4.43,17.45,29.73,45.59,12.46,63.11,13.1,28.22,67.65,6.54,50.17,2.19,51.4,5.73,26.59,64.45,2.9,39.91,-0.17
145.55,14.07,80.74,122.61,71.13,93.71,114.49,5.82,20.68,32.99,40.05,12.71,63.72,12.49,31.45,67.77,7.54,47.17,1.78,54.7,6.17,27.88,61.93,2.88,37.84,-0.43
147.43,7.07,32.07,120.04,84.73,99.26,102.44,1.88,9.72,25.68,41.2,11.09,56.18,12.48,27.58,70.3,6.3,50.11,1.9,44.07,3.78,32.28,62.02,2.2,38.05,-0.32
155.88,9.88,72.46,118.76,92.65,97.96,117.0,3.4,19.17,31.58,53.94,16.33,65.86,15.05,28.52,71.37,7.48,54.82,3.17,50.45,6.1,28.25,64.54,2.86,43.67,0.23
168.11,12.52,71.31,129.54,79.68,104.78,129.87,4.46,18.17,34.98,41.38,12.85,75.73,16.64,31.21,88.24,11.02,56.83,3.01,56.58,7.71,27.97,72.72,3.46,40.8,-0.06
155.3,10.9,80.6,127.02,65.15,92.54,129.65,4.63,19.14,37.62,39.59,12.89,65.82,14.46,29.89,78.46,10.91,46.35,1.53,56.13,7.57,27.11,66.88,3.59,39.91,-0.18
137.83,7.36,45.93,110.83,86.91,91.91,90.45,1.7,11.52,21.2,40.35,8.45,58.59,13.2,26.24,65.82,4.99,52.32,2.25,44.13,4.1,29.45,57.09,1.56,34.39,-0.65
154.72,10.46,73.43,131.07,68.32,101.58,119.2,3.64,16.79,32.05,32.72,9.54,70.92,15.57,29.81,82.42,8.89,51.32,1.93,55.6,7.37,26.02,68.11,2.73,34.12,-0.62
151.15,11.94,71.87,127.81,82.86,107.92,110.87,4.29,16.86,29.95,42.57,13.23,64.05,13.64,30.59,72.76,9.38,50.38,2.57,52.37,5.78,27.63,61.52,2.85,39.61,-0.23
143.74,7.89,51.81,122.9,71.98,96.68,103.2,2.24,12.8,27.24,32.38,6.04,60.69,12.67,28.59,73.44,8.46,46.42,1.44,49.74,5.18,27.0,60.9,2.41,33.19,-0.88
129.51,9.5,83.18,108.46,75.81,89.18,96.18,3.52,15.94,25.23,42.69,11.59,59.69,11.68,26.88,65.16,4.54,47.53,1.29,47.01,4.5,29.53,57.98,1.54,34.48,-0.58
161.14,10.67,68.22,129.94,89.85,109.35,110.27,3.19,16.82,27.61,39.06,10.93,70.04,15.12,30.61,80.42,7.93,58.8,3.12,50.06,5.45,30.51,66.07,2.35,37.01,-0.36
149.68,10.53,42.83,114.23,76.89,87.82,116.76,3.03,15.13,30.68,44.6,12.93,65.51,14.91,28.18,71.75,6.85,51.12,2.13,49.59,5.74,29.1,68.63,3.15,41.23,-0.02
136.43,8.77,79.2,121.99,77.76,99.89,99.58,3.86,15.63,27.84,41.01,11.46,59.76,11.99,27.09,66.52,5.62,47.62,1.51,49.85,5.34,24.76,60.4,2.09,34.16,-0.71
125.43,10.21,85.08,115.15,75.14,94.88,88.14,4.2,13.17,22.82,37.98,8.67,57.17,10.67,27.3,62.31,5.0,45.08,1.14,45.67,4.18,29.06,52.7,1.26,30.47,-1.16
192.97,21.62,77.89,131.63,74.31,89.67,166.61,8.86,22.83,42.94,47.55,16.16,77.01,20.23,33.88,92.3,17.95,55.99,4.1,66.34,11.23,29.57,77.15,5.94,47.07,0.72
155.24,11.52,76.19,128.0,75.31,97.87,112.29,4.25,14.8,28.28,32.08,7.36,66.92,15.08,27.95,75.2,8.71,49.35,2.02,54.62,7.16,23.21,62.3,2.55,33.14,-0.89
169.58,8.51,48.27,126.16,93.42,100.03,113.72,2.42,14.69,28.16,38.18,7.32,62.92,14.62,28.31,81.34,9.2,54.16,2.6,46.16,4.57,31.79,65.56,2.59,38.16,-0.3
149.18,16.25,75.05,126.17,73.86,102.01,114.82,6.23,17.68,31.83,39.44,12.97,68.37,14.13,31.22,77.58,8.56,50.77,2.05,56.24,6.89,26.63,64.41,2.56,36.43,-0.47
164.03,13.75,76.16,125.61,85.32,99.47,118.47,4.62,15.93,30.21,39.77,9.38,75.44,15.84,32.51,87.89,9.9,60.03,3.3,55.45,6.83,27.98,69.89,2.77,37.93,-0.28
141.92,8.78,56.62,123.32,78.56,102.89,96.42,2.23,13.5,24.84,33.78,6.82,61.94,13.29,29.53,70.57,7.84,49.33,2.12,49.82,5.14,26.0,59.36,2.28,32.19,-1.03
156.37,12.06,76.3,119.93,97.75,102.57,102.67,3.74,16.14,24.43,44.13,11.49,67.18,14.55,29.38,70.4,6.96,57.27,3.6,50.16,5.46,27.48,60.19,2.16,38.25,-0.33
160.04,11.43,81.22,123.35,81.42,91.25,119.54,4.94,15.91,31.26,40.95,10.08,69.03,14.57,29.18,78.14,8.69,52.95,2.48,54.24,6.76,25.79,67.5,2.99,37.76,-0.35
132.19,8.69,85.86,116.34,74.77,91.08,92.72,3.98,12.43,23.58,35.33,6.59,58.87,11.1,27.91,67.01,6.35,46.05,1.34,48.22,4.82,25.84,55.5,1.64,29.96,-1.22
143.47,8.78,76.56,125.9,68.71,95.53,114.5,3.33,18.65,33.26,40.02,14.19,65.47,13.53,28.38,69.09,6.32,47.38,1.47,52.63,6.28,26.83,66.68,2.95,36.91,-0.44
150.9,8.02,71.46,125.0,85.73,105.75,102.73,2.81,15.78,26.59,37.47,8.78,59.72,12.69,27.84,65.05,6.42,49.02,2.16,48.84,5.13,26.58,59.58,2.42,36.04,-0.63
139.68,8.19,80.11,120.34,68.37,91.44,112.1,3.15,15.51,32.78,41.05,11.2,64.06,13.59,26.78,73.78,7.43,46.07,1.22,51.0,6.31,26.23,64.3,2.56,37.15,-0.42
131.09,9.74,85.63,112.29,81.71,93.67,85.95,4.46,11.81,20.12,36.65,6.37,54.32,10.09,27.46,59.78,5.03,45.18,1.33,44.03,3.92,30.82,51.91,1.35,30.62,-1.31
146.52,8.57,46.61,124.87,75.47,104.26,112.13,2.7,16.11,32.53,42.3,15.92,60.26,13.36,29.31,66.98,7.22,47.05,1.75,48.48,4.98,29.97,64.19,3.25,41.1,-0.05
151.07,15.52,76.03,127.48,68.99,95.89,124.29,6.45,24.64,37.35,42.16,16.77,70.77,14.31,32.23,74.25,8.18,50.48,2.15,59.91,7.54,26.86,69.17,3.48,39.22,-0.23
149.55,13.93,76.7,125.68,71.34,96.45,117.04,5.34,16.93,33.45,38.82,10.93,65.58,14.33,30.87,78.44,11.73,48.65,2.2,55.43,6.5,26.66,64.48,3.41,37.99,-0.43
141.74,10.58,83.35,116.17,82.78,93.71,107.17,4.37,18.25,28.96,48.3,15.45,60.77,12.77,28.51,65.52,6.56,48.96,2.15,51.27,5.76,25.88,62.16,2.83,39.74,-0.2
143.27,10.06,84.83,119.45,63.52,88.08,119.59,4.8,18.08,34.21,39.88,14.06,67.83,12.98,29.69,73.43,7.27,46.31,1.22,56.51,6.93,26.59,67.61,2.97,36.57,-0.45
141.25,7.69,64.66,119.68,73.16,92.77,112.18,2.81,18.2,31.72,44.52,15.4,59.99,12.43,28.46,66.91,6.81,45.96,1.42,49.67,5.22,28.48,64.22,3.08,40.65,-0.1
143.01,8.24,73.24,125.59,73.63,99.79,112.46,2.93,19.07,33.4,43.32,16.11,64.01,13.88,26.95,68.97,5.84,48.75,1.62,49.07,5.68,28.82,64.5,2.46,38.32,-0.29
158.5,9.92,78.66,128.04,70.73,91.74,126.62,4.33,18.94,34.57,38.85,12.28,64.19,14.6,28.11,73.93,9.24,45.86,1.44,53.63,7.11,25.89,65.83,3.41,39.3,-0.26
150.48,8.74,66.93,118.16,95.86,102.75,91.99,2.99,12.23,21.05,37.42,5.5,62.28,12.63,29.26,72.46,7.02,54.68,2.79,46.74,4.2,29.94,58.13,1.74,32.31,-0.85
142.66,10.35,84.41,115.56,77.21,91.3,111.62,4.79,18.37,30.17,46.17,15.56,64.45,12.4,28.72,68.95,6.11,49.31,1.77,52.19,5.74,27.5,64.16,2.52,38.45,-0.28
145.3,12.06,82.97,116.79,82.59,94.08,105.85,4.66,15.94,27.57,43.24,10.51,60.02,12.82,28.03,66.85,7.27,47.68,1.94,51.03,5.8,25.13,60.36,2.65,37.61,-0.48
139.44,7.84,62.74,119.31,76.84,96.66,100.95,2.35,15.92,27.3,38.7,9.78,60.0,12.0,29.57,67.19,7.05,46.91,1.65,48.84,4.58,28.9,59.48,2.38,36.87,-0.53
141.29,11.89,84.09,112.78,77.72,92.13,97.05,5.09,13.31,23.23,33.56,5.96,60.95,11.34,28.64,66.21,5.7,47.12,1.44,48.95,4.87,27.17,56.43,1.63,29.94,-1.13
168.57,11.18,81.28,120.57,81.16,89.16,134.32,5.44,18.88,34.68,46.88,13.84,67.81,15.17,28.17,80.14,9.18,51.13,2.12,52.99,6.94,27.15,69.92,3.3,42.05,0.05
138.22,8.72,73.16,120.67,69.6,95.89,106.22,2.73,15.3,29.39,38.06,11.21,61.05,13.29,28.72,68.39,7.97,45.22,1.39,50.82,5.98,26.93,60.05,2.66,36.67,-0.6
149.6,9.11,74.6,125.65,76.45,100.84,111.5,3.83,17.02,30.17,38.2,11.22,62.55,12.35,28.7,67.96,6.48,47.73,1.63,50.62,5.32,28.73,62.0,2.47,36.44,-0.51
133.28,9.64,85.92,111.13,83.08,91.75,92.79,3.62,17.23,23.71,42.73,11.4,57.63,12.39,26.48,61.58,4.26,49.42,1.8,45.75,4.76,27.01,56.85,1.6,32.6,-0.85
156.08,10.74,73.57,130.24,68.33,99.33,123.28,3.63,15.99,34.95,36.04,10.23,68.33,15.64,29.62,78.88,10.86,49.11,2.12,54.32,7.55,27.55,65.75,3.33,38.47,-0.34
140.96,10.66,83.8,112.82,88.3,93.69,96.98,4.19,15.95,24.74,44.45,10.37,59.22,11.49,27.33,63.65,4.99,50.37,2.06,47.68,4.69,27.64,58.13,1.83,35.36,-0.6
139.31,8.54,75.02,123.42,76.17,103.22,100.3,3.24,15.19,27.59,37.18,8.79,58.82,11.94,27.91,65.08,6.75,45.94,1.54,49.9,5.11,25.67,58.82,2.42,35.09,-0.78
198.27,21.12,69.33,134.66,94.06,100.15,148.69,7.87,21.07,36.76,44.32,12.42,74.37,17.99,31.68,88.28,14.01,55.53,3.5,58.51,8.75,27.08,72.61,4.37,43.02,0.17
136.74,7.53,84.86,119.29,72.6,91.86,97.65,3.39,12.79,25.28,33.62,6.22,58.53,12.61,25.61,70.07,5.97,45.28,1.01,47.58,5.33,24.57,58.14,1.67,29.96,-1.07
188.49,14.27,74.38,130.29,81.9,95.84,150.89,6.2,20.38,38.02,43.9,12.77,73.73,17.59,29.48,82.94,11.08,55.06,3.19,57.85,9.05,26.72,74.27,4.37,43.54,0.22
159.89,11.37,79.55,117.81,93.04,94.6,113.68,3.77,19.12,28.34,46.94,13.24,66.21,15.72,28.17,70.83,7.56,54.09,3.12,51.22,6.49,26.17,63.18,2.75,40.79,-0.08
159.05,10.75,33.5,119.16,91.11,96.52,115.86,2.69,11.05,29.9,48.34,15.6,59.38,14.52,28.83,68.03,8.0,51.15,2.89,46.63,4.93,30.65,63.76,3.37,42.92,0.19
149.76,10.53,47.31,129.44,75.54,107.87,110.88,2.75,15.56,29.73,36.78,10.87,64.06,13.86,29.33,73.12,8.12,50.09,2.15,49.43,5.32,29.94,63.69,2.75,37.44,-0.42
160.88,12.51,44.03,125.22,78.67,99.41,119.45,3.26,14.9,30.43,37.2,10.24,64.89,16.03,29.46,74.25,10.24,50.04,2.59,50.1,6.29,28.93,64.15,3.42,39.89,-0.2
163.31,8.11,58.63,122.08,96.86,99.97,112.14,2.48,16.23,27.75,45.97,11.34,60.5,13.08,28.88,69.5,7.58,52.29,2.83,47.01,4.51,31.01,61.85,2.68,40.85,-0.07
150.39,8.37,78.16,123.86,65.11,87.24,126.01,3.33,17.78,37.02,41.18,12.42,64.92,14.51,26.49,73.28,7.61,45.48,1.17,51.3,6.85,26.79,67.52,3.14,39.73,-0.18
152.52,12.49,75.11,127.61,66.56,99.92,122.62,5.27,17.27,35.9,36.52,10.78,69.78,15.52,27.85,80.01,8.98,48.49,1.62,56.67,8.22,24.26,66.74,2.82,36.58,-0.46
153.3,16.81,77.08,124.22,76.95,98.12,110.26,6.63,15.71,27.96,33.76,7.53,68.67,13.33,31.27,75.29,8.0,51.03,2.13,56.41,6.42,24.77,62.62,2.36,32.25,-0.87
156.87,7.38,61.66,119.31,92.31,95.88,113.59,2.52,16.22,28.97,49.12,13.65,58.74,13.18,26.95,68.5,7.17,50.05,2.31,46.45,4.73,29.29,61.02,2.54,41.72,0.03
152.73,9.68,82.78,117.42,75.93,89.6,113.7,3.55,15.95,28.08,37.06,9.64,66.25,14.54,28.16,72.23,7.61,49.4,1.97,53.28,6.75,24.87,64.55,2.81,35.47,-0.62
151.0,12.01,47.7,122.44,63.4,87.5,120.35,3.39,15.68,33.15,32.74,6.57,64.91,15.37,29.03,76.31,10.7,45.19,1.36,52.49,6.99,27.59,64.31,3.34,37.8,-0.45
164.07,15.42,64.59,138.11,78.89,112.85,121.12,5.31,20.96,33.16,35.67,11.74,68.83,14.49,33.03,75.67,10.06,51.19,2.65,56.44,6.49,28.2,65.46,3.38,37.64,-0.44
158.84,11.96,74.95,122.28,90.91,101.66,111.48,4.67,16.45,28.14,43.5,10.96,64.75,13.51,28.82,69.43,6.84,52.81,2.68,50.75,5.55,27.58,62.17,2.48,39.01,-0.25
155.09,9.88,66.37,129.35,76.98,104.85,120.17,3.27,18.49,34.75,42.67,13.35,66.67,15.11,29.44,75.63,9.2,51.08,2.44,51.76,6.45,28.25,66.75,3.33,41.03,-0.05
134.13,7.3,68.39,116.23,80.77,97.75,94.49,2.54,14.42,24.85,41.35,9.89,57.98,11.9,26.92,66.55,5.06,49.1,1.62,46.0,4.31,29.23,58.1,1.62,34.42,-0.62
164.87,13.61,52.97,141.12,71.32,108.33,131.01,3.93,19.56,37.87,36.31,12.22,72.45,18.25,28.39,81.35,9.3,53.55,2.56,52.22,7.83,28.2,72.29,3.58,39.22,-0.21
136.91,7.35,77.26,115.94,71.65,91.5,99.18,3.24,13.47,25.97,34.02,6.19,59.29,11.66,27.46,66.24,5.94,44.83,1.07,49.03,5.23,25.87,58.7,2.0,30.24,-1.16
144.69,8.35,80.38,113.98,74.43,86.26,107.77,3.97,15.7,28.87,37.55,7.72,61.72,12.2,27.76,67.16,6.02,46.59,1.36,50.63,5.54,26.55,62.12,2.4,34.16,-0.72
162.62,11.74,42.77,129.25,81.55,103.07,129.94,3.4,15.95,36.98,49.16,17.66,64.95,15.6,29.74,78.92,10.07,51.71,2.52,49.85,5.98,30.94,70.59,3.87,44.28,0.3
194.45,18.88,44.5,137.06,85.28,102.31,152.53,5.37,16.59,39.24,42.28,11.41,83.68,21.48,32.85,104.67,16.83,66.24,5.02,56.5,8.84,29.57,83.26,5.09,48.63,0.67
159.5,8.53,46.6,120.08,93.8,97.48,115.29,2.52,15.25,29.8,50.74,14.21,60.73,14.26,28.12,71.2,8.04,52.42,2.85,47.36,5.05,29.56,64.72,3.12,43.18,0.2
144.46,8.08,68.33,114.43,77.79,89.42,116.37,3.09,19.5,32.4,49.97,16.52,62.21,14.22,26.55,68.73,6.18,48.74,1.74,49.81,6.21,26.61,66.08,2.86,41.41,-0.01
140.3,8.86,40.87,115.28,66.77,87.19,116.9,3.17,15.66,34.54,44.65,16.73,61.65,13.16,30.34,69.56,7.33,45.36,1.23,50.26,5.53,31.47,65.85,3.21,41.23,-0.03
169.57,11.61,68.45,140.97,74.73,104.94,132.23,4.29,18.58,37.2,36.85,11.2,70.06,15.0,32.16,78.13,10.55,52.21,2.79,56.37,7.09,29.17,70.21,4.08,40.43,-0.12
148.3,8.31,61.35,115.2,88.3,92.69,101.41,2.5,15.01,24.5,41.69,9.55,61.81,13.27,28.48,67.99,6.34,51.94,2.46,48.11,4.77,28.39,60.7,2.25,37.44,-0.41
140.96,7.22,40.27,109.89,79.04,86.45,105.34,2.16,13.17,27.28,44.36,11.27,57.62,12.23,28.2,67.03,6.46,47.03,1.57,46.34,4.37,31.0,61.05,2.44,39.24,-0.24
145.83,8.51,60.48,117.04,74.4,93.54,107.11,2.5,14.09,28.34,36.8,6.99,59.95,13.39,27.6,66.92,7.45,46.32,1.66,48.9,5.4,26.76,62.48,3.07,38.02,-0.43
148.81,9.92,72.71,130.24,69.6,103.1,117.35,3.57,17.11,34.65,38.15,11.87,68.79,14.63,28.72,73.95,7.8,49.47,1.9,54.12,7.11,26.55,66.24,2.94,36.88,-0.45
142.5,12.76,78.91,125.09,73.81,96.83,111.65,5.56,18.51,32.9,42.95,14.36,65.1,13.88,27.1,70.34,6.45,48.17,1.6,53.55,6.98,23.7,63.66,2.46,36.69,-0.46
178.76,12.78,64.26,130.73,92.28,100.91,129.24,3.9,18.86,32.81,43.32,11.83,72.1,17.96,31.57,83.0,12.41,57.06,4.01,53.49,7.31,28.93,69.26,3.92,42.65,0.13
171.77,14.19,81.61,123.3,90.46,89.54,126.97,5.21,17.52,32.19,45.66,11.6,71.57,15.82,32.41,85.38,12.75,55.9,3.51,55.56,6.87,28.62,67.87,3.49,42.96,0.16
161.82,9.11,57.62,132.86,79.88,104.68,119.77,2.84,17.21,32.58,38.47,10.92,65.14,15.33,27.77,77.28,8.66,51.38,2.25,48.69,5.84,29.57,66.39,2.92,38.26,-0.32
148.46,15.09,77.03,125.99,68.66,98.89,119.44,6.52,16.54,34.76,39.58,12.21,67.96,13.67,31.08,80.08,10.29,48.88,1.87,58.09,7.08,25.94,66.24,3.1,37.31,-0.43
141.42,8.97,39.73,123.48,71.5,101.25,106.26,2.35,13.14,30.03,36.9,9.05,58.99,13.75,27.07,71.09,7.74,45.91,1.36,47.77,5.19,27.21,64.14,2.93,37.77,-0.41
154.99,12.52,82.51,124.97,64.67,87.86,126.88,4.91,18.61,34.83,36.6,11.12,71.18,16.48,28.73,78.92,9.3,48.95,1.83,59.25,9.1,24.53,68.45,3.28,37.29,-0.42
170.57,12.9,70.9,128.26,72.33,91.22,131.27,3.63,15.35,34.11,33.29,6.58,67.88,16.46,29.07,83.56,13.12,51.56,2.79,54.23,7.78,26.94,68.19,3.89,39.14,-0.28
137.86,9.51,81.9,117.91,77.95,96.45,100.5,4.11,14.88,26.8,40.7,10.74,60.41,12.65,25.49,67.5,5.24,47.89,1.42,48.19,5.38,25.15,59.83,1.82,34.0,-0.67
154.12,8.0,48.36,118.9,75.78,90.14,118.25,2.58,16.93,30.91,41.18,11.84,59.47,13.85,27.52,69.13,7.84,46.09,1.53,48.19,5.36,28.43,64.98,3.36,41.24,-0.03
145.97,8.44,49.86,122.57,87.58,103.67,99.87,2.16,14.46,25.63,42.51,11.27,60.12,13.56,28.0,65.21,6.39,50.99,2.59,46.57,4.57,28.99,59.5,2.38,39.11,-0.28
138.14,8.09,80.87,111.61,74.59,91.33,105.61,3.29,17.07,28.47,42.19,11.48,60.69,13.31,26.41,64.75,5.24,47.06,1.44,50.12,5.99,24.71,62.07,2.34,36.19,-0.53
169.22,12.27,60.62,126.06,80.22,94.1,130.4,4.06,19.34,34.37,42.1,12.37,72.65,16.83,32.16,83.23,11.69,54.79,3.2,54.73,7.42,30.16,70.31,3.83,41.67,0.02
159.8,11.16,76.9,126.89,73.25,94.88,124.65,4.04,15.91,33.64,38.12,10.17,70.12,16.86,28.67,84.33,10.73,51.69,2.3,55.48,8.17,25.3,67.82,3.09,38.64,-0.28
147.97,13.91,80.27,124.86,67.42,92.8,119.85,6.54,16.08,34.74,39.35,11.42,65.25,13.15,28.68,77.58,9.38,46.25,1.36,55.87,7.1,24.94,65.22,2.94,37.0,-0.47
170.01,16.97,79.12,124.25,83.44,93.47,126.09,6.53,16.1,32.66,39.42,8.04,76.59,15.77,32.63,91.67,12.4,58.15,3.31,58.2,7.58,27.44,70.02,3.13,38.84,-0.23
146.66,10.81,43.5,122.48,70.51,96.78,118.55,3.21,16.06,34.37,42.77,14.33,64.72,14.82,28.84,76.13,8.31,48.75,1.73,49.97,6.0,29.9,67.92,3.13,40.61,-0.09
135.07,6.14,34.46,116.31,86.02,102.11,92.03,1.48,9.6,23.48,44.0,11.46,54.22,11.43,26.09,64.94,4.7,50.12,1.8,41.98,2.99,33.14,57.49,1.56,37.52,-0.35
154.12,9.51,52.55,124.37,85.45,101.66,111.12,2.76,16.92,29.65,43.65,13.4,64.25,15.74,27.69,71.11,7.18,53.12,2.73,48.92,5.97,27.06,66.23,3.03,39.91,-0.16
160.13,10.47,73.31,128.37,76.05,99.36,128.84,4.02,24.41,36.72,44.9,17.71,68.98,14.51,31.91,75.42,9.02,51.41,2.45,54.39,6.44,30.05,70.2,3.84,43.07,0.17
136.96,6.63,70.81,120.41,74.98,97.62,102.45,2.58,16.93,28.23,40.65,12.36,56.61,12.01,26.49,64.05,5.51,44.88,1.12,48.19,4.98,25.91,61.52,2.46,36.75,-0.5
168.69,11.99,73.53,131.77,79.9,97.78,124.42,4.64,16.39,31.44,35.63,9.43,67.2,15.03,30.09,79.86,11.58,49.85,2.34,54.42,6.56,26.59,66.53,3.56,38.86,-0.31
137.81,8.3,77.4,115.94,79.75,95.19,93.11,3.38,12.72,22.57,35.17,6.55,60.39,11.78,27.81,67.78,5.53,49.03,1.64,46.38,4.25,30.46,56.45,1.48,30.14,-1.02
179.23,12.8,67.52,135.21,88.7,105.24,126.08,5.04,15.05,32.44,35.33,7.25,71.88,17.0,28.76,91.91,12.27,56.13,2.94,54.07,7.41,24.91,69.7,3.08,37.4,-0.37
139.87,6.49,62.04,115.24,87.56,96.67,92.21,2.05,13.35,21.99,40.11,8.98,55.98,12.19,25.97,62.59,4.87,49.27,1.92,45.59,4.41,26.5,57.43,1.8,35.04,-0.66
153.57,8.09,67.1,117.76,77.06,88.19,121.04,3.33,17.95,31.68,44.8,14.23,62.51,14.2,27.07,72.89,7.36,48.02,1.61,50.56,6.09,26.48,68.38,3.2,40.86,-0.06
154.97,8.81,55.91,126.2,86.57,107.95,104.91,2.38,15.16,26.54,36.92,8.18,63.94,14.32,28.48,73.9,7.63,52.87,2.52,47.57,4.87,29.71,61.4,2.22,36.53,-0.48
143.56,6.9,58.91,115.7,86.93,95.39,94.16,2.04,14.65,22.38,37.81,8.35,56.63,12.19,27.15,62.96,5.19,49.11,1.96,46.19,4.45,27.48,57.47,1.89,34.26,-0.76
137.84,9.3,83.57,118.92,76.41,91.59,98.96,3.95,13.66,26.28,37.63,8.55,60.28,12.25,27.76,68.8,6.4,47.35,1.5,49.58,5.37,25.67,58.54,1.91,32.64,-0.88
157.29,8.87,56.46,128.46,72.8,98.01,126.69,3.13,21.07,36.61,42.96,16.08,63.92,15.08,28.05,74.97,7.75,48.79,1.7,49.76,6.07,29.18,69.26,3.25,41.36,-0.01
167.42,9.68,72.8,122.42,89.39,93.46,114.06,3.74,14.25,27.2,36.11,6.7,66.09,13.72,29.8,80.3,9.19,53.31,2.48,50.05,5.14,29.59,64.85,2.56,36.64,-0.44
165.08,14.42,43.67,133.45,77.32,99.93,127.82,3.94,15.68,35.08,39.8,12.35,72.43,16.99,31.3,80.52,9.91,55.19,3.07,52.21,6.75,31.24,70.83,3.64,41.45,-0.0
151.83,8.81,64.14,128.75,71.08,97.66,113.7,2.78,15.99,30.04,33.51,9.49,64.42,14.12,28.93,73.83,7.9,48.11,1.66,51.42,6.07,27.64,63.97,2.65,35.18,-0.62
167.99,11.59,76.23,129.33,76.68,97.72,125.57,3.69,16.73,31.55,34.69,9.28,67.24,16.19,29.94,75.11,10.67,50.58,2.76,53.92,7.18,27.1,66.22,3.84,39.71,-0.23
143.84,10.33,80.86,121.58,77.75,95.34,100.56,4.4,13.02,25.44,34.49,6.8,61.94,13.11,27.24,72.36,7.42,47.92,1.63,50.56,5.95,23.45,59.12,2.0,30.89,-1.08
148.78,12.62,81.16,117.45,77.18,93.92,118.28,5.69,17.54,32.63,46.72,14.98,65.39,13.59,28.02,76.52,7.16,50.04,1.69,52.38,6.36,26.75,66.44,2.48,39.49,-0.17
136.58,13.41,85.48,114.82,77.83,89.86,97.5,5.36,13.87,24.52,38.87,8.83,60.34,11.89,27.73,68.36,5.48,48.0,1.43,48.88,5.04,26.4,57.83,1.59,32.73,-0.77
166.34,14.1,45.47,132.25,85.31,107.61,131.62,4.12,16.76,38.09,50.73,18.0,72.16,16.25,33.49,82.17,11.03,57.17,3.65,53.22,6.31,32.61,73.93,4.35,47.11,0.59
146.23,13.46,78.94,118.28,79.05,98.31,112.66,5.81,16.81,30.41,45.52,14.22,63.9,13.09,28.86,74.34,6.96,50.27,1.81,52.15,6.08,26.89,63.85,2.29,38.25,-0.28
145.01,7.86,41.42,122.3,75.08,97.96,107.5,2.34,13.66,29.51,39.09,11.19,59.03,13.71,27.46,73.32,7.37,47.82,1.55,47.52,5.27,28.05,64.89,2.67,37.1,-0.42
147.82,15.85,75.33,128.55,72.53,102.28,114.72,6.52,16.98,33.69,39.18,11.35,66.89,13.48,31.1,76.21,9.4,49.58,2.1,56.3,6.83,26.57,63.05,2.74,37.04,-0.48
153.18,11.17,42.72,123.84,80.3,97.88,118.19,3.13,15.01,33.24,45.74,15.23,65.28,15.84,28.51,75.68,7.79,53.29,2.53,49.1,5.95,29.1,69.13,3.17,42.02,0.05
147.36,13.02,83.62,116.06,88.2,91.72,99.83,4.59,14.03,24.1,40.73,8.52,66.0,13.99,28.78,73.24,7.2,54.36,2.75,49.87,5.58,26.45,58.93,1.85,34.88,-0.62
151.58,12.79,80.13,116.03,89.84,96.72,105.33,4.82,16.52,26.17,43.64,10.82,66.43,12.87,29.96,70.58,6.38,54.66,2.73,51.78,5.34,27.33,62.68,2.26,36.77,-0.42
179.8,16.04,52.98,131.01,81.19,95.39,152.14,5.06,20.14,42.51,53.36,17.67,74.07,18.25,32.6,91.5,16.47,57.23,4.15,55.88,8.43,31.4,75.63,5.25,47.74,0.76
156.81,18.64,82.56,126.83,61.0,88.73,139.93,8.28,21.03,42.76,44.05,17.16,70.9,15.81,34.59,86.1,14.43,49.87,2.36,61.6,7.87,29.73,72.77,4.79,44.29,0.34
156.78,9.48,78.55,126.78,69.98,92.76,121.02,3.82,17.28,31.68,34.25,9.61,69.28,14.08,29.55,73.91,7.01,50.44,1.86,54.64,6.57,26.91,68.68,2.96,34.8,-0.58
156.91,9.94,76.17,120.93,93.46,102.68,102.98,3.93,14.31,25.14,39.53,7.77,62.25,13.04,27.47,70.97,6.33,52.93,2.36,47.61,4.67,28.33,60.7,1.98,35.98,-0.49
158.39,8.17,30.62,120.4,97.39,101.95,102.12,1.95,8.18,24.19,42.9,11.14,59.3,12.69,29.5,70.88,6.71,55.43,3.01,44.04,3.35,34.65,61.72,2.23,39.72,-0.17
196.08,12.76,60.9,143.04,89.68,112.03,160.32,5.44,22.75,44.24,52.67,17.73,70.16,17.65,30.17,80.99,12.36,55.21,3.79,55.41,8.43,28.77,76.38,5.61,47.87,0.81
176.91,16.33,73.5,126.4,87.33,97.66,137.84,6.01,20.51,35.53,48.18,15.54,72.78,17.5,31.95,84.22,13.21,56.02,3.84,58.62,8.71,27.83,69.9,4.13,43.73,0.27
144.46,7.3,41.18,115.11,83.61,95.58,98.85,1.86,11.95,24.67,39.13,8.56,56.31,12.67,28.04,65.7,6.71,47.4,1.81,45.77,4.24,29.23,58.77,2.33,37.95,-0.42
138.12,7.86,79.35,118.81,72.66,98.33,108.71,3.36,17.32,30.62,43.31,14.89,59.89,11.39,28.9,64.78,6.37,45.69,1.4,50.25,5.24,28.66,60.32,2.54,38.67,-0.33
168.1,12.38,60.88,130.11,65.32,89.77,148.46,4.21,19.18,44.61,46.06,15.54,66.1,15.02,30.23,81.59,12.97,48.16,2.06,53.38,7.13,30.36,73.68,5.18,46.15,0.59
178.26,15.76,57.23,119.72,78.41,85.52,150.31,5.07,18.63,39.31,50.61,13.61,79.22,19.4,30.72,98.4,14.54,59.59,3.63,57.17,8.99,28.6,79.8,4.56,49.22,0.73
134.99,10.9,82.4,118.4,74.5,93.44,97.09,4.19,13.63,25.23,36.66,8.48,61.09,11.66,29.32,68.05,6.78,46.75,1.5,51.27,5.19,25.65,57.35,1.91,32.4,-0.96
140.79,8.13,82.25,121.23,75.35,92.8,101.87,2.93,13.92,27.05,36.57,8.16,60.66,12.34,28.27,65.68,6.6,47.07,1.71,50.91,5.57,25.22,60.36,2.54,33.79,-0.89
152.73,9.23,82.91,115.72,82.04,90.93,109.46,3.33,15.79,27.91,38.86,7.98,62.04,14.15,27.29,69.04,7.38,48.12,1.9,49.99,5.94,25.75,60.67,2.5,37.52,-0.45
180.86,13.77,77.95,131.61,74.18,91.54,156.69,7.34,23.6,42.75,49.43,18.27,72.14,14.79,32.69,78.92,10.01,52.66,2.67,59.04,7.93,30.88,75.58,4.71,45.68,0.44
124.76,6.38,52.37,113.76,75.4,95.17,91.54,1.89,15.01,25.7,42.56,12.81,54.88,10.74,27.48,59.53,4.11,45.84,1.23,45.44,4.08,30.47,57.02,1.74,34.21,-0.72
142.56,7.67,79.28,114.07,83.96,91.02,99.13,3.25,12.97,24.62,40.7,8.42,56.59,11.04,27.25,65.22,6.39,47.0,1.67,48.29,4.83,26.29,58.74,2.26,35.51,-0.68
151.9,13.84,77.52,124.95,76.97,97.36,121.41,6.1,18.36,34.92,46.41,15.34,67.74,14.76,29.02,74.47,8.46,50.82,2.31,55.71,7.64,25.71,65.65,3.04,40.5,-0.1
176.47,17.19,74.3,128.75,87.34,96.74,129.1,7.59,17.86,33.12,39.88,9.8,71.92,14.47,31.92,80.89,9.51,55.37,2.93,56.61,6.79,27.43,70.05,3.33,38.92,-0.24
132.11,6.16,29.0,112.71,78.01,91.56,95.06,1.64,8.79,25.29,42.47,12.04,52.65,11.21,26.26,60.36,4.28,46.51,1.37,43.43,3.66,30.23,59.2,2.01,37.69,-0.39
146.67,8.83,72.8,111.04,92.24,92.31,95.37,2.54,14.1,22.06,41.15,8.16,59.75,12.6,28.66,63.45,6.22,50.66,2.65,47.77,4.48,27.68,56.78,2.09,37.33,-0.5
165.41,9.01,41.93,122.11,84.62,91.21,133.71,3.22,15.92,37.09,54.05,16.76,63.12,13.72,31.11,77.31,10.22,50.33,2.34,49.73,5.04,33.07,70.16,4.05,46.63,0.59
169.09,16.23,80.44,130.69,72.68,90.57,133.55,7.83,16.38,36.32,36.73,8.58,69.17,14.17,32.4,80.74,11.29,51.77,2.63,58.8,7.5,28.45,67.94,3.6,39.01,-0.27
192.29,20.14,68.88,134.36,86.25,100.74,151.26,7.74,19.94,39.14,44.75,13.02,81.09,18.29,34.06,95.35,14.83,60.41,4.09,62.82,9.48,28.73,77.54,4.59,44.74,0.32
139.26,6.92,45.91,118.0,74.14,93.36,99.11,1.96,13.26,25.52,34.69,7.74,58.09,11.99,27.53,67.78,5.51,47.14,1.32,46.35,4.31,30.42,59.77,1.86,33.26,-0.73
131.15,12.69,82.43,114.18,74.94,95.58,100.92,5.57,16.68,28.14,44.8,14.84,60.4,11.68,28.33,65.1,5.51,46.91,1.44,51.11,5.72,25.58,59.75,2.1,34.45,-0.7
168.68,11.23,49.6,121.81,90.67,95.6,134.28,3.9,18.45,36.3,57.15,19.24,70.95,16.93,30.49,84.23,9.32,59.77,3.46,53.19,6.82,29.21,76.83,3.89,49.05,0.67
154.67,13.52,84.64,111.86,89.39,90.16,109.41,4.95,14.84,26.76,44.24,8.81,66.58,15.15,27.98,75.47,8.0,53.73,2.71,52.23,6.75,24.21,62.71,2.39,37.5,-0.39
150.44,11.72,80.03,116.87,87.84,96.94,111.81,4.73,16.15,29.51,49.21,13.84,69.11,13.42,29.72,76.03,7.21,56.26,2.81,52.1,5.69,28.79,65.95,2.47,40.08,-0.12
149.9,9.88,78.78,118.94,85.08,99.87,102.12,3.55,13.47,24.74,37.38,7.26,64.69,13.93,27.58,73.54,7.24,52.15,2.3,49.69,5.59,25.7,60.24,2.0,34.1,-0.69
157.88,11.99,80.37,119.28,84.82,94.12,121.86,4.86,18.15,32.51,48.88,13.88,65.95,14.81,29.25,75.31,9.46,51.24,2.58,53.66,6.75,26.53,66.85,3.48,42.62,0.13
149.65,8.43,73.0,126.61,71.26,104.47,123.34,3.3,19.26,37.44,45.27,17.04,63.05,14.22,27.39,72.78,8.41,46.41,1.49,51.22,6.41,26.89,67.34,3.5,42.47,0.11
158.13,11.6,40.42,129.02,80.86,106.75,119.14,3.09,13.94,32.47,41.99,12.67,65.63,15.69,29.66,81.25,10.23,53.18,2.68,48.67,5.71,31.27,66.37,3.0,40.65,-0.08
152.29,10.72,74.21,122.68,94.07,107.09,105.53,3.53,16.94,27.28,47.43,13.05,63.92,14.42,28.93,71.07,7.43,54.3,3.06,50.36,5.6,26.51,62.56,2.58,40.16,-0.14
148.07,13.15,76.7,121.07,80.9,99.97,111.79,5.41,16.39,30.29,44.64,13.46,68.55,13.23,29.48,76.41,7.17,53.42,2.25,52.54,5.86,28.1,65.09,2.32,37.93,-0.29
147.94,12.85,75.99,128.59,68.88,97.27,116.03,5.3,16.38,32.34,37.02,12.04,66.69,13.77,30.22,77.08,8.8,48.43,1.69,56.14,6.9,25.99,64.45,2.69,35.83,-0.55
156.79,11.66,44.93,129.74,68.25,96.55,123.72,3.31,16.38,34.05,35.26,10.37,66.52,16.65,27.93,78.5,8.78,49.55,1.86,50.78,7.01,27.67,68.91,3.2,37.96,-0.34
169.54,15.54,71.19,134.68,77.31,102.01,129.85,6.45,17.67,35.5,37.37,9.83,71.85,15.22,30.76,85.14,10.92,52.27,2.33,57.66,7.4,26.04,70.34,3.39,38.24,-0.3
159.58,12.93,80.41,119.66,77.32,95.29,129.43,5.72,18.57,36.04,47.07,13.4,66.38,13.4,31.79,73.64,9.37,50.25,2.44,55.71,6.9,29.5,66.3,3.55,42.09,0.07
157.61,11.76,46.17,115.7,79.78,89.24,128.56,3.57,17.39,34.47,51.12,16.58,65.39,14.99,29.98,73.51,9.34,50.44,2.51,50.48,6.2,31.4,66.49,3.6,43.85,0.28
137.16,7.8,35.7,118.12,70.46,94.16,103.42,2.33,11.25,27.53,38.13,11.91,59.64,12.63,28.07,68.51,5.88,46.66,1.27,47.62,4.74,30.41,63.22,2.35,35.33,-0.56
159.8,11.22,76.38,130.35,65.76,96.57,141.42,5.14,20.88,44.05,47.29,18.66,69.75,14.94,30.97,79.99,11.26,50.23,2.35,58.35,8.4,28.91,71.54,4.33,44.22,0.32
135.03,7.49,75.59,123.62,76.45,103.5,99.62,2.56,17.21,28.83,41.16,12.71,58.27,12.95,26.66,63.92,5.5,46.56,1.47,48.18,5.53,25.72,59.06,2.13,35.39,-0.66
169.72,11.34,40.79,123.55,82.46,93.37,127.96,3.05,14.32,32.28,41.07,9.76,63.12,16.09,28.74,81.66,12.76,49.42,2.35,48.87,6.07,29.33,66.57,3.72,41.78,0.04
185.19,13.39,44.28,130.68,87.81,97.93,145.71,3.93,16.62,37.73,48.42,16.05,69.09,17.59,30.38,84.58,11.45,55.2,3.13,50.76,6.54,31.31,75.2,4.43,45.53,0.42
155.38,10.65,37.82,124.9,82.55,103.75,117.05,2.91,12.98,32.02,44.5,12.78,65.94,14.28,29.89,77.45,8.23,53.84,2.56,47.39,4.65,34.97,66.77,2.79,41.08,-0.04
174.28,16.23,63.09,142.29,81.15,113.48,134.22,6.3,19.34,37.66,40.57,13.51,78.42,16.96,31.18,89.42,10.89,58.6,3.23,59.66,8.41,25.76,75.27,3.66,40.09,-0.12
178.82,11.97,71.98,133.46,79.63,96.96,134.82,4.13,16.53,34.15,35.6,8.98,69.3,16.85,30.1,85.58,15.02,51.09,2.86,55.39,7.85,27.17,67.91,4.12,40.52,-0.12
132.38,6.15,42.86,114.57,79.84,96.14,93.86,1.65,12.01,24.86,41.75,11.56,56.0,10.33,28.01,63.3,4.29,48.86,1.54,43.98,3.01,35.14,57.87,1.57,36.62,-0.41
136.74,6.11,46.99,109.3,84.99,92.56,91.08,1.73,11.97,22.37,39.73,6.98,54.49,10.73,27.94,62.29,5.53,46.91,1.65,45.75,4.06,28.58,57.16,2.03,34.63,-0.78
174.1,13.21,76.06,126.35,73.49,92.85,143.6,4.93,19.38,38.44,43.02,12.52,75.21,18.35,30.68,89.66,13.89,54.42,3.11,59.15,9.6,27.66,73.41,4.31,43.43,0.21
154.6,16.08,75.6,126.64,73.07,97.34,121.51,6.33,19.23,33.41,39.91,13.18,67.31,14.26,32.49,75.36,10.36,49.92,2.46,57.06,6.88,27.92,64.76,3.4,38.95,-0.31
164.11,14.72,54.22,130.27,65.5,92.53,140.19,4.63,18.8,40.57,41.49,14.5,72.98,16.91,31.88,90.99,14.79,52.26,2.64,56.74,8.23,30.06,74.41,4.56,43.55,0.22
149.78,9.13,78.49,116.56,79.8,94.11,117.08,3.47,19.38,31.52,47.3,15.49,64.48,14.83,27.16,70.85,6.92,49.92,2.01,51.35,6.58,25.88,66.24,2.95,40.74,-0.07
170.05,12.54,73.56,135.5,63.98,97.34,146.11,5.49,19.9,42.76,39.93,14.08,74.58,15.89,33.07,90.08,14.12,52.89,2.71,61.55,8.62,29.14,75.28,4.61,43.23,0.18
144.56,11.39,83.27,116.9,73.79,91.05,108.53,4.63,17.77,28.55,37.84,10.1,60.15,12.4,28.36,64.59,6.56,45.59,1.45,51.54,5.59,25.74,60.53,2.69,36.55,-0.6
138.88,7.01,39.44,116.38,77.73,93.42,96.87,1.86,11.05,23.89,36.74,8.44,56.87,11.82,28.25,66.78,6.03,47.21,1.51,46.78,4.49,28.94,60.16,2.18,33.45,-0.81
178.47,18.67,68.87,135.34,82.75,102.94,140.21,8.06,17.89,37.98,43.94,13.36,73.28,16.74,30.73,89.58,13.22,54.72,3.02,58.76,8.72,26.42,71.3,3.77,41.62,0.01
145.17,7.76,37.08,113.89,85.14,92.4,97.56,1.91,10.5,24.0,38.89,7.5,57.42,12.53,28.7,64.55,6.56,48.55,2.14,45.67,4.05,30.28,57.9,2.26,37.76,-0.45
131.62,7.5,64.08,116.12,71.88,96.5,96.37,2.13,14.92,25.39,37.25,10.78,57.86,12.13,27.6,61.22,5.53,44.92,1.3,48.97,5.09,25.38,59.44,2.51,34.02,-0.91
151.04,8.59,62.71,116.15,89.06,91.53,109.76,2.76,18.71,28.6,48.0,13.43,62.98,14.76,26.98,70.89,6.07,54.03,2.51,47.36,5.24,28.47,63.39,2.24,40.68,-0.07
190.53,19.49,52.65,134.75,73.62,88.66,157.26,5.97,19.63,41.09,39.72,9.64,88.42,20.25,35.9,108.86,17.77,65.45,4.57,61.72,9.69,31.65,85.73,5.23,48.01,0.56
152.4,10.87,77.59,127.59,71.13,97.82,112.23,4.63,14.37,30.68,30.97,5.27,67.38,14.58,27.97,80.62,9.49,48.96,1.75,56.09,7.33,21.36,64.36,2.58,30.18,-1.1
151.06,9.72,74.2,124.13,85.12,105.34,105.67,3.93,15.99,27.48,39.76,9.91,60.71,13.48,26.72,68.39,6.92,48.64,1.94,50.39,5.82,23.98,62.07,2.62,36.27,-0.58
173.61,12.39,72.44,134.61,64.05,99.32,149.02,5.96,19.48,44.3,38.92,11.65,68.63,14.97,32.41,81.83,12.87,49.56,2.34,59.05,7.96,29.54,73.61,5.07,43.12,0.2
167.23,11.86,74.32,124.79,99.21,102.88,107.35,4.05,14.47,25.71,39.12,7.6,70.53,14.88,29.59,80.37,8.38,60.31,3.6,49.67,5.3,28.89,63.65,2.2,36.56,-0.41
146.94,8.86,61.15,128.1,75.87,102.38,109.56,2.77,18.61,31.13,38.84,12.47,64.19,13.56,30.13,72.67,6.92,50.79,2.0,49.79,5.3,30.86,64.02,2.44,36.93,-0.41
135.62,6.96,72.34,117.8,72.1,93.64,103.27,2.76,14.48,28.44,39.96,10.72,58.83,11.94,26.24,67.86,5.74,44.91,0.98,47.67,4.84,28.19,60.38,2.01,35.48,-0.56
151.85,9.66,37.14,122.97,76.68,101.66,106.48,2.34,11.49,26.12,31.73,6.2,60.78,12.83,30.32,70.03,8.04,47.99,1.9,48.83,4.73,30.22,60.95,2.62,35.37,-0.7
147.84,8.02,76.68,123.05,74.28,97.51,112.85,3.19,17.4,30.91,39.17,11.36,60.84,12.79,27.6,65.88,6.45,46.22,1.48,50.22,5.72,27.03,61.81,2.68,37.69,-0.43
169.74,13.03,49.68,129.71,80.3,101.19,127.07,3.49,17.23,32.11,37.62,10.85,70.2,17.75,28.99,85.12,10.67,54.94,2.87,51.02,7.0,28.36,70.04,3.31,39.91,-0.15
166.14,8.87,58.72,127.89,83.22,95.93,122.67,2.96,17.04,32.26,40.02,10.35,64.82,14.31,29.71,78.26,9.15,51.35,2.26,49.1,5.26,31.58,66.42,2.96,39.85,-0.16
164.75,11.82,75.19,133.37,64.15,95.67,139.27,4.47,22.2,39.72,39.07,16.3,77.27,17.32,30.24,84.25,9.29,53.55,2.31,57.86,8.75,28.04,77.24,3.94,41.1,-0.03
142.93,7.0,38.9,111.67,77.91,89.7,108.55,2.16,13.16,28.69,44.85,11.92,55.86,12.33,27.5,65.63,7.16,44.99,1.36,46.1,4.42,29.69,61.29,2.92,41.39,-0.01
149.22,13.14,77.29,127.82,72.51,98.24,113.44,5.7,17.95,30.65,36.58,12.11,64.91,12.66,28.96,70.69,6.85,47.46,1.5,53.6,6.14,26.18,62.58,2.41,35.13,-0.61
165.15,13.22,59.53,139.28,78.87,111.84,131.85,3.9,20.28,38.7,45.09,17.87,69.83,17.75,29.15,83.85,11.27,54.15,2.96,52.08,7.57,28.56,70.34,3.67,43.13,0.17
150.14,7.83,57.15,120.72,72.41,91.58,115.86,2.65,16.84,31.8,38.63,10.0,61.13,12.4,29.75,70.85,8.03,45.85,1.38,49.44,4.99,30.97,63.11,2.88,38.77,-0.3
143.71,8.3,44.09,121.19,71.58,95.73,108.86,2.55,14.89,30.84,37.84,10.17,61.78,13.1,29.26,71.4,7.13,47.35,1.49,48.59,4.99,31.09,63.35,2.54,37.07,-0.43
134.84,11.12,88.57,112.13,76.48,88.99,107.23,4.88,16.5,29.89,49.05,16.1,60.11,12.16,26.71,65.27,5.6,46.81,1.45,50.52,5.95,25.66,60.37,2.21,38.98,-0.26
145.35,9.02,71.42,129.15,75.37,106.8,103.09,3.73,13.26,28.18,33.05,6.42,64.37,12.37,29.42,73.69,7.96,49.59,1.95,52.22,5.56,25.77,60.5,2.19,31.41,-1.0
172.11,11.81,73.47,129.93,70.75,98.15,144.88,5.25,20.11,40.39,43.29,14.48,71.75,15.11,32.5,87.32,13.05,51.4,2.38,57.56,7.59,30.34,72.52,4.13,43.39,0.2
168.31,13.37,74.79,128.11,76.82,95.62,131.65,4.89,18.69,35.59,40.08,10.98,72.85,17.39,29.61,81.78,11.16,53.28,2.93,58.07,8.9,25.69,70.0,3.82,40.33,-0.13
150.04,10.36,74.01,130.57,69.65,99.36,116.63,3.66,18.0,32.67,36.34,12.33,65.43,14.19,30.26,73.45,9.47,47.52,1.86,54.67,6.53,26.46,65.19,3.43,37.17,-0.52
169.59,12.01,74.04,131.92,69.85,94.32,139.12,5.67,17.87,38.53,39.25,11.89,70.35,15.06,30.87,88.13,13.33,50.05,2.12,57.63,7.55,27.64,71.64,3.98,41.44,-0.01
163.62,10.23,69.67,130.45,79.47,102.46,127.98,3.97,20.05,35.16,43.64,15.45,66.26,14.67,30.02,74.47,9.72,50.46,2.53,53.39,6.88,28.46,66.5,3.62,41.16,-0.04
170.68,12.88,70.75,133.05,76.64,99.65,139.73,4.76,26.04,40.03,45.68,18.18,72.19,16.82,32.0,78.59,11.05,53.09,3.11,57.26,8.3,29.24,71.7,4.5,44.27,0.33
140.58,8.13,71.98,126.02,74.34,104.56,103.95,2.56,14.92,28.86,37.88,10.49,63.03,13.31,27.35,68.08,6.09,48.63,1.72,49.1,5.47,27.66,60.74,2.16,34.98,-0.63
138.66,8.34,72.69,125.48,73.48,104.97,103.51,3.02,16.54,29.81,38.37,11.86,60.33,12.62,28.21,64.91,6.57,46.13,1.55,50.89,5.68,25.5,60.24,2.6,35.46,-0.72
166.94,9.69,70.31,126.41,89.81,98.27,121.41,3.23,18.49,31.05,44.49,13.22,64.91,15.74,28.32,73.94,8.9,52.02,2.75,50.35,6.19,27.38,66.36,3.38,41.97,0.06
149.29,7.89,72.84,125.11,78.82,100.72,109.45,2.56,15.64,28.6,39.3,11.66,59.7,13.77,27.38,69.13,7.89,46.69,1.68,49.23,5.66,26.25,61.83,2.85,38.36,-0.38
148.32,8.9,50.65,123.59,82.05,99.61,104.59,2.47,14.94,27.22,39.16,11.57,62.43,14.11,29.08,70.89,7.01,51.59,2.34,48.84,5.37,27.97,62.94,2.5,36.26,-0.52
157.61,8.92,74.39,116.96,91.18,96.91,106.04,3.22,16.57,24.9,39.67,9.55,61.52,12.53,29.0,66.25,6.29,51.33,2.49,48.79,4.7,28.92,60.62,2.38,37.5,-0.43
154.4,10.71,76.22,125.2,78.96,97.62,113.83,3.85,14.96,29.85,38.24,9.54,71.44,14.74,30.22,84.33,9.62,54.82,2.57,53.24,6.38,27.86,66.5,2.56,35.97,-0.47
163.82,11.55,42.05,123.02,86.83,98.3,115.32,2.73,13.43,28.33,38.65,8.89,63.81,15.68,28.08,74.47,8.78,52.69,2.82,47.56,5.47,29.36,64.26,2.94,39.51,-0.22
156.33,10.97,41.24,123.58,74.83,95.34,116.78,2.89,13.95,30.71,35.77,7.78,65.28,14.72,30.05,86.0,11.48,50.91,2.12,49.88,5.68,30.81,66.57,2.91,37.66,-0.36
153.04,9.01,64.08,129.69,85.97,109.7,104.96,2.42,15.19,27.44,38.3,9.68,61.87,13.85,29.28,71.58,9.08,50.24,2.59,48.58,5.09,28.85,59.58,2.57,38.01,-0.43
145.82,9.01,37.3,123.48,82.11,102.03,99.16,2.27,10.31,25.24,36.99,9.09,62.53,13.36,30.15,69.32,6.75,52.02,2.48,47.98,4.67,30.63,61.42,2.35,34.47,-0.7
150.99,9.01,37.05,120.48,79.89,91.84,113.05,2.76,12.55,30.58,43.42,12.27,63.75,13.93,30.02,76.28,7.85,52.37,2.27,48.33,4.92,32.2,67.39,2.86,40.38,-0.1
134.33,6.76,69.92,115.56,79.3,94.11,93.89,2.29,13.02,24.05,39.02,8.23,56.45,10.79,27.87,61.7,5.49,46.35,1.56,47.4,4.25,27.61,56.75,2.01,35.28,-0.72
179.92,16.4,62.15,141.67,65.19,98.83,162.74,5.74,22.94,51.18,47.68,19.02,83.65,18.49,33.55,101.96,14.93,59.38,3.3,60.76,9.0,31.27,87.2,5.42,52.22,0.94
169.37,19.66,78.59,121.4,90.63,93.39,129.07,7.15,17.21,33.84,50.4,13.23,77.62,16.65,33.02,91.78,11.42,61.91,3.79,59.55,8.04,26.68,73.09,3.29,43.74,0.19
157.02,8.67,83.21,117.76,75.05,91.22,124.15,3.52,18.74,33.15,42.38,12.34,61.22,13.48,28.26,68.46,8.12,46.11,1.63,50.63,5.89,27.71,65.7,3.71,42.48,0.13
156.54,13.17,46.81,128.76,64.04,95.01,130.28,4.02,18.18,36.95,37.95,14.36,72.24,15.8,31.25,79.59,9.01,50.78,2.02,55.01,7.0,29.71,74.03,3.9,41.41,-0.01
165.91,12.47,74.41,127.37,88.91,99.65,116.34,5.39,14.92,29.95,39.15,8.39,65.18,13.12,30.14,77.99,9.87,52.3,2.65,51.72,5.54,28.44,62.67,2.63,38.55,-0.31
147.96,8.3,75.23,129.36,73.27,100.56,108.66,2.87,15.09,28.95,34.16,9.03,64.48,14.5,26.48,72.01,6.41,49.07,1.64,49.93,6.11,25.76,62.76,2.18,33.35,-0.73
164.93,9.61,58.42,127.29,96.99,106.22,115.77,2.85,17.25,29.74,48.33,14.09,65.61,15.63,28.21,75.16,8.17,56.51,3.37,48.83,5.61,28.34,66.86,3.04,42.56,0.11
183.29,16.0,77.16,125.0,86.71,90.28,147.39,5.72,24.2,37.51,50.7,16.69,78.49,19.02,31.74,88.15,11.98,59.36,3.86,59.45,9.29,28.09,75.34,4.2,47.15,0.56
158.16,8.48,78.47,122.25,87.95,98.97,120.22,3.92,17.94,32.11,49.94,15.73,59.61,13.29,27.23,67.07,7.34,48.78,2.2,49.35,5.79,27.3,63.2,3.13,42.38,0.11
167.06,11.22,39.37,122.04,79.49,92.63,132.16,3.22,14.62,34.73,45.1,14.06,62.03,15.41,28.52,73.85,9.62,48.65,2.15,48.88,5.73,29.67,69.96,4.32,44.96,0.43
149.43,9.4,54.43,130.84,73.59,105.56,112.66,2.57,15.31,32.58,37.25,9.57,61.18,14.37,27.04,72.62,8.34,47.49,1.72,48.66,5.74,27.15,64.28,3.0,38.42,-0.34
150.82,15.47,70.28,130.81,73.32,105.24,109.48,6.35,14.72,28.51,31.8,7.67,68.11,13.36,28.67,76.33,7.43,49.73,1.7,53.23,6.32,24.97,61.42,1.98,30.54,-0.95
150.85,11.32,74.78,123.35,80.77,102.22,104.5,3.8,14.49,26.88,34.51,7.06,69.15,13.95,30.35,78.02,7.94,54.23,2.5,51.31,5.57,28.25,61.66,2.01,32.8,-0.74
151.35,12.98,71.34,130.86,69.43,104.43,117.83,5.01,16.36,34.89,35.53,8.62,69.56,15.2,30.09,79.98,10.82,50.62,2.37,57.89,7.94,25.48,64.61,3.02,35.97,-0.61
161.2,15.07,78.79,124.61,71.04,90.7,134.49,7.08,21.96,37.91,44.15,15.57,72.46,15.83,29.48,76.37,8.41,51.66,2.32,59.57,9.05,25.84,70.68,3.56,40.49,-0.1
147.88,10.57,74.52,126.72,79.85,103.52,110.04,4.51,15.07,30.43,41.91,11.84,63.77,12.37,29.26,74.46,7.86,49.78,1.91,50.85,5.3,28.83,62.17,2.32,37.65,-0.36
136.35,8.21,52.81,121.61,73.94,99.51,93.83,2.12,13.0,24.97,32.06,4.36,62.77,12.9,28.32,71.73,6.01,49.86,1.66,46.91,4.4,31.48,57.77,1.51,29.37,-1.02
146.06,8.52,68.03,121.68,66.78,92.78,115.33,2.98,15.04,32.89,36.69,8.98,63.95,12.87,29.88,78.94,10.59,46.98,1.58,52.28,5.83,28.46,64.58,3.03,37.68,-0.41
133.31,9.23,79.25,118.15,81.78,100.8,91.19,3.47,13.83,23.28,39.66,9.09,59.91,11.45,28.12,64.17,5.41,49.1,1.91,47.45,4.46,27.83,55.41,1.58,32.66,-0.9
142.38,8.41,40.86,119.2,73.95,92.54,101.29,2.29,11.89,26.55,34.02,5.49,63.53,13.48,28.33,80.56,8.02,50.28,1.68,47.5,4.7,31.44,62.28,1.95,33.02,-0.68
147.41,9.75,84.15,118.49,74.18,89.6,118.42,4.73,19.23,32.41,45.22,16.02,60.88,12.28,28.88,68.06,7.55,45.34,1.36,51.73,5.6,27.44,64.73,3.33,41.23,-0.03
140.12,7.59,79.06,118.02,70.61,92.27,110.02,2.85,16.41,31.05,40.7,11.73,59.15,11.8,28.09,64.51,6.57,44.96,1.31,49.72,5.47,27.94,60.55,2.7,38.41,-0.38
143.37,8.66,83.53,113.37,80.23,90.95,97.18,3.85,13.79,22.67,34.11,6.66,60.59,12.53,27.11,64.33,5.34,48.37,1.74,47.36,5.14,26.49,57.34,1.8,29.34,-1.25
175.94,13.09,73.5,134.97,66.83,94.84,144.45,5.0,19.29,39.08,35.02,9.65,73.08,16.86,31.94,85.71,14.02,52.21,2.92,60.59,9.04,28.06,71.89,4.56,41.31,-0.02
162.07,9.52,45.24,115.89,77.5,85.56,123.27,3.06,15.84,30.05,40.02,9.8,64.41,14.25,30.65,76.8,10.64,48.79,2.12,50.65,5.61,30.57,66.77,3.67,41.08,-0.05
165.04,14.11,68.99,137.27,74.28,102.35,127.49,6.2,15.99,35.86,36.64,10.21,72.64,15.06,31.59,92.82,11.85,54.56,2.42,58.17,7.35,26.21,71.9,3.14,37.49,-0.32
155.15,9.29,35.2,124.08,81.9,98.71,114.94,2.38,11.87,30.92,42.22,11.68,58.21,14.11,27.11,71.54,7.79,48.62,1.92,45.95,4.82,29.76,64.92,3.02,40.68,-0.09
168.85,11.76,77.74,124.95,79.33,92.48,138.51,4.6,19.52,37.91,48.99,15.82,69.76,16.35,29.85,79.25,11.15,52.38,2.92,55.57,8.23,28.1,69.65,4.07,44.23,0.33
146.31,10.36,82.9,123.5,64.56,91.32,123.35,4.34,23.86,36.99,41.73,17.3,66.5,13.25,31.18,69.42,7.65,46.47,1.53,55.87,6.63,28.24,68.34,3.8,40.66,-0.09
155.07,9.34,72.25,130.5,75.67,103.42,117.03,3.29,16.57,32.67,37.76,10.22,64.56,15.24,27.71,75.49,9.17,48.11,1.83,52.17,6.84,25.38,64.86,3.06,37.74,-0.41
168.38,14.05,70.33,132.64,76.48,101.01,133.15,5.16,20.52,36.7,41.25,14.1,72.49,17.21,30.54,82.5,11.49,52.97,2.85,58.34,8.29,26.13,71.92,4.16,42.07,0.07
148.87,11.78,53.67,118.92,72.25,93.34,130.24,3.93,20.76,39.36,53.85,21.47,66.95,15.2,28.67,72.54,8.18,49.26,2.06,51.98,6.98,29.73,69.2,3.74,45.31,0.43
139.98,10.26,39.32,121.04,71.15,99.59,106.19,2.74,13.1,29.48,37.73,10.3,61.59,13.74,28.77,68.56,7.93,46.86,1.75,48.64,5.48,29.35,60.75,2.74,37.39,-0.5
151.98,9.09,45.78,119.15,88.11,95.76,101.52,2.29,13.05,24.34,38.57,7.74,63.36,13.25,30.29,70.19,7.42,52.98,2.83,47.65,4.41,31.69,60.08,2.29,37.16,-0.46
163.38,12.84,50.84,118.8,79.0,87.77,131.31,3.87,18.89,33.86,47.34,15.56,67.0,16.21,30.52,77.54,11.4,50.54,2.67,52.38,7.01,29.83,68.28,4.13,43.69,0.28
178.62,14.38,79.42,133.76,73.48,89.99,149.56,6.96,19.78,41.52,44.26,13.14,74.84,15.71,32.57,86.81,12.31,54.43,2.93,60.67,8.38,28.94,76.6,4.67,44.13,0.27
201.54,21.12,57.04,137.58,80.06,99.29,164.93,6.46,20.39,41.95,42.16,12.23,83.6,21.07,36.03,102.28,20.53,63.06,5.41,61.72,10.35,32.28,81.97,6.2,47.45,0.68
182.38,19.17,72.34,130.12,76.76,99.14,157.48,9.18,20.72,43.78,51.48,18.34,74.59,16.43,33.11,91.69,15.0,54.9,3.21,62.23,9.15,28.87,76.0,4.83,46.54,0.55
147.6,7.71,50.91,123.43,81.6,100.5,104.35,2.19,15.6,28.1,39.16,10.26,59.47,13.39,27.3,68.41,6.43,49.08,1.88,47.01,4.81,28.34,62.16,2.44,37.31,-0.42
171.95,10.67,50.96,123.75,84.28,91.62,130.93,3.5,17.37,32.88,44.18,12.22,68.98,16.55,30.29,87.94,11.6,55.01,2.84,51.37,6.45,29.87,71.61,3.51,43.29,0.17
146.8,12.11,78.55,121.04,80.36,98.63,109.42,5.16,17.25,29.35,42.9,13.34,62.1,13.02,28.7,67.55,7.03,48.51,1.99,51.92,6.02,25.96,60.66,2.53,38.0,-0.4
142.31,7.67,61.74,120.06,75.59,91.24,107.42,2.6,16.82,28.9,41.13,12.16,59.73,13.07,27.45,68.09,6.56,46.59,1.44,49.27,5.33,26.68,63.98,2.79,37.99,-0.37
143.47,12.99,78.17,122.57,75.81,99.54,101.89,5.79,14.65,28.13,34.08,5.93,65.4,13.64,27.98,72.66,6.98,49.51,1.81,49.63,5.97,25.34,58.39,1.77,29.54,-1.14
131.81,7.81,83.08,117.19,74.94,96.56,98.73,3.04,16.74,27.33,42.01,12.69,58.02,12.59,25.86,62.8,4.84,45.75,1.22,48.52,5.47,24.9,58.95,1.97,34.99,-0.66
142.46,11.29,84.38,113.74,90.62,93.97,92.94,3.68,14.06,21.82,41.25,9.18,60.49,11.73,29.85,64.45,5.88,51.12,2.48,49.32,4.52,26.87,57.03,1.91,34.74,-0.73
136.95,6.09,45.29,112.44,87.33,95.91,92.82,1.53,12.0,22.64,43.86,10.94,53.85,11.62,26.32,61.46,4.88,48.3,1.83,43.84,3.87,29.19,56.7,1.82,37.45,-0.44
183.78,16.53,40.43,129.21,79.39,90.13,159.61,5.38,16.56,43.02,54.66,21.11,73.11,18.91,31.6,83.82,12.51,55.52,3.57,54.49,8.19,31.48,79.5,5.81,49.4,0.93
135.22,7.65,33.18,114.08,79.68,96.88,101.74,2.25,10.88,27.93,47.87,16.09,57.17,13.29,27.09,67.9,5.58,50.01,1.86,44.88,4.41,30.34,62.14,2.18,40.15,-0.12
148.11,13.5,73.91,127.41,70.57,101.17,114.44,5.12,19.44,32.4,36.81,11.69,64.23,13.78,29.72,69.94,8.16,46.69,1.67,55.19,6.51,25.34,63.8,3.17,35.61,-0.7
161.01,12.14,75.43,131.1,65.34,96.17,128.53,4.47,16.51,34.69,32.62,8.19,76.92,15.98,30.77,87.66,10.68,53.19,2.3,59.12,8.34,27.04,71.25,3.21,36.1,-0.46
150.78,10.97,79.19,124.76,70.42,93.91,122.1,4.15,18.61,35.51,41.8,12.99,66.11,14.67,30.83,76.16,10.75,48.6,2.17,55.46,7.22,27.52,65.61,3.59,40.44,-0.13
160.52,8.04,38.55,119.12,95.67,94.74,106.62,2.1,11.35,25.59,42.63,11.06,59.73,12.54,30.19,70.42,6.92,53.53,2.74,45.69,3.69,33.48,62.33,2.42,40.3,-0.12
163.95,12.27,75.73,122.83,91.37,99.01,116.09,4.9,15.85,29.25,43.43,10.55,67.83,14.96,27.88,77.73,7.98,54.89,2.7,50.55,6.05,27.09,65.17,2.5,38.64,-0.26
176.87,16.45,58.42,131.66,74.5,96.94,153.26,5.38,23.64,43.76,50.72,19.31,74.72,18.76,31.56,85.96,13.61,54.43,3.37,56.72,8.76,29.8,77.69,5.54,49.38,0.95
134.44,8.84,88.0,110.86,75.83,87.88,102.58,3.9,17.65,27.34,44.07,14.01,57.32,11.65,27.06,60.42,5.13,44.99,1.28,50.0,5.51,24.94,59.97,2.52,36.89,-0.55
169.8,11.07,63.45,136.88,71.24,100.44,134.86,3.86,18.12,37.49,37.28,11.61,71.14,17.79,28.75,89.66,11.73,52.35,2.28,55.0,8.1,25.92,76.09,4.07,40.8,-0.06
172.03,13.36,69.65,133.07,72.6,102.34,143.32,5.01,21.43,40.72,44.31,16.57,74.73,16.35,35.02,85.09,13.56,55.33,3.59,59.06,8.03,31.64,73.91,4.86,45.86,0.51
164.12,12.54,39.73,123.87,85.27,96.25,123.46,3.35,13.79,31.88,45.05,13.71,66.75,15.11,32.51,78.52,10.86,53.19,3.05,50.65,5.53,32.6,68.37,3.8,43.1,0.18
148.48,9.2,61.56,122.17,70.2,95.21,111.5,2.95,13.92,29.27,33.86,7.11,66.74,14.48,28.74,78.94,8.27,49.84,1.75,51.9,6.36,26.87,65.38,2.5,33.11,-0.73
151.6,8.62,77.18,119.41,79.01,93.57,119.53,3.31,20.49,33.28,47.14,15.21,61.79,14.0,27.51,66.53,6.87,47.76,1.88,50.25,6.02,27.15,65.36,3.36,42.67,0.14
156.52,10.44,67.83,117.5,92.72,97.88,110.78,3.23,17.58,27.75,47.14,12.96,68.55,15.0,29.9,75.82,7.26,58.51,3.3,49.91,5.57,29.69,64.96,2.4,40.5,-0.09
148.15,7.37,70.87,119.22,86.13,99.61,103.75,2.4,15.78,25.86,41.87,11.49,57.91,13.04,27.21,65.83,6.8,47.59,1.88,47.42,4.85,27.16,59.45,2.46,39.24,-0.27
173.83,11.66,74.24,125.16,89.07,93.92,127.49,3.83,16.82,32.23,43.08,10.49,68.89,16.21,31.05,80.17,12.22,53.96,3.48,53.0,6.63,28.72,68.02,3.99,43.26,0.22
151.6,8.26,52.05,117.67,88.06,96.97,103.55,2.19,14.14,25.4,40.92,9.05,59.59,13.69,28.45,70.48,8.69,49.5,2.42,47.32,4.77,28.42,60.45,2.72,39.62,-0.23
155.35,12.07,47.13,126.1,80.85,99.39,118.56,3.31,16.27,33.06,44.5,12.83,67.66,16.5,28.72,82.17,10.19,53.88,2.77,50.35,6.4,28.25,69.27,3.34,42.02,0.05
150.31,10.18,80.39,125.06,71.71,93.92,112.41,3.6,14.38,30.83,33.77,6.26,68.05,13.47,31.09,77.37,9.71,50.28,2.22,54.87,6.44,27.59,62.89,2.68,34.77,-0.7
141.39,12.87,77.91,123.69,78.65,99.71,108.16,5.37,16.61,31.15,45.41,14.54,64.36,12.74,29.43,73.14,7.15,50.2,1.92,52.48,5.89,27.03,62.73,2.3,37.72,-0.35
128.95,7.69,80.92,114.1,75.2,93.41,87.89,3.07,11.57,21.77,34.26,4.89,59.77,11.38,26.26,68.1,5.14,47.42,1.26,44.71,3.75,31.71,53.24,1.05,29.45,-1.02
156.71,10.65,71.49,132.13,67.88,100.95,122.74,3.78,17.36,35.51,34.04,8.18,68.35,14.05,31.55,77.55,10.36,49.22,2.11,55.98,6.64,28.01,67.67,3.63,37.68,-0.42
187.9,13.47,71.39,134.82,74.6,96.22,155.96,5.64,19.47,41.58,42.62,13.21,76.68,17.52,33.28,96.09,17.28,56.24,3.59,59.98,8.55,29.42,78.86,5.48,47.06,0.62
140.9,7.2,32.27,107.8,86.79,87.79,95.64,1.76,9.13,22.42,43.12,9.42,56.64,12.89,26.62,66.19,5.56,50.54,2.09,43.63,3.74,30.79,58.56,1.88,38.22,-0.32
145.16,8.89,73.28,121.01,73.73,94.02,111.61,3.07,17.28,31.4,40.46,11.61,64.79,14.33,27.85,73.35,6.94,49.25,1.7,50.8,6.17,27.0,64.68,2.48,37.18,-0.39
157.11,14.12,77.52,124.01,79.1,94.94,119.28,5.55,16.74,32.06,41.28,11.1,66.02,15.24,29.04,77.86,10.61,49.95,2.36,55.06,7.18,24.79,65.51,3.35,38.88,-0.31
130.23,7.79,76.78,107.74,79.59,87.77,90.64,2.85,14.93,22.54,40.18,8.77,56.51,11.12,27.9,58.57,4.72,46.47,1.64,47.29,4.74,26.35,55.45,1.87,31.87,-1.16
141.26,7.55,60.55,120.61,82.38,100.83,95.95,2.03,14.56,25.03,37.48,7.6,58.17,12.09,28.61,63.84,6.4,47.74,1.96,47.37,4.24,27.9,58.72,2.41,36.66,-0.59
166.01,11.1,77.58,125.87,81.63,94.79,118.16,3.56,14.54,28.78,33.87,6.78,70.18,15.79,30.57,83.05,11.81,53.58,2.98,54.21,6.79,26.78,65.1,3.05,37.07,-0.47
152.51,7.45,46.05,111.6,89.81,88.7,110.78,2.29,14.82,27.0,48.64,13.11,60.63,13.11,27.23,71.42,6.17,53.17,2.32,45.56,4.2,31.8,64.24,2.32,40.93,-0.05
150.25,13.04,85.82,116.71,78.89,87.37,118.42,5.96,17.92,32.48,47.1,12.62,64.28,13.65,28.23,70.13,7.44,49.43,2.1,54.13,7.04,25.28,64.9,3.05,39.8,-0.18
177.11,15.43,48.23,124.01,82.25,88.35,132.07,4.04,16.77,31.35,37.53,9.01,74.62,18.18,31.84,89.52,12.8,57.12,3.43,54.69,7.32,28.34,74.68,4.18,42.53,0.1
188.97,13.81,63.08,150.06,70.76,105.93,153.79,5.05,21.45,41.5,34.5,11.69,72.84,18.28,31.62,84.35,14.25,52.77,3.25,58.99,9.25,28.57,74.16,5.32,43.04,0.2
