url_path,views_total,views_unique
/alan-turing-institute/autoemulate,26,19
/alan-turing-institute/autoemulate/pulls,22,6
/alan-turing-institute/autoemulate/issues,16,13
/alan-turing-institute/autoemulate/pull/1013,13,2
/alan-turing-institute/autoemulate/pull/1033,10,1
/alan-turing-institute/autoemulate/blob/edwin-322-Base-Class-Design/autoemulate/emulators/base.py,7,7
/alan-turing-institute/autoemulate/tree/main,5,3
/alan-turing-institute/autoemulate/pull/1032,4,1
/alan-turing-institute/autoemulate/pull/1033/changes,4,1
/alan-turing-institute/autoemulate/tree/main/autoemulate,4,1
